/* Replaced per user request -- see conversation: original ported
 * sprite had visible artifacts even after data-patching salt-noise
 * islands; swapped for a fresh source image instead.
 * Source: https://ac.arca.live/20240815sac/66377260646ddcd605e6a638cc5b0124df000087ae1cf5b7cc2d549d0458f623.png
 * (composited onto black to match the sprite's existing convention,
 * converted to RGB565.) */
#include <stdint.h>

const uint32_t picora_brown_w = 252U;
const uint32_t picora_brown_h = 252U;
const uint8_t picora_brown_map[] = {
  0x00, 0x00, 0x00, 0x00, 0x00, 0x00, 0x00, 0x00, 0x00, 0x00, 0x00, 0x00, 0x00, 0x00, 0x00, 0x00,
  0x00, 0x00, 0x00, 0x00, 0x00, 0x00, 0x00, 0x00, 0x00, 0x00, 0x00, 0x00, 0x00, 0x00, 0x00, 0x00,
  0x00, 0x00, 0x00, 0x00, 0x00, 0x00, 0x00, 0x00, 0x00, 0x00, 0x00, 0x00, 0x00, 0x00, 0x00, 0x00,
  0x00, 0x00, 0x00, 0x00, 0x00, 0x00, 0x00, 0x00, 0x00, 0x00, 0x00, 0x00, 0x00, 0x00, 0x00, 0x00,
  0x00, 0x00, 0x00, 0x00, 0x00, 0x00, 0x00, 0x00, 0x00, 0x00, 0x00, 0x00, 0x00, 0x00, 0x00, 0x00,
  0x00, 0x00, 0x00, 0x00, 0x00, 0x00, 0x00, 0x00, 0x00, 0x00, 0x00, 0x00, 0x00, 0x00, 0x00, 0x00,
  0x00, 0x00, 0x00, 0x00, 0x00, 0x00, 0x00, 0x00, 0x00, 0x00, 0x00, 0x00, 0x00, 0x00, 0x00, 0x00,
  0x00, 0x00, 0x00, 0x00, 0x00, 0x00, 0x00, 0x00, 0x00, 0x00, 0x00, 0x00, 0x00, 0x00, 0x00, 0x00,
  0x00, 0x00, 0x00, 0x00, 0x00, 0x00, 0x00, 0x00, 0x00, 0x00, 0x00, 0x00, 0x00, 0x00, 0x00, 0x00,
  0x00, 0x00, 0x00, 0x00, 0x00, 0x00, 0x00, 0x00, 0x00, 0x00, 0x00, 0x00, 0x00, 0x00, 0x00, 0x00,
  0x00, 0x00, 0x00, 0x00, 0x00, 0x00, 0x00, 0x00, 0x00, 0x00, 0x00, 0x00, 0x00, 0x00, 0x00, 0x00,
  0x00, 0x00, 0x00, 0x00, 0x00, 0x00, 0x00, 0x00, 0x00, 0x00, 0x00, 0x00, 0x00, 0x00, 0x00, 0x00,
  0x00, 0x00, 0x00, 0x00, 0x00, 0x00, 0x00, 0x00, 0x00, 0x00, 0x00, 0x00, 0x00, 0x00, 0x00, 0x00,
  0x00, 0x00, 0x00, 0x00, 0x00, 0x00, 0x00, 0x00, 0x00, 0x00, 0x00, 0x00, 0x00, 0x00, 0x00, 0x00,
  0x00, 0x00, 0x00, 0x00, 0x00, 0x00, 0x00, 0x00, 0x00, 0x00, 0x00, 0x00, 0x00, 0x00, 0x00, 0x00,
  0x00, 0x00, 0x00, 0x00, 0x00, 0x00, 0x00, 0x00, 0x00, 0x00, 0x00, 0x00, 0x00, 0x00, 0x00, 0x00,
  0x00, 0x00, 0x00, 0x00, 0x00, 0x00, 0x00, 0x00, 0x00, 0x00, 0x00, 0x00, 0x00, 0x00, 0x00, 0x00,
  0x00, 0x00, 0x00, 0x00, 0x00, 0x00, 0x00, 0x00, 0x00, 0x00, 0x00, 0x00, 0x00, 0x00, 0x00, 0x00,
  0x00, 0x00, 0x00, 0x00, 0x00, 0x00, 0x00, 0x00, 0x00, 0x00, 0x00, 0x00, 0x00, 0x00, 0x00, 0x00,
  0x00, 0x00, 0x00, 0x00, 0x00, 0x00, 0x00, 0x00, 0x00, 0x00, 0x00, 0x00, 0x00, 0x00, 0x00, 0x00,
  0x00, 0x00, 0x00, 0x00, 0x00, 0x00, 0x00, 0x00, 0x00, 0x00, 0x00, 0x00, 0x00, 0x00, 0x00, 0x00,
  0x00, 0x00, 0x00, 0x00, 0x00, 0x00, 0x00, 0x00, 0x00, 0x00, 0x00, 0x00, 0x00, 0x00, 0x00, 0x00,
  0x00, 0x00, 0x00, 0x00, 0x00, 0x00, 0x00, 0x00, 0x00, 0x00, 0x00, 0x00, 0x00, 0x00, 0x00, 0x00,
  0x00, 0x00, 0x00, 0x00, 0x00, 0x00, 0x00, 0x00, 0x00, 0x00, 0x00, 0x00, 0x00, 0x00, 0x00, 0x00,
  0x00, 0x00, 0x00, 0x00, 0x00, 0x00, 0x00, 0x00, 0x00, 0x00, 0x00, 0x00, 0x00, 0x00, 0x00, 0x00,
  0x00, 0x00, 0x00, 0x00, 0x00, 0x00, 0x00, 0x00, 0x00, 0x00, 0x00, 0x00, 0x00, 0x00, 0x00, 0x00,
  0x00, 0x00, 0x00, 0x00, 0x00, 0x00, 0x00, 0x00, 0x00, 0x00, 0x00, 0x00, 0x00, 0x00, 0x00, 0x00,
  0x00, 0x00, 0x00, 0x00, 0x00, 0x00, 0x00, 0x00, 0x00, 0x00, 0x00, 0x00, 0x00, 0x00, 0x00, 0x00,
  0x00, 0x00, 0x00, 0x00, 0x00, 0x00, 0x00, 0x00, 0x00, 0x00, 0x00, 0x00, 0x00, 0x00, 0x00, 0x00,
  0x00, 0x00, 0x00, 0x00, 0x00, 0x00, 0x00, 0x00, 0x00, 0x00, 0x00, 0x00, 0x00, 0x00, 0x00, 0x00,
  0x00, 0x00, 0x00, 0x00, 0x00, 0x00, 0x00, 0x00, 0x00, 0x00, 0x00, 0x00, 0x00, 0x00, 0x00, 0x00,
  0x00, 0x00, 0x00, 0x00, 0x00, 0x00, 0x00, 0x00, 0x00, 0x00, 0x00, 0x00, 0x00, 0x00, 0x00, 0x00,
  0x00, 0x00, 0x00, 0x00, 0x00, 0x00, 0x00, 0x00, 0x00, 0x00, 0x00, 0x00, 0x00, 0x00, 0x00, 0x00,
  0x00, 0x00, 0x00, 0x00, 0x00, 0x00, 0x00, 0x00, 0x00, 0x00, 0x00, 0x00, 0x00, 0x00, 0x00, 0x00,
  0x00, 0x00, 0x00, 0x00, 0x00, 0x00, 0x00, 0x00, 0x00, 0x00, 0x00, 0x00, 0x00, 0x00, 0x00, 0x00,
  0x00, 0x00, 0x00, 0x00, 0x00, 0x00, 0x00, 0x00, 0x00, 0x00, 0x00, 0x00, 0x00, 0x00, 0x00, 0x00,
  0x00, 0x00, 0x00, 0x00, 0x00, 0x00, 0x00, 0x00, 0x00, 0x00, 0x00, 0x00, 0x00, 0x00, 0x00, 0x00,
  0x00, 0x00, 0x00, 0x00, 0x00, 0x00, 0x00, 0x00, 0x00, 0x00, 0x00, 0x00, 0x00, 0x00, 0x00, 0x00,
  0x00, 0x00, 0x00, 0x00, 0x00, 0x00, 0x00, 0x00, 0x00, 0x00, 0x00, 0x00, 0x00, 0x00, 0x00, 0x00,
  0x00, 0x00, 0x00, 0x00, 0x00, 0x00, 0x00, 0x00, 0x00, 0x00, 0x00, 0x00, 0x00, 0x00, 0x00, 0x00,
  0x00, 0x00, 0x00, 0x00, 0x00, 0x00, 0x00, 0x00, 0x00, 0x00, 0x00, 0x00, 0x00, 0x00, 0x00, 0x00,
  0x00, 0x00, 0x00, 0x00, 0x00, 0x00, 0x00, 0x00, 0x00, 0x00, 0x00, 0x00, 0x00, 0x00, 0x00, 0x00,
  0x00, 0x00, 0x00, 0x00, 0x00, 0x00, 0x00, 0x00, 0x00, 0x00, 0x00, 0x00, 0x00, 0x00, 0x00, 0x00,
  0x00, 0x00, 0x00, 0x00, 0x00, 0x00, 0x00, 0x00, 0x00, 0x00, 0x00, 0x00, 0x00, 0x00, 0x00, 0x00,
  0x00, 0x00, 0x00, 0x00, 0x00, 0x00, 0x00, 0x00, 0x00, 0x00, 0x00, 0x00, 0x00, 0x00, 0x00, 0x00,
  0x00, 0x00, 0x00, 0x00, 0x00, 0x00, 0x00, 0x00, 0x00, 0x00, 0x00, 0x00, 0x00, 0x00, 0x00, 0x00,
  0x00, 0x00, 0x00, 0x00, 0x00, 0x00, 0x00, 0x00, 0x00, 0x00, 0x00, 0x00, 0x00, 0x00, 0x00, 0x00,
  0x00, 0x00, 0x00, 0x00, 0x00, 0x00, 0x00, 0x00, 0x00, 0x00, 0x00, 0x00, 0x00, 0x00, 0x00, 0x00,
  0x00, 0x00, 0x00, 0x00, 0x00, 0x00, 0x00, 0x00, 0x00, 0x00, 0x00, 0x00, 0x00, 0x00, 0x00, 0x00,
  0x00, 0x00, 0x00, 0x00, 0x00, 0x00, 0x00, 0x00, 0x00, 0x00, 0x00, 0x00, 0x00, 0x00, 0x00, 0x00,
  0x00, 0x00, 0x00, 0x00, 0x00, 0x00, 0x00, 0x00, 0x00, 0x00, 0x00, 0x00, 0x00, 0x00, 0x00, 0x00,
  0x00, 0x00, 0x00, 0x00, 0x00, 0x00, 0x00, 0x00, 0x00, 0x00, 0x00, 0x00, 0x00, 0x00, 0x00, 0x00,
  0x00, 0x00, 0x00, 0x00, 0x00, 0x00, 0x00, 0x00, 0x00, 0x00, 0x00, 0x00, 0x00, 0x00, 0x00, 0x00,
  0x00, 0x00, 0x00, 0x00, 0x00, 0x00, 0x00, 0x00, 0x00, 0x00, 0x00, 0x00, 0x00, 0x00, 0x00, 0x00,
  0x00, 0x00, 0x00, 0x00, 0x00, 0x00, 0x00, 0x00, 0x00, 0x00, 0x00, 0x00, 0x00, 0x00, 0x00, 0x00,
  0x00, 0x00, 0x00, 0x00, 0x00, 0x00, 0x00, 0x00, 0x00, 0x00, 0x00, 0x00, 0x00, 0x00, 0x00, 0x00,
  0x00, 0x00, 0x00, 0x00, 0x00, 0x00, 0x00, 0x00, 0x00, 0x00, 0x00, 0x00, 0x00, 0x00, 0x00, 0x00,
  0x00, 0x00, 0x00, 0x00, 0x00, 0x00, 0x00, 0x00, 0x00, 0x00, 0x00, 0x00, 0x00, 0x00, 0x00, 0x00,
  0x00, 0x00, 0x00, 0x00, 0x00, 0x00, 0x00, 0x00, 0x00, 0x00, 0x00, 0x00, 0x00, 0x00, 0x00, 0x00,
  0x00, 0x00, 0x00, 0x00, 0x00, 0x00, 0x00, 0x00, 0x00, 0x00, 0x00, 0x00, 0x00, 0x00, 0x00, 0x00,
  0x00, 0x00, 0x00, 0x00, 0x00, 0x00, 0x00, 0x00, 0x00, 0x00, 0x00, 0x00, 0x00, 0x00, 0x00, 0x00,
  0x00, 0x00, 0x00, 0x00, 0x00, 0x00, 0x00, 0x00, 0x00, 0x00, 0x00, 0x00, 0x00, 0x00, 0x00, 0x00,
  0x00, 0x00, 0x00, 0x00, 0x00, 0x00, 0x00, 0x00, 0x00, 0x00, 0x00, 0x00, 0x00, 0x00, 0x00, 0x00,
  0x00, 0x00, 0x00, 0x00, 0x00, 0x00, 0x00, 0x00, 0x00, 0x00, 0x00, 0x00, 0x00, 0x00, 0x00, 0x00,
  0x00, 0x00, 0x00, 0x00, 0x00, 0x00, 0x00, 0x00, 0x00, 0x00, 0x00, 0x00, 0x00, 0x00, 0x00, 0x00,
  0x00, 0x00, 0x00, 0x00, 0x00, 0x00, 0x00, 0x00, 0x00, 0x00, 0x00, 0x00, 0x00, 0x00, 0x00, 0x00,
  0x00, 0x00, 0x00, 0x00, 0x00, 0x00, 0x00, 0x00, 0x00, 0x00, 0x00, 0x00, 0x00, 0x00, 0x00, 0x00,
  0x00, 0x00, 0x00, 0x00, 0x00, 0x00, 0x00, 0x00, 0x00, 0x00, 0x00, 0x00, 0x00, 0x00, 0x00, 0x00,
  0x00, 0x00, 0x00, 0x00, 0x00, 0x00, 0x00, 0x00, 0x00, 0x00, 0x00, 0x00, 0x00, 0x00, 0x00, 0x00,
  0x00, 0x00, 0x00, 0x00, 0x00, 0x00, 0x00, 0x00, 0x00, 0x00, 0x00, 0x00, 0x00, 0x00, 0x00, 0x00,
  0x00, 0x00, 0x00, 0x00, 0x00, 0x00, 0x00, 0x00, 0x00, 0x00, 0x00, 0x00, 0x00, 0x00, 0x00, 0x00,
  0x00, 0x00, 0x00, 0x00, 0x00, 0x00, 0x00, 0x00, 0x00, 0x00, 0x00, 0x00, 0x00, 0x00, 0x00, 0x00,
  0x00, 0x00, 0x00, 0x00, 0x00, 0x00, 0x00, 0x00, 0x00, 0x00, 0x00, 0x00, 0x00, 0x00, 0x00, 0x00,
  0x00, 0x00, 0x00, 0x00, 0x00, 0x00, 0x00, 0x00, 0x00, 0x00, 0x00, 0x00, 0x00, 0x00, 0x00, 0x00,
  0x00, 0x00, 0x00, 0x00, 0x00, 0x00, 0x00, 0x00, 0x00, 0x00, 0x00, 0x00, 0x00, 0x00, 0x00, 0x00,
  0x00, 0x00, 0x00, 0x00, 0x00, 0x00, 0x00, 0x00, 0x00, 0x00, 0x00, 0x00, 0x00, 0x00, 0x00, 0x00,
  0x00, 0x00, 0x00, 0x00, 0x00, 0x00, 0x00, 0x00, 0x00, 0x00, 0x00, 0x00, 0x00, 0x00, 0x00, 0x00,
  0x00, 0x00, 0x00, 0x00, 0x00, 0x00, 0x00, 0x00, 0x00, 0x00, 0x00, 0x00, 0x00, 0x00, 0x00, 0x00,
  0x00, 0x00, 0x00, 0x00, 0x00, 0x00, 0x00, 0x00, 0x00, 0x00, 0x00, 0x00, 0x00, 0x00, 0x00, 0x00,
  0x00, 0x00, 0x00, 0x00, 0x00, 0x00, 0x00, 0x00, 0x00, 0x00, 0x00, 0x00, 0x00, 0x00, 0x00, 0x00,
  0x00, 0x00, 0x00, 0x00, 0x00, 0x00, 0x00, 0x00, 0x00, 0x00, 0x00, 0x00, 0x00, 0x00, 0x00, 0x00,
  0x00, 0x00, 0x00, 0x00, 0x00, 0x00, 0x00, 0x00, 0x00, 0x00, 0x00, 0x00, 0x00, 0x00, 0x00, 0x00,
  0x00, 0x00, 0x00, 0x00, 0x00, 0x00, 0x00, 0x00, 0x00, 0x00, 0x00, 0x00, 0x00, 0x00, 0x00, 0x00,
  0x00, 0x00, 0x00, 0x00, 0x00, 0x00, 0x00, 0x00, 0x00, 0x00, 0x00, 0x00, 0x00, 0x00, 0x00, 0x00,
  0x00, 0x00, 0x00, 0x00, 0x00, 0x00, 0x00, 0x00, 0x00, 0x00, 0x00, 0x00, 0x00, 0x00, 0x00, 0x00,
  0x00, 0x00, 0x00, 0x00, 0x00, 0x00, 0x00, 0x00, 0x00, 0x00, 0x00, 0x00, 0x00, 0x00, 0x00, 0x00,
  0x00, 0x00, 0x00, 0x00, 0x00, 0x00, 0x00, 0x00, 0x00, 0x00, 0x00, 0x00, 0x00, 0x00, 0x00, 0x00,
  0x00, 0x00, 0x00, 0x00, 0x00, 0x00, 0x00, 0x00, 0x00, 0x00, 0x00, 0x00, 0x00, 0x00, 0x00, 0x00,
  0x00, 0x00, 0x00, 0x00, 0x00, 0x00, 0x00, 0x00, 0x00, 0x00, 0x00, 0x00, 0x00, 0x00, 0x00, 0x00,
  0x00, 0x00, 0x00, 0x00, 0x00, 0x00, 0x00, 0x00, 0x00, 0x00, 0x00, 0x00, 0x00, 0x00, 0x00, 0x00,
  0x00, 0x00, 0x00, 0x00, 0x00, 0x00, 0x00, 0x00, 0x00, 0x00, 0x00, 0x00, 0x00, 0x00, 0x00, 0x00,
  0x00, 0x00, 0x00, 0x00, 0x00, 0x00, 0x00, 0x00, 0x00, 0x00, 0x00, 0x00, 0x00, 0x00, 0x00, 0x00,
  0x00, 0x00, 0x00, 0x00, 0x00, 0x00, 0x00, 0x00, 0x00, 0x00, 0x00, 0x00, 0x00, 0x00, 0x00, 0x00,
  0x00, 0x00, 0x00, 0x00, 0x00, 0x00, 0x00, 0x00, 0x00, 0x00, 0x00, 0x00, 0x00, 0x00, 0x00, 0x00,
  0x00, 0x00, 0x00, 0x00, 0x00, 0x00, 0x00, 0x00, 0x00, 0x00, 0x00, 0x00, 0x00, 0x00, 0x00, 0x00,
  0x00, 0x00, 0x00, 0x00, 0x00, 0x00, 0x00, 0x00, 0x00, 0x00, 0x00, 0x00, 0x00, 0x00, 0x00, 0x00,
  0x00, 0x00, 0x00, 0x00, 0x00, 0x00, 0x00, 0x00, 0x00, 0x00, 0x00, 0x00, 0x00, 0x00, 0x00, 0x00,
  0x00, 0x00, 0x00, 0x00, 0x00, 0x00, 0x00, 0x00, 0x00, 0x00, 0x00, 0x00, 0x00, 0x00, 0x00, 0x00,
  0x00, 0x00, 0x00, 0x00, 0x00, 0x00, 0x00, 0x00, 0x00, 0x00, 0x00, 0x00, 0x00, 0x00, 0x00, 0x00,
  0x00, 0x00, 0x00, 0x00, 0x00, 0x00, 0x00, 0x00, 0x00, 0x00, 0x00, 0x00, 0x00, 0x00, 0x00, 0x00,
  0x00, 0x00, 0x00, 0x00, 0x00, 0x00, 0x00, 0x00, 0x00, 0x00, 0x00, 0x00, 0x00, 0x00, 0x00, 0x00,
  0x00, 0x00, 0x00, 0x00, 0x00, 0x00, 0x00, 0x00, 0x00, 0x00, 0x00, 0x00, 0x00, 0x00, 0x00, 0x00,
  0x00, 0x00, 0x00, 0x00, 0x00, 0x00, 0x00, 0x00, 0x00, 0x00, 0x00, 0x00, 0x00, 0x00, 0x00, 0x00,
  0x00, 0x00, 0x00, 0x00, 0x00, 0x00, 0x00, 0x00, 0x00, 0x00, 0x00, 0x00, 0x00, 0x00, 0x00, 0x00,
  0x00, 0x00, 0x00, 0x00, 0x00, 0x00, 0x00, 0x00, 0x00, 0x00, 0x00, 0x00, 0x00, 0x00, 0x00, 0x00,
  0x00, 0x00, 0x00, 0x00, 0x00, 0x00, 0x00, 0x00, 0x00, 0x00, 0x00, 0x00, 0x00, 0x00, 0x00, 0x00,
  0x00, 0x00, 0x00, 0x00, 0x00, 0x00, 0x00, 0x00, 0x00, 0x00, 0x00, 0x00, 0x00, 0x00, 0x00, 0x00,
  0x00, 0x00, 0x00, 0x00, 0x00, 0x00, 0x00, 0x00, 0x00, 0x00, 0x00, 0x00, 0x00, 0x00, 0x00, 0x00,
  0x00, 0x00, 0x00, 0x00, 0x00, 0x00, 0x00, 0x00, 0x00, 0x00, 0x00, 0x00, 0x00, 0x00, 0x00, 0x00,
  0x00, 0x00, 0x00, 0x00, 0x00, 0x00, 0x00, 0x00, 0x00, 0x00, 0x00, 0x00, 0x00, 0x00, 0x00, 0x00,
  0x00, 0x00, 0x00, 0x00, 0x00, 0x00, 0x00, 0x00, 0x00, 0x00, 0x00, 0x00, 0x00, 0x00, 0x00, 0x00,
  0x00, 0x00, 0x00, 0x00, 0x00, 0x00, 0x00, 0x00, 0x00, 0x00, 0x00, 0x00, 0x00, 0x00, 0x00, 0x00,
  0x00, 0x00, 0x00, 0x00, 0x00, 0x00, 0x00, 0x00, 0x00, 0x00, 0x00, 0x00, 0x00, 0x00, 0x00, 0x00,
  0x00, 0x00, 0x00, 0x00, 0x00, 0x00, 0x00, 0x00, 0x00, 0x00, 0x00, 0x00, 0x00, 0x00, 0x00, 0x00,
  0x00, 0x00, 0x00, 0x00, 0x00, 0x00, 0x00, 0x00, 0x00, 0x00, 0x00, 0x00, 0x00, 0x00, 0x00, 0x00,
  0x00, 0x00, 0x00, 0x00, 0x00, 0x00, 0x00, 0x00, 0x00, 0x00, 0x00, 0x00, 0x00, 0x00, 0x00, 0x00,
  0x00, 0x00, 0x00, 0x00, 0x00, 0x00, 0x00, 0x00, 0x00, 0x00, 0x00, 0x00, 0x00, 0x00, 0x00, 0x00,
  0x00, 0x00, 0x00, 0x00, 0x00, 0x00, 0x00, 0x00, 0x00, 0x00, 0x00, 0x00, 0x00, 0x00, 0x00, 0x00,
  0x00, 0x00, 0x00, 0x00, 0x00, 0x00, 0x00, 0x00, 0x00, 0x00, 0x00, 0x00, 0x00, 0x00, 0x00, 0x00,
  0x00, 0x00, 0x00, 0x00, 0x00, 0x00, 0x00, 0x00, 0x00, 0x00, 0x00, 0x00, 0x00, 0x00, 0x00, 0x00,
  0x00, 0x00, 0x00, 0x00, 0x00, 0x00, 0x00, 0x00, 0x00, 0x00, 0x00, 0x00, 0x00, 0x00, 0x00, 0x00,
  0x00, 0x00, 0x00, 0x00, 0x00, 0x00, 0x00, 0x00, 0x00, 0x00, 0x00, 0x00, 0x00, 0x00, 0x00, 0x00,
  0x00, 0x00, 0x00, 0x00, 0x00, 0x00, 0x00, 0x00, 0x00, 0x00, 0x00, 0x00, 0x00, 0x00, 0x00, 0x00,
  0x00, 0x00, 0x00, 0x00, 0x00, 0x00, 0x00, 0x00, 0x00, 0x00, 0x00, 0x00, 0x00, 0x00, 0x00, 0x00,
  0x00, 0x00, 0x00, 0x00, 0x00, 0x00, 0x00, 0x00, 0x00, 0x00, 0x00, 0x00, 0x00, 0x00, 0x00, 0x00,
  0x00, 0x00, 0x00, 0x00, 0x00, 0x00, 0x00, 0x00, 0x00, 0x00, 0x00, 0x00, 0x00, 0x00, 0x00, 0x00,
  0x00, 0x00, 0x00, 0x00, 0x00, 0x00, 0x00, 0x00, 0x00, 0x00, 0x00, 0x00, 0x00, 0x00, 0x00, 0x00,
  0x00, 0x00, 0x00, 0x00, 0x00, 0x00, 0x00, 0x00, 0x00, 0x00, 0x00, 0x00, 0x00, 0x00, 0x00, 0x00,
  0x00, 0x00, 0x00, 0x00, 0x00, 0x00, 0x00, 0x00, 0x00, 0x00, 0x00, 0x00, 0x00, 0x00, 0x00, 0x00,
  0x00, 0x00, 0x00, 0x00, 0x00, 0x00, 0x00, 0x00, 0x00, 0x00, 0x00, 0x00, 0x00, 0x00, 0x00, 0x00,
  0x00, 0x00, 0x00, 0x00, 0x00, 0x00, 0x00, 0x00, 0x00, 0x00, 0x00, 0x00, 0x00, 0x00, 0x00, 0x00,
  0x00, 0x00, 0x00, 0x00, 0x00, 0x00, 0x00, 0x00, 0x00, 0x00, 0x00, 0x00, 0x00, 0x00, 0x00, 0x00,
  0x00, 0x00, 0x00, 0x00, 0x00, 0x00, 0x00, 0x00, 0x00, 0x00, 0x00, 0x00, 0x00, 0x00, 0x00, 0x00,
  0x00, 0x00, 0x00, 0x00, 0x00, 0x00, 0x00, 0x00, 0x00, 0x00, 0x00, 0x00, 0x00, 0x00, 0x00, 0x00,
  0x00, 0x00, 0x00, 0x00, 0x00, 0x00, 0x00, 0x00, 0x00, 0x00, 0x00, 0x00, 0x00, 0x00, 0x00, 0x00,
  0x00, 0x00, 0x00, 0x00, 0x00, 0x00, 0x00, 0x00, 0x00, 0x00, 0x00, 0x00, 0x00, 0x00, 0x00, 0x00,
  0x00, 0x00, 0x00, 0x00, 0x00, 0x00, 0x00, 0x00, 0x00, 0x00, 0x00, 0x00, 0x00, 0x00, 0x00, 0x00,
  0x00, 0x00, 0x00, 0x00, 0x00, 0x00, 0x00, 0x00, 0x00, 0x00, 0x00, 0x00, 0x00, 0x00, 0x00, 0x00,
  0x00, 0x00, 0x00, 0x00, 0x00, 0x00, 0x00, 0x00, 0x00, 0x00, 0x00, 0x00, 0x00, 0x00, 0x00, 0x00,
  0x00, 0x00, 0x00, 0x00, 0x00, 0x00, 0x00, 0x00, 0x00, 0x00, 0x00, 0x00, 0x00, 0x00, 0x00, 0x00,
  0x00, 0x00, 0x00, 0x00, 0x00, 0x00, 0x00, 0x00, 0x00, 0x00, 0x00, 0x00, 0x00, 0x00, 0x00, 0x00,
  0x00, 0x00, 0x00, 0x00, 0x00, 0x00, 0x00, 0x00, 0x00, 0x00, 0x00, 0x00, 0x00, 0x00, 0x00, 0x00,
  0x00, 0x00, 0x00, 0x00, 0x00, 0x00, 0x00, 0x00, 0x00, 0x00, 0x00, 0x00, 0x00, 0x00, 0x00, 0x00,
  0x00, 0x00, 0x00, 0x00, 0x00, 0x00, 0x00, 0x00, 0x00, 0x00, 0x00, 0x00, 0x00, 0x00, 0x00, 0x00,
  0x00, 0x00, 0x00, 0x00, 0x00, 0x00, 0x00, 0x00, 0x00, 0x00, 0x00, 0x00, 0x00, 0x00, 0x00, 0x00,
  0x00, 0x00, 0x00, 0x00, 0x00, 0x00, 0x00, 0x00, 0x00, 0x00, 0x00, 0x00, 0x00, 0x00, 0x00, 0x00,
  0x00, 0x00, 0x00, 0x00, 0x00, 0x00, 0x00, 0x00, 0x00, 0x00, 0x00, 0x00, 0x00, 0x00, 0x00, 0x00,
  0x00, 0x00, 0x00, 0x00, 0x00, 0x00, 0x00, 0x00, 0x00, 0x00, 0x00, 0x00, 0x00, 0x00, 0x00, 0x00,
  0x00, 0x00, 0x00, 0x00, 0x00, 0x00, 0x00, 0x00, 0x00, 0x00, 0x00, 0x00, 0x00, 0x00, 0x00, 0x00,
  0x00, 0x00, 0x00, 0x00, 0x00, 0x00, 0x00, 0x00, 0x00, 0x00, 0x00, 0x00, 0x00, 0x00, 0x00, 0x00,
  0x00, 0x00, 0x00, 0x00, 0x00, 0x00, 0x00, 0x00, 0x00, 0x00, 0x00, 0x00, 0x00, 0x00, 0x00, 0x00,
  0x00, 0x00, 0x00, 0x00, 0x00, 0x00, 0x00, 0x00, 0x00, 0x00, 0x00, 0x00, 0x00, 0x00, 0x00, 0x00,
  0x00, 0x00, 0x00, 0x00, 0x00, 0x00, 0x00, 0x00, 0x00, 0x00, 0x00, 0x00, 0x00, 0x00, 0x00, 0x00,
  0x00, 0x00, 0x00, 0x00, 0x00, 0x00, 0x00, 0x00, 0x00, 0x00, 0x00, 0x00, 0x00, 0x00, 0x00, 0x00,
  0x00, 0x00, 0x00, 0x00, 0x00, 0x00, 0x00, 0x00, 0x00, 0x00, 0x00, 0x00, 0x00, 0x00, 0x00, 0x00,
  0x00, 0x00, 0x00, 0x00, 0x00, 0x00, 0x00, 0x00, 0x00, 0x00, 0x00, 0x00, 0x00, 0x00, 0x00, 0x00,
  0x00, 0x00, 0x00, 0x00, 0x00, 0x00, 0x00, 0x00, 0x00, 0x00, 0x00, 0x00, 0x00, 0x00, 0x00, 0x00,
  0x00, 0x00, 0x00, 0x00, 0x00, 0x00, 0x00, 0x00, 0x00, 0x00, 0x00, 0x00, 0x00, 0x00, 0x00, 0x00,
  0x00, 0x00, 0x00, 0x00, 0x00, 0x00, 0x00, 0x00, 0x00, 0x00, 0x00, 0x00, 0x00, 0x00, 0x00, 0x00,
  0x00, 0x00, 0x00, 0x00, 0x00, 0x00, 0x00, 0x00, 0x00, 0x00, 0x00, 0x00, 0x00, 0x00, 0x00, 0x00,
  0x00, 0x00, 0x00, 0x00, 0x00, 0x00, 0x00, 0x00, 0x00, 0x00, 0x00, 0x00, 0x00, 0x00, 0x00, 0x00,
  0x00, 0x00, 0x00, 0x00, 0x00, 0x00, 0x00, 0x00, 0x00, 0x00, 0x00, 0x00, 0x00, 0x00, 0x00, 0x00,
  0x00, 0x00, 0x00, 0x00, 0x00, 0x00, 0x00, 0x00, 0x00, 0x00, 0x00, 0x00, 0x00, 0x00, 0x00, 0x00,
  0x00, 0x00, 0x00, 0x00, 0x00, 0x00, 0x00, 0x00, 0x00, 0x00, 0x00, 0x00, 0x00, 0x00, 0x00, 0x00,
  0x00, 0x00, 0x00, 0x00, 0x00, 0x00, 0x00, 0x00, 0x00, 0x00, 0x00, 0x00, 0x00, 0x00, 0x00, 0x00,
  0x00, 0x00, 0x00, 0x00, 0x00, 0x00, 0x00, 0x00, 0x00, 0x00, 0x00, 0x00, 0x00, 0x00, 0x00, 0x00,
  0x00, 0x00, 0x00, 0x00, 0x00, 0x00, 0x00, 0x00, 0x00, 0x00, 0x00, 0x00, 0x00, 0x00, 0x00, 0x00,
  0x00, 0x00, 0x00, 0x00, 0x00, 0x00, 0x00, 0x00, 0x00, 0x00, 0x00, 0x00, 0x00, 0x00, 0x00, 0x00,
  0x00, 0x00, 0x00, 0x00, 0x00, 0x00, 0x00, 0x00, 0x00, 0x00, 0x00, 0x00, 0x00, 0x00, 0x00, 0x00,
  0x00, 0x00, 0x00, 0x00, 0x00, 0x00, 0x00, 0x00, 0x00, 0x00, 0x00, 0x00, 0x00, 0x00, 0x00, 0x00,
  0x00, 0x00, 0x00, 0x00, 0x00, 0x00, 0x00, 0x00, 0x00, 0x00, 0x00, 0x00, 0x00, 0x00, 0x00, 0x00,
  0x00, 0x00, 0x00, 0x00, 0x00, 0x00, 0x00, 0x00, 0x00, 0x00, 0x00, 0x00, 0x00, 0x00, 0x00, 0x00,
  0x00, 0x00, 0x00, 0x00, 0x00, 0x00, 0x00, 0x00, 0x00, 0x00, 0x00, 0x00, 0x00, 0x00, 0x00, 0x00,
  0x00, 0x00, 0x00, 0x00, 0x00, 0x00, 0x00, 0x00, 0x00, 0x00, 0x00, 0x00, 0x00, 0x00, 0x00, 0x00,
  0x00, 0x00, 0x00, 0x00, 0x00, 0x00, 0x00, 0x00, 0x00, 0x00, 0x00, 0x00, 0x00, 0x00, 0x00, 0x00,
  0x00, 0x00, 0x00, 0x00, 0x00, 0x00, 0x00, 0x00, 0x00, 0x00, 0x00, 0x00, 0x00, 0x00, 0x00, 0x00,
  0x00, 0x00, 0x00, 0x00, 0x00, 0x00, 0x00, 0x00, 0x00, 0x00, 0x00, 0x00, 0x00, 0x00, 0x00, 0x00,
  0x00, 0x00, 0x00, 0x00, 0x00, 0x00, 0x00, 0x00, 0x00, 0x00, 0x00, 0x00, 0x00, 0x00, 0x00, 0x00,
  0x00, 0x00, 0x00, 0x00, 0x00, 0x00, 0x00, 0x00, 0x00, 0x00, 0x00, 0x00, 0x00, 0x00, 0x00, 0x00,
  0x00, 0x00, 0x00, 0x00, 0x00, 0x00, 0x00, 0x00, 0x00, 0x00, 0x00, 0x00, 0x00, 0x00, 0x00, 0x00,
  0x00, 0x00, 0x00, 0x00, 0x00, 0x00, 0x00, 0x00, 0x00, 0x00, 0x00, 0x00, 0x00, 0x00, 0x00, 0x00,
  0x00, 0x00, 0x00, 0x00, 0x00, 0x00, 0x00, 0x00, 0x00, 0x00, 0x00, 0x00, 0x00, 0x00, 0x00, 0x00,
  0x00, 0x00, 0x00, 0x00, 0x00, 0x00, 0x00, 0x00, 0x00, 0x00, 0x00, 0x00, 0x00, 0x00, 0x00, 0x00,
  0x00, 0x00, 0x00, 0x00, 0x00, 0x00, 0x00, 0x00, 0x00, 0x00, 0x00, 0x00, 0x00, 0x00, 0x00, 0x00,
  0x00, 0x00, 0x00, 0x00, 0x00, 0x00, 0x00, 0x00, 0x00, 0x00, 0x00, 0x00, 0x00, 0x00, 0x00, 0x00,
  0x00, 0x00, 0x00, 0x00, 0x00, 0x00, 0x00, 0x00, 0x00, 0x00, 0x00, 0x00, 0x00, 0x00, 0x00, 0x00,
  0x00, 0x00, 0x00, 0x00, 0x00, 0x00, 0x00, 0x00, 0x00, 0x00, 0x00, 0x00, 0x00, 0x00, 0x00, 0x00,
  0x00, 0x00, 0x00, 0x00, 0x00, 0x00, 0x00, 0x00, 0x00, 0x00, 0x00, 0x00, 0x00, 0x00, 0x00, 0x00,
  0x00, 0x00, 0x00, 0x00, 0x00, 0x00, 0x00, 0x00, 0x00, 0x00, 0x00, 0x00, 0x00, 0x00, 0x00, 0x00,
  0x00, 0x00, 0x00, 0x00, 0x00, 0x00, 0x00, 0x00, 0x00, 0x00, 0x00, 0x00, 0x00, 0x00, 0x00, 0x00,
  0x00, 0x00, 0x00, 0x00, 0x00, 0x00, 0x00, 0x00, 0x00, 0x00, 0x00, 0x00, 0x00, 0x00, 0x00, 0x00,
  0x00, 0x00, 0x00, 0x00, 0x00, 0x00, 0x00, 0x00, 0x00, 0x00, 0x00, 0x00, 0x00, 0x00, 0x00, 0x00,
  0x00, 0x00, 0x00, 0x00, 0x00, 0x00, 0x00, 0x00, 0x00, 0x00, 0x00, 0x00, 0x00, 0x00, 0x00, 0x00,
  0x00, 0x00, 0x00, 0x00, 0x00, 0x00, 0x00, 0x00, 0x00, 0x00, 0x00, 0x00, 0x00, 0x00, 0x00, 0x00,
  0x00, 0x00, 0x00, 0x00, 0x00, 0x00, 0x00, 0x00, 0x00, 0x00, 0x00, 0x00, 0x00, 0x00, 0x00, 0x00,
  0x00, 0x00, 0x00, 0x00, 0x00, 0x00, 0x00, 0x00, 0x00, 0x00, 0x00, 0x00, 0x00, 0x00, 0x00, 0x00,
  0x00, 0x00, 0x00, 0x00, 0x00, 0x00, 0x00, 0x00, 0x00, 0x00, 0x00, 0x00, 0x00, 0x00, 0x00, 0x00,
  0x00, 0x00, 0x00, 0x00, 0x00, 0x00, 0x00, 0x00, 0x00, 0x00, 0x00, 0x00, 0x00, 0x00, 0x00, 0x00,
  0x00, 0x00, 0x00, 0x00, 0x00, 0x00, 0x00, 0x00, 0x00, 0x00, 0x00, 0x00, 0x00, 0x00, 0x00, 0x00,
  0x00, 0x00, 0x00, 0x00, 0x00, 0x00, 0x00, 0x00, 0x00, 0x00, 0x00, 0x00, 0x00, 0x00, 0x00, 0x00,
  0x00, 0x00, 0x00, 0x00, 0x00, 0x00, 0x00, 0x00, 0x00, 0x00, 0x00, 0x00, 0x00, 0x00, 0x00, 0x00,
  0x00, 0x00, 0x00, 0x00, 0x00, 0x00, 0x00, 0x00, 0x00, 0x00, 0x00, 0x00, 0x00, 0x00, 0x00, 0x00,
  0x00, 0x00, 0x00, 0x00, 0x00, 0x00, 0x00, 0x00, 0x00, 0x00, 0x00, 0x00, 0x00, 0x00, 0x00, 0x00,
  0x00, 0x00, 0x00, 0x00, 0x00, 0x00, 0x00, 0x00, 0x00, 0x00, 0x00, 0x00, 0x00, 0x00, 0x00, 0x00,
  0x00, 0x00, 0x00, 0x00, 0x00, 0x00, 0x00, 0x00, 0x00, 0x00, 0x00, 0x00, 0x00, 0x00, 0x00, 0x00,
  0x00, 0x00, 0x00, 0x00, 0x00, 0x00, 0x00, 0x00, 0x00, 0x00, 0x00, 0x00, 0x00, 0x00, 0x00, 0x00,
  0x00, 0x00, 0x00, 0x00, 0x00, 0x00, 0x00, 0x00, 0x00, 0x00, 0x00, 0x00, 0x00, 0x00, 0x00, 0x00,
  0x00, 0x00, 0x00, 0x00, 0x00, 0x00, 0x00, 0x00, 0x00, 0x00, 0x00, 0x00, 0x00, 0x00, 0x00, 0x00,
  0x00, 0x00, 0x00, 0x00, 0x00, 0x00, 0x00, 0x00, 0x00, 0x00, 0x00, 0x00, 0x00, 0x00, 0x00, 0x00,
  0x00, 0x00, 0x00, 0x00, 0x00, 0x00, 0x00, 0x00, 0x00, 0x00, 0x00, 0x00, 0x00, 0x00, 0x00, 0x00,
  0x00, 0x00, 0x00, 0x00, 0x00, 0x00, 0x00, 0x00, 0x00, 0x00, 0x00, 0x00, 0x00, 0x00, 0x00, 0x00,
  0x00, 0x00, 0x00, 0x00, 0x00, 0x00, 0x00, 0x00, 0x00, 0x00, 0x00, 0x00, 0x00, 0x00, 0x00, 0x00,
  0x00, 0x00, 0x00, 0x00, 0x00, 0x00, 0x00, 0x00, 0x00, 0x00, 0x00, 0x00, 0x00, 0x00, 0x00, 0x00,
  0x00, 0x00, 0x00, 0x00, 0x00, 0x00, 0x00, 0x00, 0x00, 0x00, 0x00, 0x00, 0x00, 0x00, 0x00, 0x00,
  0x00, 0x00, 0x00, 0x00, 0x00, 0x00, 0x00, 0x00, 0x00, 0x00, 0x00, 0x00, 0x00, 0x00, 0x00, 0x00,
  0x00, 0x00, 0x00, 0x00, 0x00, 0x00, 0x00, 0x00, 0x00, 0x00, 0x00, 0x00, 0x00, 0x00, 0x00, 0x00,
  0x00, 0x00, 0x00, 0x00, 0x00, 0x00, 0x00, 0x00, 0x00, 0x00, 0x00, 0x00, 0x00, 0x00, 0x00, 0x00,
  0x00, 0x00, 0x00, 0x00, 0x00, 0x00, 0x00, 0x00, 0x00, 0x00, 0x00, 0x00, 0x00, 0x00, 0x00, 0x00,
  0x00, 0x00, 0x00, 0x00, 0x00, 0x00, 0x00, 0x00, 0x00, 0x00, 0x00, 0x00, 0x00, 0x00, 0x00, 0x00,
  0x00, 0x00, 0x00, 0x00, 0x00, 0x00, 0x00, 0x00, 0x00, 0x00, 0x00, 0x00, 0x00, 0x00, 0x00, 0x00,
  0x00, 0x00, 0x00, 0x00, 0x00, 0x00, 0x00, 0x00, 0x00, 0x00, 0x00, 0x00, 0x00, 0x00, 0x00, 0x00,
  0x00, 0x00, 0x00, 0x00, 0x00, 0x00, 0x00, 0x00, 0x00, 0x00, 0x00, 0x00, 0x00, 0x00, 0x00, 0x00,
  0x00, 0x00, 0x00, 0x00, 0x00, 0x00, 0x00, 0x00, 0x00, 0x00, 0x00, 0x00, 0x00, 0x00, 0x00, 0x00,
  0x00, 0x00, 0x00, 0x00, 0x00, 0x00, 0x00, 0x00, 0x00, 0x00, 0x00, 0x00, 0x00, 0x00, 0x00, 0x00,
  0x00, 0x00, 0x00, 0x00, 0x00, 0x00, 0x00, 0x00, 0x00, 0x00, 0x00, 0x00, 0x00, 0x00, 0x00, 0x00,
  0x00, 0x00, 0x00, 0x00, 0x00, 0x00, 0x00, 0x00, 0x00, 0x00, 0x00, 0x00, 0x00, 0x00, 0x00, 0x00,
  0x00, 0x00, 0x00, 0x00, 0x00, 0x00, 0x00, 0x00, 0x00, 0x00, 0x00, 0x00, 0x00, 0x00, 0x00, 0x00,
  0x00, 0x00, 0x00, 0x00, 0x00, 0x00, 0x00, 0x00, 0x00, 0x00, 0x00, 0x00, 0x00, 0x00, 0x00, 0x00,
  0x00, 0x00, 0x00, 0x00, 0x00, 0x00, 0x00, 0x00, 0x00, 0x00, 0x00, 0x00, 0x00, 0x00, 0x00, 0x00,
  0x00, 0x00, 0x00, 0x00, 0x00, 0x00, 0x00, 0x00, 0x00, 0x00, 0x00, 0x00, 0x00, 0x00, 0x00, 0x00,
  0x00, 0x00, 0x00, 0x00, 0x00, 0x00, 0x00, 0x00, 0x00, 0x00, 0x00, 0x00, 0x00, 0x00, 0x00, 0x00,
  0x00, 0x00, 0x00, 0x00, 0x00, 0x00, 0x00, 0x00, 0x00, 0x00, 0x00, 0x00, 0x00, 0x00, 0x00, 0x00,
  0x00, 0x00, 0x00, 0x00, 0x00, 0x00, 0x00, 0x00, 0x00, 0x00, 0x00, 0x00, 0x00, 0x00, 0x00, 0x00,
  0x00, 0x00, 0x00, 0x00, 0x00, 0x00, 0x00, 0x00, 0x00, 0x00, 0x00, 0x00, 0x00, 0x00, 0x00, 0x00,
  0x00, 0x00, 0x00, 0x00, 0x00, 0x00, 0x00, 0x00, 0x00, 0x00, 0x00, 0x00, 0x00, 0x00, 0x00, 0x00,
  0x00, 0x00, 0x00, 0x00, 0x00, 0x00, 0x00, 0x00, 0x20, 0x10, 0x62, 0x28, 0xa2, 0x38, 0xa2, 0x38,
  0x41, 0x18, 0x00, 0x00, 0x00, 0x00, 0x00, 0x00, 0x00, 0x00, 0x00, 0x00, 0x00, 0x00, 0x00, 0x00,
  0x00, 0x00, 0x00, 0x00, 0x00, 0x00, 0x00, 0x00, 0x00, 0x00, 0x00, 0x00, 0x00, 0x00, 0x00, 0x00,
  0x00, 0x00, 0x00, 0x00, 0x00, 0x00, 0x00, 0x00, 0x00, 0x00, 0x00, 0x00, 0x00, 0x00, 0x00, 0x00,
  0x00, 0x00, 0x00, 0x00, 0x00, 0x00, 0x00, 0x00, 0x00, 0x00, 0x00, 0x00, 0x00, 0x00, 0x00, 0x00,
  0x00, 0x00, 0x00, 0x00, 0x00, 0x00, 0x00, 0x00, 0x00, 0x00, 0x00, 0x00, 0x00, 0x00, 0x00, 0x00,
  0x00, 0x00, 0x00, 0x00, 0x00, 0x00, 0x00, 0x00, 0x00, 0x00, 0x00, 0x00, 0x00, 0x00, 0x00, 0x00,
  0x00, 0x00, 0x00, 0x00, 0x00, 0x00, 0x00, 0x00, 0x00, 0x00, 0x00, 0x00, 0x00, 0x00, 0x00, 0x00,
  0x00, 0x00, 0x00, 0x00, 0x00, 0x00, 0x00, 0x00, 0x00, 0x00, 0x00, 0x00, 0x00, 0x00, 0x00, 0x00,
  0x00, 0x00, 0x00, 0x00, 0x00, 0x00, 0x00, 0x00, 0x00, 0x00, 0x00, 0x00, 0x00, 0x00, 0x00, 0x00,
  0x00, 0x00, 0x00, 0x00, 0x00, 0x00, 0x00, 0x00, 0x00, 0x00, 0x00, 0x00, 0x00, 0x00, 0x00, 0x00,
  0x00, 0x00, 0x00, 0x00, 0x00, 0x00, 0x00, 0x00, 0x00, 0x00, 0x00, 0x00, 0x00, 0x00, 0x00, 0x00,
  0x00, 0x00, 0x00, 0x00, 0x00, 0x00, 0x00, 0x00, 0x00, 0x00, 0x00, 0x00, 0x00, 0x00, 0x00, 0x00,
  0x00, 0x00, 0x00, 0x00, 0x00, 0x00, 0x00, 0x00, 0x00, 0x00, 0x00, 0x00, 0x00, 0x00, 0x00, 0x00,
  0x00, 0x00, 0x00, 0x00, 0x00, 0x00, 0x00, 0x00, 0x00, 0x00, 0x00, 0x00, 0x00, 0x00, 0x00, 0x00,
  0x00, 0x00, 0x00, 0x00, 0x00, 0x00, 0x00, 0x00, 0x00, 0x00, 0x00, 0x00, 0x00, 0x00, 0x00, 0x00,
  0x00, 0x00, 0x00, 0x00, 0x00, 0x00, 0x00, 0x00, 0x00, 0x00, 0x00, 0x00, 0x00, 0x00, 0x00, 0x00,
  0x00, 0x00, 0x00, 0x00, 0x00, 0x00, 0x00, 0x00, 0x00, 0x00, 0x00, 0x00, 0x00, 0x00, 0x00, 0x00,
  0x00, 0x00, 0x00, 0x00, 0x00, 0x00, 0x00, 0x00, 0x00, 0x00, 0x00, 0x00, 0x00, 0x00, 0x00, 0x00,
  0x00, 0x00, 0x00, 0x00, 0x00, 0x00, 0x00, 0x00, 0x00, 0x00, 0x00, 0x00, 0x00, 0x00, 0x00, 0x00,
  0x00, 0x00, 0x00, 0x00, 0x00, 0x00, 0x00, 0x00, 0x00, 0x00, 0x00, 0x00, 0x00, 0x00, 0x00, 0x00,
  0x00, 0x00, 0x00, 0x00, 0x00, 0x00, 0x00, 0x00, 0x00, 0x00, 0x00, 0x00, 0x00, 0x00, 0x00, 0x00,
  0x00, 0x00, 0x00, 0x00, 0x00, 0x00, 0x00, 0x00, 0x00, 0x00, 0x00, 0x00, 0x00, 0x00, 0x00, 0x00,
  0x00, 0x00, 0x00, 0x00, 0x00, 0x00, 0x00, 0x00, 0x00, 0x00, 0x00, 0x00, 0x00, 0x00, 0x00, 0x00,
  0x00, 0x00, 0x00, 0x00, 0x00, 0x00, 0x00, 0x00, 0x00, 0x00, 0x00, 0x00, 0x00, 0x00, 0x00, 0x00,
  0x00, 0x00, 0x00, 0x00, 0x00, 0x00, 0x00, 0x00, 0x00, 0x00, 0x00, 0x00, 0x00, 0x00, 0x00, 0x00,
  0x00, 0x00, 0x00, 0x00, 0x00, 0x00, 0x00, 0x00, 0x00, 0x00, 0x00, 0x00, 0x00, 0x00, 0x00, 0x00,
  0x00, 0x00, 0x00, 0x00, 0x00, 0x00, 0x00, 0x00, 0x00, 0x00, 0x00, 0x00, 0x00, 0x00, 0x00, 0x00,
  0x00, 0x00, 0x00, 0x00, 0x00, 0x00, 0x00, 0x00, 0x00, 0x00, 0x00, 0x00, 0x00, 0x00, 0x00, 0x00,
  0x00, 0x00, 0x00, 0x00, 0x00, 0x00, 0x00, 0x00, 0x00, 0x00, 0x00, 0x00, 0x00, 0x00, 0x00, 0x00,
  0x00, 0x00, 0x00, 0x00, 0x00, 0x00, 0x00, 0x00, 0x00, 0x00, 0x00, 0x00, 0x00, 0x00, 0x00, 0x00,
  0x00, 0x00, 0x00, 0x00, 0x00, 0x00, 0x00, 0x00, 0x00, 0x00, 0x41, 0x10, 0x62, 0x20, 0xa3, 0x30,
  0xc4, 0x40, 0xe4, 0x48, 0x25, 0x49, 0x45, 0x49, 0xa2, 0x28, 0xa2, 0x28, 0x00, 0x00, 0x00, 0x00,
  0x00, 0x00, 0x00, 0x00, 0x00, 0x00, 0x00, 0x00, 0x00, 0x00, 0x00, 0x00, 0x00, 0x00, 0x00, 0x00,
  0x00, 0x00, 0x00, 0x00, 0x00, 0x00, 0x00, 0x00, 0x00, 0x00, 0x00, 0x00, 0x00, 0x00, 0x00, 0x00,
  0x00, 0x00, 0x00, 0x00, 0x00, 0x00, 0x00, 0x00, 0x00, 0x00, 0x00, 0x00, 0x00, 0x00, 0x00, 0x00,
  0x00, 0x00, 0x00, 0x00, 0x00, 0x00, 0x00, 0x00, 0x00, 0x00, 0x00, 0x00, 0x00, 0x00, 0x00, 0x00,
  0x00, 0x00, 0x00, 0x00, 0x00, 0x00, 0x00, 0x00, 0x00, 0x00, 0x00, 0x00, 0x00, 0x00, 0x00, 0x00,
  0x00, 0x00, 0x00, 0x00, 0x00, 0x00, 0x00, 0x00, 0x00, 0x00, 0x00, 0x00, 0x00, 0x00, 0x00, 0x00,
  0x00, 0x00, 0x00, 0x00, 0x00, 0x00, 0x00, 0x00, 0x00, 0x00, 0x00, 0x00, 0x00, 0x00, 0x00, 0x00,
  0x00, 0x00, 0x00, 0x00, 0x00, 0x00, 0x00, 0x00, 0x00, 0x00, 0x00, 0x00, 0x00, 0x00, 0x00, 0x00,
  0x00, 0x00, 0x00, 0x00, 0x00, 0x00, 0x00, 0x00, 0x00, 0x00, 0x00, 0x00, 0x00, 0x00, 0x00, 0x00,
  0x00, 0x00, 0x00, 0x00, 0x00, 0x00, 0x00, 0x00, 0x00, 0x00, 0x00, 0x00, 0x00, 0x00, 0x00, 0x00,
  0x00, 0x00, 0x00, 0x00, 0x00, 0x00, 0x00, 0x00, 0x00, 0x00, 0x00, 0x00, 0x00, 0x00, 0x00, 0x00,
  0x00, 0x00, 0x00, 0x00, 0x00, 0x00, 0x00, 0x00, 0x00, 0x00, 0x00, 0x00, 0x00, 0x00, 0x00, 0x00,
  0x00, 0x00, 0x00, 0x00, 0x00, 0x00, 0x00, 0x00, 0x00, 0x00, 0x00, 0x00, 0x00, 0x00, 0x00, 0x00,
  0x00, 0x00, 0x00, 0x00, 0x00, 0x00, 0x00, 0x00, 0x00, 0x00, 0x00, 0x00, 0x00, 0x00, 0x00, 0x00,
  0x00, 0x00, 0x00, 0x00, 0x00, 0x00, 0x00, 0x00, 0x00, 0x00, 0x00, 0x00, 0x00, 0x00, 0x00, 0x00,
  0x00, 0x00, 0x00, 0x00, 0x00, 0x00, 0x00, 0x00, 0x00, 0x00, 0x00, 0x00, 0x00, 0x00, 0x00, 0x00,
  0x00, 0x00, 0x00, 0x00, 0x00, 0x00, 0x00, 0x00, 0x00, 0x00, 0x00, 0x00, 0x00, 0x00, 0x00, 0x00,
  0x00, 0x00, 0x00, 0x00, 0x00, 0x00, 0x00, 0x00, 0x00, 0x00, 0x00, 0x00, 0x00, 0x00, 0x00, 0x00,
  0x00, 0x00, 0x00, 0x00, 0x00, 0x00, 0x00, 0x00, 0x00, 0x00, 0x00, 0x00, 0x00, 0x00, 0x00, 0x00,
  0x00, 0x00, 0x00, 0x00, 0x00, 0x00, 0x00, 0x00, 0x00, 0x00, 0x00, 0x00, 0x00, 0x00, 0x00, 0x00,
  0x00, 0x00, 0x00, 0x00, 0x00, 0x00, 0x00, 0x00, 0x00, 0x00, 0x00, 0x00, 0x00, 0x00, 0x00, 0x00,
  0x00, 0x00, 0x00, 0x00, 0x00, 0x00, 0x00, 0x00, 0x00, 0x00, 0x00, 0x00, 0x00, 0x00, 0x00, 0x00,
  0x00, 0x00, 0x00, 0x00, 0x00, 0x00, 0x00, 0x00, 0x00, 0x00, 0x00, 0x00, 0x00, 0x00, 0x00, 0x00,
  0x00, 0x00, 0x00, 0x00, 0x00, 0x00, 0x00, 0x00, 0x00, 0x00, 0x00, 0x00, 0x00, 0x00, 0x00, 0x00,
  0x00, 0x00, 0x00, 0x00, 0x00, 0x00, 0x00, 0x00, 0x00, 0x00, 0x00, 0x00, 0x00, 0x00, 0x00, 0x00,
  0x00, 0x00, 0x00, 0x00, 0x00, 0x00, 0x00, 0x00, 0x00, 0x00, 0x00, 0x00, 0x00, 0x00, 0x00, 0x00,
  0x00, 0x00, 0x00, 0x00, 0x00, 0x00, 0x00, 0x00, 0x00, 0x00, 0x00, 0x00, 0x00, 0x00, 0x00, 0x00,
  0x00, 0x00, 0x00, 0x00, 0x00, 0x00, 0x00, 0x00, 0x00, 0x00, 0x00, 0x00, 0x00, 0x00, 0x00, 0x00,
  0x00, 0x00, 0x00, 0x00, 0x00, 0x00, 0x00, 0x00, 0x00, 0x00, 0x00, 0x00, 0x00, 0x00, 0x00, 0x00,
  0x00, 0x00, 0x00, 0x00, 0x00, 0x00, 0x00, 0x00, 0x00, 0x00, 0x00, 0x00, 0x00, 0x00, 0x41, 0x18,
  0x82, 0x28, 0xc4, 0x40, 0xc4, 0x48, 0xc4, 0x40, 0xe4, 0x40, 0x04, 0x41, 0x65, 0x41, 0x85, 0x41,
  0x64, 0x39, 0x24, 0x39, 0x24, 0x39, 0x61, 0x18, 0x00, 0x00, 0x00, 0x00, 0x00, 0x00, 0x00, 0x00,
  0x00, 0x00, 0x00, 0x00, 0x00, 0x00, 0x00, 0x00, 0x00, 0x00, 0x00, 0x00, 0x00, 0x00, 0x00, 0x00,
  0x00, 0x00, 0x00, 0x00, 0x00, 0x00, 0x00, 0x00, 0x00, 0x00, 0x00, 0x00, 0x00, 0x00, 0x00, 0x00,
  0x00, 0x00, 0x00, 0x00, 0x00, 0x00, 0x00, 0x00, 0x00, 0x00, 0x00, 0x00, 0x00, 0x00, 0x00, 0x00,
  0x00, 0x00, 0x00, 0x00, 0x00, 0x00, 0x00, 0x00, 0x00, 0x00, 0x00, 0x00, 0x00, 0x00, 0x00, 0x00,
  0x00, 0x00, 0x00, 0x00, 0x00, 0x00, 0x00, 0x00, 0x00, 0x00, 0x00, 0x00, 0x00, 0x00, 0x00, 0x00,
  0x00, 0x00, 0x00, 0x00, 0x00, 0x00, 0x00, 0x00, 0x00, 0x00, 0x00, 0x00, 0x00, 0x00, 0x00, 0x00,
  0x00, 0x00, 0x00, 0x00, 0x00, 0x00, 0x00, 0x00, 0x00, 0x00, 0x00, 0x00, 0x00, 0x00, 0x00, 0x00,
  0x00, 0x00, 0x00, 0x00, 0x00, 0x00, 0x00, 0x00, 0x00, 0x00, 0x00, 0x00, 0x00, 0x00, 0x00, 0x00,
  0x00, 0x00, 0x00, 0x00, 0x00, 0x00, 0x00, 0x00, 0x00, 0x00, 0x00, 0x00, 0x00, 0x00, 0x00, 0x00,
  0x00, 0x00, 0x00, 0x00, 0x00, 0x00, 0x00, 0x00, 0x00, 0x00, 0x00, 0x00, 0x00, 0x00, 0x00, 0x00,
  0x00, 0x00, 0x00, 0x00, 0x00, 0x00, 0x00, 0x00, 0x00, 0x00, 0x00, 0x00, 0x00, 0x00, 0x00, 0x00,
  0x00, 0x00, 0x00, 0x00, 0x00, 0x00, 0x00, 0x00, 0x00, 0x00, 0x00, 0x00, 0x00, 0x00, 0x00, 0x00,
  0x00, 0x00, 0x00, 0x00, 0x00, 0x00, 0x00, 0x00, 0x00, 0x00, 0x00, 0x00, 0x00, 0x00, 0x00, 0x00,
  0x00, 0x00, 0x00, 0x00, 0x00, 0x00, 0x00, 0x00, 0x00, 0x00, 0x00, 0x00, 0x00, 0x00, 0x00, 0x00,
  0x00, 0x00, 0x00, 0x00, 0x00, 0x00, 0x00, 0x00, 0x00, 0x00, 0x00, 0x00, 0x00, 0x00, 0x00, 0x00,
  0x00, 0x00, 0x00, 0x00, 0x00, 0x00, 0x00, 0x00, 0x00, 0x00, 0x00, 0x00, 0x00, 0x00, 0x00, 0x00,
  0x00, 0x00, 0x00, 0x00, 0x00, 0x00, 0x00, 0x00, 0x00, 0x00, 0x00, 0x00, 0x00, 0x00, 0x00, 0x00,
  0x00, 0x00, 0x00, 0x00, 0x00, 0x00, 0x00, 0x00, 0x00, 0x00, 0x00, 0x00, 0x00, 0x00, 0x00, 0x00,
  0x00, 0x00, 0x00, 0x00, 0x00, 0x00, 0x00, 0x00, 0x00, 0x00, 0x00, 0x00, 0x00, 0x00, 0x00, 0x00,
  0x00, 0x00, 0x00, 0x00, 0x00, 0x00, 0x00, 0x00, 0x00, 0x00, 0x00, 0x00, 0x00, 0x00, 0x00, 0x00,
  0x00, 0x00, 0x00, 0x00, 0x00, 0x00, 0x00, 0x00, 0x00, 0x00, 0x00, 0x00, 0x00, 0x00, 0x00, 0x00,
  0x00, 0x00, 0x00, 0x00, 0x00, 0x00, 0x00, 0x00, 0x00, 0x00, 0x00, 0x00, 0x00, 0x00, 0x00, 0x00,
  0x00, 0x00, 0x00, 0x00, 0x00, 0x00, 0x00, 0x00, 0x00, 0x00, 0x00, 0x00, 0x00, 0x00, 0x00, 0x00,
  0x00, 0x00, 0x00, 0x00, 0x00, 0x00, 0x00, 0x00, 0x00, 0x00, 0x00, 0x00, 0x00, 0x00, 0x00, 0x00,
  0x00, 0x00, 0x00, 0x00, 0x00, 0x00, 0x00, 0x00, 0x00, 0x00, 0x00, 0x00, 0x00, 0x00, 0x00, 0x00,
  0x00, 0x00, 0x00, 0x00, 0x00, 0x00, 0x00, 0x00, 0x00, 0x00, 0x00, 0x00, 0x00, 0x00, 0x00, 0x00,
  0x00, 0x00, 0x00, 0x00, 0x00, 0x00, 0x00, 0x00, 0x00, 0x00, 0x00, 0x00, 0x00, 0x00, 0x00, 0x00,
  0x00, 0x00, 0x00, 0x00, 0x00, 0x00, 0x00, 0x00, 0x00, 0x00, 0x00, 0x00, 0x00, 0x00, 0x00, 0x00,
  0x00, 0x00, 0x00, 0x00, 0x00, 0x00, 0x00, 0x00, 0x00, 0x00, 0x00, 0x00, 0x00, 0x00, 0x00, 0x00,
  0x00, 0x00, 0x20, 0x10, 0x61, 0x30, 0xe4, 0x48, 0x04, 0x41, 0x04, 0x41, 0x25, 0x41, 0x45, 0x41,
  0xa7, 0x49, 0xc7, 0x49, 0x07, 0x4a, 0x07, 0x4a, 0xc6, 0x49, 0x85, 0x49, 0xe3, 0x40, 0xa3, 0x40,
  0x41, 0x10, 0x00, 0x00, 0x00, 0x00, 0x00, 0x00, 0x00, 0x00, 0x00, 0x00, 0x00, 0x00, 0x00, 0x00,
  0x00, 0x00, 0x00, 0x00, 0x00, 0x00, 0x00, 0x00, 0x00, 0x00, 0x00, 0x00, 0x00, 0x00, 0x00, 0x00,
  0x00, 0x00, 0x00, 0x00, 0x00, 0x00, 0x00, 0x00, 0x00, 0x00, 0x00, 0x00, 0x00, 0x00, 0x00, 0x00,
  0x00, 0x00, 0x00, 0x00, 0x00, 0x00, 0x00, 0x00, 0x00, 0x00, 0x00, 0x00, 0x00, 0x00, 0x00, 0x00,
  0x00, 0x00, 0x00, 0x00, 0x00, 0x00, 0x00, 0x00, 0x00, 0x00, 0x00, 0x00, 0x00, 0x00, 0x00, 0x00,
  0x00, 0x00, 0x00, 0x00, 0x00, 0x00, 0x00, 0x00, 0x00, 0x00, 0x00, 0x00, 0x00, 0x00, 0x00, 0x00,
  0x00, 0x00, 0x00, 0x00, 0x00, 0x00, 0x00, 0x00, 0x00, 0x00, 0x00, 0x00, 0x00, 0x00, 0x00, 0x00,
  0x00, 0x00, 0x00, 0x00, 0x00, 0x00, 0x00, 0x00, 0x00, 0x00, 0x00, 0x00, 0x00, 0x00, 0x00, 0x00,
  0x00, 0x00, 0x00, 0x00, 0x00, 0x00, 0x00, 0x00, 0x00, 0x00, 0x00, 0x00, 0x00, 0x00, 0x00, 0x00,
  0x00, 0x00, 0x00, 0x00, 0x00, 0x00, 0x00, 0x00, 0x00, 0x00, 0x00, 0x00, 0x00, 0x00, 0x00, 0x00,
  0x00, 0x00, 0x00, 0x00, 0x00, 0x00, 0x00, 0x00, 0x00, 0x00, 0x00, 0x00, 0x00, 0x00, 0x00, 0x00,
  0x00, 0x00, 0x00, 0x00, 0x00, 0x00, 0x00, 0x00, 0x00, 0x00, 0x00, 0x00, 0x00, 0x00, 0x00, 0x00,
  0x00, 0x00, 0x00, 0x00, 0x00, 0x00, 0x00, 0x00, 0x00, 0x00, 0x00, 0x00, 0x00, 0x00, 0x00, 0x00,
  0x00, 0x00, 0x00, 0x00, 0x00, 0x00, 0x00, 0x00, 0x00, 0x00, 0x00, 0x00, 0x00, 0x00, 0x00, 0x00,
  0x00, 0x00, 0x00, 0x00, 0x00, 0x00, 0x00, 0x00, 0x00, 0x00, 0x00, 0x00, 0x00, 0x00, 0x00, 0x00,
  0x00, 0x00, 0x00, 0x00, 0x00, 0x00, 0x00, 0x00, 0x00, 0x00, 0x00, 0x00, 0x00, 0x00, 0x00, 0x00,
  0x00, 0x00, 0x00, 0x00, 0x00, 0x00, 0x00, 0x00, 0x00, 0x00, 0x00, 0x00, 0x00, 0x00, 0x00, 0x00,
  0x00, 0x00, 0x00, 0x00, 0x00, 0x00, 0x00, 0x00, 0x00, 0x00, 0x00, 0x00, 0x00, 0x00, 0x00, 0x00,
  0x00, 0x00, 0x00, 0x00, 0x00, 0x00, 0x00, 0x00, 0x00, 0x00, 0x00, 0x00, 0x00, 0x00, 0x00, 0x00,
  0x00, 0x00, 0x00, 0x00, 0x00, 0x00, 0x00, 0x00, 0x00, 0x00, 0x00, 0x00, 0x00, 0x00, 0x00, 0x00,
  0x00, 0x00, 0x00, 0x00, 0x00, 0x00, 0x00, 0x00, 0x00, 0x00, 0x00, 0x00, 0x00, 0x00, 0x00, 0x00,
  0x00, 0x00, 0x00, 0x00, 0x00, 0x00, 0x00, 0x00, 0x00, 0x00, 0x00, 0x00, 0x00, 0x00, 0x00, 0x00,
  0x00, 0x00, 0x00, 0x00, 0x00, 0x00, 0x00, 0x00, 0x00, 0x00, 0x00, 0x00, 0x00, 0x00, 0x00, 0x00,
  0x00, 0x00, 0x00, 0x00, 0x00, 0x00, 0x00, 0x00, 0x00, 0x00, 0x00, 0x00, 0x00, 0x00, 0x00, 0x00,
  0x00, 0x00, 0x00, 0x00, 0x00, 0x00, 0x00, 0x00, 0x00, 0x00, 0x00, 0x00, 0x00, 0x00, 0x00, 0x00,
  0x00, 0x00, 0x00, 0x00, 0x00, 0x00, 0x00, 0x00, 0x00, 0x00, 0x00, 0x00, 0x00, 0x00, 0x00, 0x00,
  0x00, 0x00, 0x00, 0x00, 0x00, 0x00, 0x00, 0x00, 0x00, 0x00, 0x00, 0x00, 0x00, 0x00, 0x00, 0x00,
  0x00, 0x00, 0x00, 0x00, 0x00, 0x00, 0x00, 0x00, 0x00, 0x00, 0x00, 0x00, 0x00, 0x00, 0x00, 0x00,
  0x00, 0x00, 0x00, 0x00, 0x00, 0x00, 0x00, 0x00, 0x00, 0x00, 0x00, 0x00, 0x00, 0x00, 0x00, 0x00,
  0x00, 0x00, 0x00, 0x00, 0x00, 0x00, 0x20, 0x18, 0x61, 0x28, 0x82, 0x40, 0xc3, 0x40, 0x04, 0x41,
  0x45, 0x41, 0x66, 0x41, 0xa7, 0x41, 0xc7, 0x41, 0xc7, 0x41, 0xe7, 0x41, 0xe6, 0x39, 0xe6, 0x41,
  0xc6, 0x41, 0xc6, 0x49, 0xe4, 0x38, 0xe4, 0x40, 0xc3, 0x40, 0x62, 0x28, 0x21, 0x10, 0x00, 0x00,
  0x00, 0x00, 0x00, 0x00, 0x00, 0x00, 0x00, 0x00, 0x00, 0x00, 0x00, 0x00, 0x00, 0x00, 0x00, 0x00,
  0x00, 0x00, 0x00, 0x00, 0x00, 0x00, 0x00, 0x00, 0x00, 0x00, 0x00, 0x00, 0x00, 0x00, 0x00, 0x00,
  0x00, 0x00, 0x00, 0x00, 0x00, 0x00, 0x00, 0x00, 0x00, 0x00, 0x00, 0x00, 0x00, 0x00, 0x00, 0x00,
  0x00, 0x00, 0x00, 0x00, 0x00, 0x00, 0x00, 0x00, 0x00, 0x00, 0x00, 0x00, 0x00, 0x00, 0x00, 0x00,
  0x00, 0x00, 0x00, 0x00, 0x00, 0x00, 0x00, 0x00, 0x00, 0x00, 0x00, 0x00, 0x00, 0x00, 0x00, 0x00,
  0x00, 0x00, 0x00, 0x00, 0x00, 0x00, 0x00, 0x00, 0x00, 0x00, 0x00, 0x00, 0x00, 0x00, 0x00, 0x00,
  0x00, 0x00, 0x00, 0x00, 0x00, 0x00, 0x00, 0x00, 0x00, 0x00, 0x00, 0x00, 0x00, 0x00, 0x00, 0x00,
  0x00, 0x00, 0x00, 0x00, 0x00, 0x00, 0x00, 0x00, 0x00, 0x00, 0x00, 0x00, 0x00, 0x00, 0x00, 0x00,
  0x00, 0x00, 0x00, 0x00, 0x00, 0x00, 0x00, 0x00, 0x00, 0x00, 0x00, 0x00, 0x00, 0x00, 0x00, 0x00,
  0x00, 0x00, 0x00, 0x00, 0x00, 0x00, 0x00, 0x00, 0x00, 0x00, 0x00, 0x00, 0x00, 0x00, 0x00, 0x00,
  0x00, 0x00, 0x00, 0x00, 0x00, 0x00, 0x00, 0x00, 0x00, 0x00, 0x00, 0x00, 0x00, 0x00, 0x00, 0x00,
  0x00, 0x00, 0x00, 0x00, 0x00, 0x00, 0x00, 0x00, 0x00, 0x00, 0x00, 0x00, 0x00, 0x00, 0x00, 0x00,
  0x00, 0x00, 0x00, 0x00, 0x00, 0x00, 0x00, 0x00, 0x00, 0x00, 0x00, 0x00, 0x00, 0x00, 0x00, 0x00,
  0x00, 0x00, 0x00, 0x00, 0x00, 0x00, 0x00, 0x00, 0x00, 0x00, 0x00, 0x00, 0x00, 0x00, 0x00, 0x00,
  0x00, 0x00, 0x00, 0x00, 0x00, 0x00, 0x00, 0x00, 0x00, 0x00, 0x00, 0x00, 0x00, 0x00, 0x00, 0x00,
  0x00, 0x00, 0x00, 0x00, 0x00, 0x00, 0x00, 0x00, 0x00, 0x00, 0x00, 0x00, 0x00, 0x00, 0x00, 0x00,
  0x00, 0x00, 0x00, 0x00, 0x00, 0x00, 0x00, 0x00, 0x00, 0x00, 0x00, 0x00, 0x00, 0x00, 0x00, 0x00,
  0x00, 0x00, 0x00, 0x00, 0x00, 0x00, 0x00, 0x00, 0x00, 0x00, 0x00, 0x00, 0x00, 0x00, 0x00, 0x00,
  0x00, 0x00, 0x00, 0x00, 0x00, 0x00, 0x00, 0x00, 0x00, 0x00, 0x00, 0x00, 0x00, 0x00, 0x00, 0x00,
  0x00, 0x00, 0x00, 0x00, 0x00, 0x00, 0x00, 0x00, 0x00, 0x00, 0x00, 0x00, 0x00, 0x00, 0x00, 0x00,
  0x00, 0x00, 0x00, 0x00, 0x00, 0x00, 0x00, 0x00, 0x00, 0x00, 0x00, 0x00, 0x00, 0x00, 0x00, 0x00,
  0x00, 0x00, 0x00, 0x00, 0x00, 0x00, 0x00, 0x00, 0x00, 0x00, 0x00, 0x00, 0x00, 0x00, 0x00, 0x00,
  0x00, 0x00, 0x00, 0x00, 0x00, 0x00, 0x00, 0x00, 0x00, 0x00, 0x00, 0x00, 0x00, 0x00, 0x00, 0x00,
  0x00, 0x00, 0x00, 0x00, 0x00, 0x00, 0x00, 0x00, 0x00, 0x00, 0x00, 0x00, 0x00, 0x00, 0x00, 0x00,
  0x00, 0x00, 0x00, 0x00, 0x00, 0x00, 0x00, 0x00, 0x00, 0x00, 0x00, 0x00, 0x00, 0x00, 0x00, 0x00,
  0x00, 0x00, 0x00, 0x00, 0x00, 0x00, 0x00, 0x00, 0x00, 0x00, 0x00, 0x00, 0x00, 0x00, 0x00, 0x00,
  0x00, 0x00, 0x00, 0x00, 0x00, 0x00, 0x00, 0x00, 0x00, 0x00, 0x00, 0x00, 0x00, 0x00, 0x00, 0x00,
  0x00, 0x00, 0x00, 0x00, 0x00, 0x00, 0x00, 0x00, 0x00, 0x00, 0x00, 0x00, 0x00, 0x00, 0x00, 0x00,
  0x00, 0x00, 0x00, 0x00, 0x00, 0x00, 0x00, 0x00, 0x00, 0x00, 0x00, 0x08, 0x21, 0x30, 0xa2, 0x48,
  0xc3, 0x40, 0xe4, 0x40, 0x66, 0x49, 0x08, 0x5a, 0xa7, 0x49, 0xc7, 0x41, 0xc7, 0x41, 0xc7, 0x41,
  0xc7, 0x41, 0xc7, 0x41, 0xe7, 0x39, 0xe6, 0x39, 0xe6, 0x39, 0xc6, 0x41, 0xa6, 0x41, 0x24, 0x39,
  0x04, 0x41, 0xe4, 0x48, 0xe4, 0x48, 0x41, 0x18, 0x00, 0x00, 0x00, 0x00, 0x00, 0x00, 0x00, 0x00,
  0x00, 0x00, 0x00, 0x00, 0x00, 0x00, 0x00, 0x00, 0x00, 0x00, 0x00, 0x00, 0x00, 0x00, 0x00, 0x00,
  0x00, 0x00, 0x00, 0x00, 0x00, 0x00, 0x00, 0x00, 0x00, 0x00, 0x00, 0x00, 0x00, 0x00, 0x00, 0x00,
  0x00, 0x00, 0x00, 0x00, 0x00, 0x00, 0x00, 0x00, 0x00, 0x00, 0x00, 0x00, 0x00, 0x00, 0x00, 0x00,
  0x00, 0x00, 0x00, 0x00, 0x00, 0x00, 0x00, 0x00, 0x00, 0x00, 0x00, 0x00, 0x00, 0x00, 0x00, 0x00,
  0x00, 0x00, 0x00, 0x00, 0x00, 0x00, 0x00, 0x00, 0x00, 0x00, 0x00, 0x00, 0x00, 0x00, 0x00, 0x00,
  0x00, 0x00, 0x00, 0x00, 0x00, 0x00, 0x00, 0x00, 0x00, 0x00, 0x00, 0x00, 0x00, 0x00, 0x00, 0x00,
  0x00, 0x00, 0x00, 0x00, 0x00, 0x00, 0x00, 0x00, 0x00, 0x00, 0x00, 0x00, 0x00, 0x00, 0x00, 0x00,
  0x00, 0x00, 0x00, 0x00, 0x00, 0x00, 0x00, 0x00, 0x00, 0x00, 0x00, 0x00, 0x00, 0x00, 0x00, 0x00,
  0x00, 0x00, 0x00, 0x00, 0x00, 0x00, 0x00, 0x00, 0x00, 0x00, 0x00, 0x00, 0x00, 0x00, 0x00, 0x00,
  0x00, 0x00, 0x00, 0x00, 0x00, 0x00, 0x00, 0x00, 0x00, 0x00, 0x00, 0x00, 0x00, 0x00, 0x00, 0x00,
  0x00, 0x00, 0x00, 0x00, 0x00, 0x00, 0x00, 0x00, 0x00, 0x00, 0x00, 0x00, 0x00, 0x00, 0x00, 0x00,
  0x00, 0x00, 0x00, 0x00, 0x00, 0x00, 0x00, 0x00, 0x00, 0x00, 0x00, 0x00, 0x00, 0x00, 0x00, 0x00,
  0x00, 0x00, 0x00, 0x00, 0x00, 0x00, 0x00, 0x00, 0x00, 0x00, 0x00, 0x00, 0x00, 0x00, 0x00, 0x00,
  0x00, 0x00, 0x00, 0x00, 0x00, 0x00, 0x00, 0x00, 0x00, 0x00, 0x00, 0x00, 0x00, 0x00, 0x00, 0x00,
  0x00, 0x00, 0x00, 0x00, 0x00, 0x00, 0x00, 0x00, 0x00, 0x00, 0x00, 0x00, 0x00, 0x00, 0x00, 0x00,
  0x00, 0x00, 0x00, 0x00, 0x00, 0x00, 0x00, 0x00, 0x00, 0x00, 0x00, 0x00, 0x00, 0x00, 0x00, 0x00,
  0x00, 0x00, 0x00, 0x00, 0x00, 0x00, 0x00, 0x00, 0x00, 0x00, 0x00, 0x00, 0x00, 0x00, 0x00, 0x00,
  0x00, 0x00, 0x00, 0x00, 0x00, 0x00, 0x00, 0x00, 0x00, 0x00, 0x00, 0x00, 0x00, 0x00, 0x00, 0x00,
  0x00, 0x00, 0x00, 0x00, 0x00, 0x00, 0x00, 0x00, 0x00, 0x00, 0x00, 0x00, 0x00, 0x00, 0x00, 0x00,
  0x00, 0x00, 0x00, 0x00, 0x00, 0x00, 0x00, 0x00, 0x00, 0x00, 0x00, 0x00, 0x00, 0x00, 0x00, 0x00,
  0x00, 0x00, 0x00, 0x00, 0x00, 0x00, 0x00, 0x00, 0x00, 0x00, 0x00, 0x00, 0x00, 0x00, 0x00, 0x00,
  0x00, 0x00, 0x00, 0x00, 0x00, 0x00, 0x00, 0x00, 0x00, 0x00, 0x00, 0x00, 0x00, 0x00, 0x00, 0x00,
  0x00, 0x00, 0x00, 0x00, 0x00, 0x00, 0x00, 0x00, 0x00, 0x00, 0x00, 0x00, 0x00, 0x00, 0x00, 0x00,
  0x00, 0x00, 0x00, 0x00, 0x00, 0x00, 0x00, 0x00, 0x00, 0x00, 0x00, 0x00, 0x00, 0x00, 0x00, 0x00,
  0x00, 0x00, 0x00, 0x00, 0x00, 0x00, 0x00, 0x00, 0x00, 0x00, 0x00, 0x00, 0x00, 0x00, 0x00, 0x00,
  0x00, 0x00, 0x00, 0x00, 0x00, 0x00, 0x00, 0x00, 0x00, 0x00, 0x00, 0x00, 0x00, 0x00, 0x00, 0x00,
  0x00, 0x00, 0x00, 0x00, 0x00, 0x00, 0x00, 0x00, 0x00, 0x00, 0x00, 0x00, 0x00, 0x00, 0x00, 0x00,
  0x00, 0x00, 0x00, 0x00, 0x00, 0x00, 0x00, 0x00, 0x00, 0x00, 0x00, 0x00, 0x00, 0x00, 0x00, 0x08,
  0x41, 0x20, 0xe3, 0x48, 0xc3, 0x48, 0xe3, 0x48, 0x04, 0x41, 0x86, 0x49, 0xe7, 0x51, 0x08, 0x52,
  0xc7, 0x41, 0xc7, 0x41, 0xc8, 0x39, 0xc8, 0x39, 0xc7, 0x41, 0xc7, 0x41, 0xe7, 0x39, 0xe7, 0x39,
  0xe6, 0x39, 0xe6, 0x39, 0xe6, 0x41, 0xa6, 0x41, 0x04, 0x41, 0xe4, 0x40, 0xe4, 0x48, 0xe4, 0x48,
  0x82, 0x30, 0x00, 0x00, 0x00, 0x00, 0x00, 0x00, 0x00, 0x00, 0x00, 0x00, 0x00, 0x00, 0x00, 0x00,
  0x00, 0x00, 0x00, 0x00, 0x00, 0x00, 0x00, 0x00, 0x00, 0x00, 0x00, 0x00, 0x00, 0x00, 0x00, 0x00,
  0x00, 0x00, 0x00, 0x00, 0x00, 0x00, 0x00, 0x00, 0x00, 0x00, 0x00, 0x00, 0x00, 0x00, 0x00, 0x00,
  0x00, 0x00, 0x00, 0x00, 0x00, 0x00, 0x00, 0x00, 0x00, 0x00, 0x00, 0x00, 0x00, 0x00, 0x00, 0x00,
  0x00, 0x00, 0x00, 0x00, 0x00, 0x00, 0x00, 0x00, 0x00, 0x00, 0x00, 0x00, 0x00, 0x00, 0x00, 0x00,
  0x00, 0x00, 0x00, 0x00, 0x00, 0x00, 0x00, 0x00, 0x00, 0x00, 0x00, 0x00, 0x00, 0x00, 0x00, 0x00,
  0x00, 0x00, 0x00, 0x00, 0x00, 0x00, 0x00, 0x00, 0x00, 0x00, 0x00, 0x00, 0x00, 0x00, 0x00, 0x00,
  0x00, 0x00, 0x00, 0x00, 0x00, 0x00, 0x00, 0x00, 0x00, 0x00, 0x00, 0x00, 0x00, 0x00, 0x00, 0x00,
  0x00, 0x00, 0x00, 0x00, 0x00, 0x00, 0x00, 0x00, 0x00, 0x00, 0x00, 0x00, 0x00, 0x00, 0x00, 0x00,
  0x00, 0x00, 0x00, 0x00, 0x00, 0x00, 0x00, 0x00, 0x00, 0x00, 0x00, 0x00, 0x00, 0x00, 0x00, 0x00,
  0x00, 0x00, 0x00, 0x00, 0x00, 0x00, 0x00, 0x00, 0x00, 0x00, 0x00, 0x00, 0x00, 0x00, 0x00, 0x00,
  0x00, 0x00, 0x00, 0x00, 0x00, 0x00, 0x00, 0x00, 0x00, 0x00, 0x00, 0x00, 0x00, 0x00, 0x00, 0x00,
  0x00, 0x00, 0x00, 0x00, 0x00, 0x00, 0x00, 0x00, 0x00, 0x00, 0x00, 0x00, 0x00, 0x00, 0x00, 0x00,
  0x00, 0x00, 0x00, 0x00, 0x00, 0x00, 0x00, 0x00, 0x00, 0x00, 0x00, 0x00, 0x00, 0x00, 0x00, 0x00,
  0x00, 0x00, 0x00, 0x00, 0x00, 0x00, 0x00, 0x00, 0x00, 0x00, 0x00, 0x00, 0x00, 0x00, 0x00, 0x00,
  0x00, 0x00, 0x00, 0x00, 0x00, 0x00, 0x00, 0x00, 0x00, 0x00, 0x00, 0x00, 0x00, 0x00, 0x00, 0x00,
  0x00, 0x00, 0x00, 0x00, 0x00, 0x00, 0x00, 0x00, 0x00, 0x00, 0x00, 0x00, 0x00, 0x00, 0x00, 0x00,
  0x00, 0x00, 0x00, 0x00, 0x00, 0x00, 0x00, 0x00, 0x00, 0x00, 0x00, 0x00, 0x00, 0x00, 0x00, 0x00,
  0x00, 0x00, 0x00, 0x00, 0x00, 0x00, 0x00, 0x00, 0x00, 0x00, 0x00, 0x00, 0x00, 0x00, 0x00, 0x00,
  0x00, 0x00, 0x00, 0x00, 0x00, 0x00, 0x00, 0x00, 0x00, 0x00, 0x00, 0x00, 0x00, 0x00, 0x00, 0x00,
  0x00, 0x00, 0x00, 0x00, 0x00, 0x00, 0x00, 0x00, 0x00, 0x00, 0x00, 0x00, 0x00, 0x00, 0x00, 0x00,
  0x00, 0x00, 0x00, 0x00, 0x00, 0x00, 0x00, 0x00, 0x00, 0x00, 0x00, 0x00, 0x00, 0x00, 0x00, 0x00,
  0x00, 0x00, 0x00, 0x00, 0x00, 0x00, 0x00, 0x00, 0x00, 0x00, 0x00, 0x00, 0x00, 0x00, 0x00, 0x00,
  0x00, 0x00, 0x00, 0x00, 0x00, 0x00, 0x00, 0x00, 0x00, 0x00, 0x00, 0x00, 0x00, 0x00, 0x00, 0x00,
  0x00, 0x00, 0x00, 0x00, 0x00, 0x00, 0x00, 0x00, 0x00, 0x00, 0x00, 0x00, 0x00, 0x00, 0x00, 0x00,
  0x00, 0x00, 0x00, 0x00, 0x00, 0x00, 0x00, 0x00, 0x00, 0x00, 0x00, 0x00, 0x00, 0x00, 0x00, 0x00,
  0x00, 0x00, 0x00, 0x00, 0x00, 0x00, 0x00, 0x00, 0x00, 0x00, 0x00, 0x00, 0x00, 0x00, 0x00, 0x00,
  0x00, 0x00, 0x00, 0x00, 0x00, 0x00, 0x00, 0x00, 0x00, 0x00, 0x00, 0x00, 0x00, 0x00, 0x00, 0x00,
  0x00, 0x00, 0x00, 0x00, 0x40, 0x10, 0xc2, 0x38, 0xe3, 0x40, 0xe3, 0x40, 0x44, 0x49, 0x65, 0x49,
  0xa6, 0x41, 0x07, 0x4a, 0x28, 0x4a, 0xe7, 0x41, 0xc7, 0x41, 0xc8, 0x41, 0xc8, 0x39, 0xc8, 0x39,
  0xc7, 0x41, 0xe7, 0x39, 0xe7, 0x39, 0x07, 0x32, 0x06, 0x32, 0x06, 0x3a, 0xe6, 0x39, 0xc6, 0x41,
  0x04, 0x39, 0xe4, 0x40, 0xe4, 0x40, 0xe4, 0x48, 0xe4, 0x48, 0x83, 0x30, 0x00, 0x00, 0x00, 0x00,
  0x00, 0x00, 0x00, 0x00, 0x00, 0x00, 0x00, 0x00, 0x00, 0x00, 0x00, 0x00, 0x00, 0x00, 0x00, 0x00,
  0x00, 0x00, 0x00, 0x00, 0x00, 0x00, 0x00, 0x00, 0x00, 0x00, 0x00, 0x00, 0x00, 0x00, 0x00, 0x00,
  0x00, 0x00, 0x00, 0x00, 0x00, 0x00, 0x00, 0x00, 0x00, 0x00, 0x00, 0x00, 0x00, 0x00, 0x00, 0x00,
  0x00, 0x00, 0x00, 0x00, 0x00, 0x00, 0x00, 0x00, 0x00, 0x00, 0x00, 0x00, 0x00, 0x00, 0x00, 0x00,
  0x00, 0x00, 0x00, 0x00, 0x00, 0x00, 0x00, 0x00, 0x00, 0x00, 0x00, 0x00, 0x00, 0x00, 0x00, 0x00,
  0x00, 0x00, 0x00, 0x00, 0x00, 0x00, 0x00, 0x00, 0x00, 0x00, 0x00, 0x00, 0x00, 0x00, 0x00, 0x00,
  0x00, 0x00, 0x00, 0x00, 0x00, 0x00, 0x00, 0x00, 0x00, 0x00, 0x00, 0x00, 0x00, 0x00, 0x00, 0x00,
  0x00, 0x00, 0x00, 0x00, 0x00, 0x00, 0x00, 0x00, 0x00, 0x00, 0x00, 0x00, 0x00, 0x00, 0x00, 0x00,
  0x00, 0x00, 0x00, 0x00, 0x00, 0x00, 0x00, 0x00, 0x00, 0x00, 0x00, 0x00, 0x00, 0x00, 0x00, 0x00,
  0x00, 0x00, 0x00, 0x00, 0x00, 0x00, 0x00, 0x00, 0x00, 0x00, 0x00, 0x00, 0x00, 0x00, 0x00, 0x00,
  0x00, 0x00, 0x00, 0x00, 0x00, 0x00, 0x00, 0x00, 0x00, 0x00, 0x00, 0x00, 0x00, 0x00, 0x00, 0x00,
  0x00, 0x00, 0x00, 0x00, 0x00, 0x00, 0x00, 0x00, 0x00, 0x00, 0x00, 0x00, 0x00, 0x00, 0x00, 0x00,
  0x00, 0x00, 0x00, 0x00, 0x00, 0x00, 0x00, 0x00, 0x00, 0x00, 0x00, 0x00, 0x00, 0x00, 0x00, 0x00,
  0x00, 0x00, 0x00, 0x00, 0x00, 0x00, 0x00, 0x00, 0x00, 0x00, 0x00, 0x00, 0x00, 0x00, 0x00, 0x00,
  0x00, 0x00, 0x00, 0x00, 0x00, 0x00, 0x00, 0x00, 0x00, 0x00, 0x00, 0x00, 0x00, 0x00, 0x00, 0x00,
  0x00, 0x00, 0x00, 0x00, 0x00, 0x00, 0x00, 0x00, 0x00, 0x00, 0x00, 0x00, 0x00, 0x00, 0x00, 0x00,
  0x00, 0x00, 0x00, 0x00, 0x00, 0x00, 0x00, 0x00, 0x00, 0x00, 0x00, 0x00, 0x00, 0x00, 0x00, 0x00,
  0x00, 0x00, 0x00, 0x00, 0x00, 0x00, 0x00, 0x00, 0x00, 0x00, 0x00, 0x00, 0x00, 0x00, 0x00, 0x00,
  0x00, 0x00, 0x00, 0x00, 0x00, 0x00, 0x00, 0x00, 0x00, 0x00, 0x00, 0x00, 0x00, 0x00, 0x00, 0x00,
  0x00, 0x00, 0x00, 0x00, 0x00, 0x00, 0x00, 0x00, 0x00, 0x00, 0x00, 0x00, 0x00, 0x00, 0x00, 0x00,
  0x00, 0x00, 0x00, 0x00, 0x00, 0x00, 0x00, 0x00, 0x00, 0x00, 0x00, 0x00, 0x00, 0x00, 0x00, 0x00,
  0x00, 0x00, 0x00, 0x00, 0x00, 0x00, 0x00, 0x00, 0x00, 0x00, 0x00, 0x00, 0x00, 0x00, 0x00, 0x00,
  0x00, 0x00, 0x00, 0x00, 0x00, 0x00, 0x00, 0x00, 0x00, 0x00, 0x00, 0x00, 0x00, 0x00, 0x00, 0x00,
  0x00, 0x00, 0x00, 0x00, 0x00, 0x00, 0x00, 0x00, 0x00, 0x00, 0x00, 0x00, 0x00, 0x00, 0x00, 0x00,
  0x00, 0x00, 0x00, 0x00, 0x00, 0x00, 0x00, 0x00, 0x00, 0x00, 0x00, 0x00, 0x00, 0x00, 0x00, 0x00,
  0x00, 0x00, 0x00, 0x00, 0x00, 0x00, 0x00, 0x00, 0x00, 0x00, 0x00, 0x00, 0x00, 0x00, 0x00, 0x00,
  0x00, 0x00, 0x00, 0x00, 0x00, 0x00, 0x00, 0x00, 0x00, 0x00, 0x00, 0x00, 0x00, 0x00, 0x00, 0x00,
  0x00, 0x00, 0x00, 0x00, 0x00, 0x00, 0x00, 0x00, 0x20, 0x10, 0x82, 0x28, 0xc3, 0x38, 0xe3, 0x40,
  0x04, 0x41, 0x04, 0x39, 0xc6, 0x49, 0xc6, 0x49, 0x28, 0x4a, 0x07, 0x42, 0xe7, 0x41, 0x28, 0x42,
  0xc8, 0x39, 0xc8, 0x39, 0xc8, 0x39, 0xc8, 0x39, 0xe7, 0x39, 0xe7, 0x39, 0xe7, 0x39, 0x07, 0x32,
  0x07, 0x32, 0x07, 0x32, 0xe7, 0x39, 0xe6, 0x41, 0x24, 0x31, 0x24, 0x39, 0x04, 0x39, 0x04, 0x41,
  0xe4, 0x40, 0xe4, 0x48, 0xa3, 0x30, 0x00, 0x00, 0x00, 0x00, 0x00, 0x00, 0x00, 0x00, 0x00, 0x00,
  0x00, 0x00, 0x00, 0x00, 0x00, 0x00, 0x00, 0x00, 0x00, 0x00, 0x00, 0x00, 0x00, 0x00, 0x00, 0x00,
  0x00, 0x00, 0x00, 0x00, 0x00, 0x00, 0x00, 0x00, 0x00, 0x00, 0x00, 0x00, 0x00, 0x00, 0x00, 0x00,
  0x00, 0x00, 0x00, 0x00, 0x00, 0x00, 0x00, 0x00, 0x00, 0x00, 0x00, 0x00, 0x00, 0x00, 0x00, 0x00,
  0x00, 0x00, 0x00, 0x00, 0x00, 0x00, 0x00, 0x00, 0x00, 0x00, 0x00, 0x00, 0x00, 0x00, 0x00, 0x00,
  0x00, 0x00, 0x00, 0x00, 0x00, 0x00, 0x00, 0x00, 0x00, 0x00, 0x00, 0x00, 0x00, 0x00, 0x00, 0x00,
  0x00, 0x00, 0x00, 0x00, 0x00, 0x00, 0x00, 0x00, 0x00, 0x00, 0x00, 0x00, 0x00, 0x00, 0x00, 0x00,
  0x00, 0x00, 0x00, 0x00, 0x00, 0x00, 0x00, 0x00, 0x00, 0x00, 0x00, 0x00, 0x00, 0x00, 0x00, 0x00,
  0x00, 0x00, 0x00, 0x00, 0x00, 0x00, 0x00, 0x00, 0x00, 0x00, 0x00, 0x00, 0x00, 0x00, 0x00, 0x00,
  0x00, 0x00, 0x00, 0x00, 0x00, 0x00, 0x00, 0x00, 0x00, 0x00, 0x00, 0x00, 0x00, 0x00, 0x00, 0x00,
  0x00, 0x00, 0x00, 0x00, 0x00, 0x00, 0x00, 0x00, 0x00, 0x00, 0x00, 0x00, 0x00, 0x00, 0x00, 0x00,
  0x00, 0x00, 0x00, 0x00, 0x00, 0x00, 0x00, 0x00, 0x00, 0x00, 0x00, 0x00, 0x00, 0x00, 0x00, 0x00,
  0x00, 0x00, 0x00, 0x00, 0x00, 0x00, 0x00, 0x00, 0x00, 0x00, 0x00, 0x00, 0x00, 0x00, 0x00, 0x00,
  0x00, 0x00, 0x00, 0x00, 0x00, 0x00, 0x00, 0x00, 0x00, 0x00, 0x00, 0x00, 0x00, 0x00, 0x00, 0x00,
  0x00, 0x00, 0x00, 0x00, 0x00, 0x00, 0x00, 0x00, 0x00, 0x00, 0x00, 0x00, 0x00, 0x00, 0x00, 0x00,
  0x00, 0x00, 0x00, 0x00, 0x00, 0x00, 0x00, 0x00, 0x00, 0x00, 0x00, 0x00, 0x00, 0x00, 0x00, 0x00,
  0x00, 0x00, 0x00, 0x00, 0x00, 0x00, 0x00, 0x00, 0x00, 0x00, 0x00, 0x00, 0x00, 0x00, 0x00, 0x00,
  0x00, 0x00, 0x00, 0x00, 0x00, 0x00, 0x00, 0x00, 0x00, 0x00, 0x00, 0x00, 0x00, 0x00, 0x00, 0x00,
  0x00, 0x00, 0x00, 0x00, 0x00, 0x00, 0x00, 0x00, 0x00, 0x00, 0x00, 0x00, 0x00, 0x00, 0x00, 0x00,
  0x00, 0x00, 0x00, 0x00, 0x00, 0x00, 0x00, 0x00, 0x00, 0x00, 0x00, 0x00, 0x00, 0x00, 0x00, 0x00,
  0x00, 0x00, 0x00, 0x00, 0x00, 0x00, 0x00, 0x00, 0x00, 0x00, 0x00, 0x00, 0x00, 0x00, 0x00, 0x00,
  0x00, 0x00, 0x00, 0x00, 0x00, 0x00, 0x00, 0x00, 0x00, 0x00, 0x00, 0x00, 0x00, 0x00, 0x00, 0x00,
  0x00, 0x00, 0x00, 0x00, 0x00, 0x00, 0x00, 0x00, 0x00, 0x00, 0x00, 0x00, 0x00, 0x00, 0x00, 0x00,
  0x00, 0x00, 0x00, 0x00, 0x00, 0x00, 0x00, 0x00, 0x00, 0x00, 0x00, 0x00, 0x00, 0x00, 0x00, 0x00,
  0x00, 0x00, 0x00, 0x00, 0x00, 0x00, 0x00, 0x00, 0x00, 0x00, 0x00, 0x00, 0x00, 0x00, 0x00, 0x00,
  0x00, 0x00, 0x00, 0x00, 0x00, 0x00, 0x00, 0x00, 0x00, 0x00, 0x00, 0x00, 0x00, 0x00, 0x00, 0x00,
  0x00, 0x00, 0x00, 0x00, 0x00, 0x00, 0x00, 0x00, 0x00, 0x00, 0x00, 0x00, 0x00, 0x00, 0x00, 0x00,
  0x00, 0x00, 0x00, 0x00, 0x00, 0x00, 0x00, 0x00, 0x00, 0x00, 0x00, 0x00, 0x00, 0x08, 0x61, 0x28,
  0xe4, 0x50, 0xe5, 0x50, 0x05, 0x49, 0x25, 0x41, 0xc7, 0x51, 0xe7, 0x49, 0xe7, 0x41, 0x07, 0x42,
  0xe7, 0x41, 0xe7, 0x39, 0xe7, 0x39, 0xe7, 0x39, 0xe8, 0x39, 0xe8, 0x39, 0xe8, 0x39, 0xe8, 0x39,
  0xe7, 0x39, 0xe7, 0x39, 0xe7, 0x39, 0xe7, 0x39, 0xe7, 0x39, 0xe7, 0x39, 0xe7, 0x39, 0xe7, 0x39,
  0x07, 0x3a, 0xe7, 0x39, 0xe7, 0x41, 0xc7, 0x41, 0x86, 0x41, 0x25, 0x41, 0xc4, 0x38, 0x82, 0x28,
  0x00, 0x00, 0x00, 0x00, 0x00, 0x00, 0x00, 0x00, 0x00, 0x00, 0x00, 0x00, 0x00, 0x00, 0x00, 0x00,
  0x00, 0x00, 0x00, 0x00, 0x00, 0x00, 0x00, 0x00, 0x00, 0x00, 0x00, 0x00, 0x00, 0x00, 0x00, 0x00,
  0x00, 0x00, 0x00, 0x00, 0x00, 0x00, 0x00, 0x00, 0x00, 0x00, 0x00, 0x00, 0x00, 0x00, 0x00, 0x00,
  0x00, 0x00, 0x00, 0x00, 0x00, 0x00, 0x00, 0x00, 0x00, 0x00, 0x00, 0x00, 0x00, 0x00, 0x00, 0x00,
  0x00, 0x00, 0x00, 0x00, 0x00, 0x00, 0x00, 0x00, 0x00, 0x00, 0x00, 0x00, 0x00, 0x00, 0x00, 0x00,
  0x00, 0x00, 0x00, 0x00, 0x00, 0x00, 0x00, 0x00, 0x00, 0x00, 0x00, 0x00, 0x00, 0x00, 0x00, 0x00,
  0x00, 0x00, 0x00, 0x00, 0x00, 0x00, 0x00, 0x00, 0x00, 0x00, 0x00, 0x00, 0x00, 0x00, 0x00, 0x00,
  0x00, 0x00, 0x00, 0x00, 0x00, 0x00, 0x00, 0x00, 0x00, 0x00, 0x00, 0x00, 0x00, 0x00, 0x00, 0x00,
  0x00, 0x00, 0x00, 0x00, 0x00, 0x00, 0x00, 0x00, 0x00, 0x00, 0x00, 0x00, 0x00, 0x00, 0x00, 0x00,
  0x00, 0x00, 0x00, 0x00, 0x00, 0x00, 0x00, 0x00, 0x00, 0x00, 0x00, 0x00, 0x00, 0x00, 0x00, 0x00,
  0x00, 0x00, 0x00, 0x00, 0x00, 0x00, 0x00, 0x00, 0x00, 0x00, 0x00, 0x00, 0x00, 0x00, 0x00, 0x00,
  0x00, 0x00, 0x00, 0x00, 0x00, 0x00, 0x00, 0x00, 0x00, 0x00, 0x00, 0x00, 0x00, 0x00, 0x00, 0x00,
  0x00, 0x00, 0x00, 0x00, 0x00, 0x00, 0x00, 0x00, 0x00, 0x00, 0x00, 0x00, 0x00, 0x00, 0x00, 0x00,
  0x00, 0x00, 0x00, 0x00, 0x00, 0x00, 0x00, 0x00, 0x00, 0x00, 0x00, 0x00, 0x00, 0x00, 0x00, 0x00,
  0x00, 0x00, 0x00, 0x00, 0x00, 0x00, 0x00, 0x00, 0x00, 0x00, 0x00, 0x00, 0x00, 0x00, 0x00, 0x00,
  0x00, 0x00, 0x00, 0x00, 0x00, 0x00, 0x00, 0x00, 0x00, 0x00, 0x00, 0x00, 0x00, 0x00, 0x00, 0x00,
  0x00, 0x00, 0x00, 0x00, 0x00, 0x00, 0x00, 0x00, 0x00, 0x00, 0x00, 0x00, 0x00, 0x00, 0x00, 0x00,
  0x00, 0x00, 0x00, 0x00, 0x00, 0x00, 0x00, 0x00, 0x00, 0x00, 0x00, 0x00, 0x00, 0x00, 0x00, 0x00,
  0x00, 0x00, 0x00, 0x00, 0x00, 0x00, 0x00, 0x00, 0x00, 0x00, 0x00, 0x00, 0x00, 0x00, 0x00, 0x00,
  0x00, 0x00, 0x00, 0x00, 0x00, 0x00, 0x00, 0x00, 0x00, 0x00, 0x00, 0x00, 0x00, 0x00, 0x00, 0x00,
  0x00, 0x00, 0x00, 0x00, 0x00, 0x00, 0x00, 0x00, 0x00, 0x00, 0x00, 0x00, 0x00, 0x00, 0x00, 0x00,
  0x00, 0x00, 0x00, 0x00, 0x00, 0x00, 0x00, 0x00, 0x00, 0x00, 0x00, 0x00, 0x00, 0x00, 0x00, 0x00,
  0x00, 0x00, 0x00, 0x00, 0x00, 0x00, 0x00, 0x00, 0x00, 0x00, 0x00, 0x00, 0x00, 0x00, 0x00, 0x00,
  0x00, 0x00, 0x00, 0x00, 0x00, 0x00, 0x00, 0x00, 0x00, 0x00, 0x00, 0x00, 0x00, 0x00, 0x00, 0x00,
  0x00, 0x00, 0x00, 0x00, 0x00, 0x00, 0x00, 0x00, 0x00, 0x00, 0x00, 0x00, 0x00, 0x00, 0x00, 0x00,
  0x00, 0x00, 0x00, 0x00, 0x00, 0x00, 0x00, 0x00, 0x00, 0x00, 0x00, 0x00, 0x00, 0x00, 0x00, 0x00,
  0x00, 0x00, 0x00, 0x00, 0x00, 0x00, 0x00, 0x00, 0x00, 0x00, 0x00, 0x00, 0x00, 0x00, 0x00, 0x00,
  0x00, 0x00, 0x41, 0x18, 0xa2, 0x40, 0xc3, 0x48, 0xe5, 0x48, 0x05, 0x49, 0x25, 0x41, 0x25, 0x41,
  0xe8, 0x49, 0xe8, 0x41, 0x08, 0x42, 0x08, 0x3a, 0xe7, 0x39, 0xe7, 0x41, 0xe7, 0x39, 0xe7, 0x39,
  0xe8, 0x39, 0xe8, 0x39, 0xe7, 0x39, 0xe7, 0x39, 0xe7, 0x39, 0xe7, 0x39, 0xe7, 0x39, 0xe7, 0x39,
  0xe7, 0x39, 0xe7, 0x39, 0xe7, 0x39, 0xe7, 0x39, 0x07, 0x32, 0x07, 0x32, 0x07, 0x3a, 0xe7, 0x41,
  0xa6, 0x41, 0x45, 0x39, 0xe4, 0x38, 0xa3, 0x30, 0xa3, 0x30, 0x00, 0x00, 0x00, 0x00, 0x00, 0x00,
  0x00, 0x00, 0x00, 0x00, 0x00, 0x00, 0x00, 0x00, 0x00, 0x00, 0x00, 0x00, 0x00, 0x00, 0x00, 0x00,
  0x00, 0x00, 0x00, 0x00, 0x00, 0x00, 0x00, 0x00, 0x00, 0x00, 0x00, 0x00, 0x00, 0x00, 0x00, 0x00,
  0x00, 0x00, 0x00, 0x00, 0x00, 0x00, 0x00, 0x00, 0x00, 0x00, 0x00, 0x00, 0x00, 0x00, 0x00, 0x00,
  0x00, 0x00, 0x00, 0x00, 0x00, 0x00, 0x00, 0x00, 0x00, 0x00, 0x00, 0x00, 0x00, 0x00, 0x00, 0x00,
  0x00, 0x00, 0x00, 0x00, 0x00, 0x00, 0x00, 0x00, 0x00, 0x00, 0x00, 0x00, 0x00, 0x00, 0x00, 0x00,
  0x00, 0x00, 0x00, 0x00, 0x00, 0x00, 0x00, 0x00, 0x00, 0x00, 0x00, 0x00, 0x00, 0x00, 0x00, 0x00,
  0x00, 0x00, 0x00, 0x00, 0x00, 0x00, 0x00, 0x00, 0x00, 0x00, 0x00, 0x00, 0x00, 0x00, 0x00, 0x00,
  0x00, 0x00, 0x00, 0x00, 0x00, 0x00, 0x00, 0x00, 0x00, 0x00, 0x00, 0x00, 0x00, 0x00, 0x00, 0x00,
  0x00, 0x00, 0x00, 0x00, 0x00, 0x00, 0x00, 0x00, 0x00, 0x00, 0x00, 0x00, 0x00, 0x00, 0x00, 0x00,
  0x00, 0x00, 0x00, 0x00, 0x00, 0x00, 0x00, 0x00, 0x00, 0x00, 0x00, 0x00, 0x00, 0x00, 0x00, 0x00,
  0x00, 0x00, 0x00, 0x00, 0x00, 0x00, 0x00, 0x00, 0x00, 0x00, 0x00, 0x00, 0x00, 0x00, 0x00, 0x00,
  0x00, 0x00, 0x00, 0x00, 0x00, 0x00, 0x00, 0x00, 0x00, 0x00, 0x00, 0x00, 0x00, 0x00, 0x00, 0x00,
  0x00, 0x00, 0x00, 0x00, 0x00, 0x00, 0x00, 0x00, 0x00, 0x00, 0x00, 0x00, 0x00, 0x00, 0x00, 0x00,
  0x00, 0x00, 0x00, 0x00, 0x00, 0x00, 0x00, 0x00, 0x00, 0x00, 0x00, 0x00, 0x00, 0x00, 0x00, 0x00,
  0x00, 0x00, 0x00, 0x00, 0x00, 0x00, 0x00, 0x00, 0x00, 0x00, 0x00, 0x00, 0x00, 0x00, 0x00, 0x00,
  0x00, 0x00, 0x00, 0x00, 0x00, 0x00, 0x00, 0x00, 0x00, 0x00, 0x00, 0x00, 0x00, 0x00, 0x00, 0x00,
  0x00, 0x00, 0x00, 0x00, 0x00, 0x00, 0x00, 0x00, 0x00, 0x00, 0x00, 0x00, 0x00, 0x00, 0x00, 0x00,
  0x00, 0x00, 0x00, 0x00, 0x00, 0x00, 0x00, 0x00, 0x00, 0x00, 0x00, 0x00, 0x00, 0x00, 0x00, 0x00,
  0x00, 0x00, 0x00, 0x00, 0x00, 0x00, 0x00, 0x00, 0x00, 0x00, 0x00, 0x00, 0x00, 0x00, 0x00, 0x00,
  0x00, 0x00, 0x00, 0x00, 0x00, 0x00, 0x00, 0x00, 0x00, 0x00, 0x00, 0x00, 0x00, 0x00, 0x00, 0x00,
  0x00, 0x00, 0x00, 0x00, 0x00, 0x00, 0x00, 0x00, 0x00, 0x00, 0x00, 0x00, 0x00, 0x00, 0x00, 0x00,
  0x00, 0x00, 0x00, 0x00, 0x00, 0x00, 0x00, 0x00, 0x00, 0x00, 0x00, 0x00, 0x00, 0x00, 0x00, 0x00,
  0x00, 0x00, 0x00, 0x00, 0x00, 0x00, 0x00, 0x00, 0x00, 0x00, 0x00, 0x00, 0x00, 0x00, 0x00, 0x00,
  0x00, 0x00, 0x00, 0x00, 0x00, 0x00, 0x00, 0x00, 0x00, 0x00, 0x00, 0x00, 0x00, 0x00, 0x00, 0x00,
  0x00, 0x00, 0x00, 0x00, 0x00, 0x00, 0x00, 0x00, 0x00, 0x00, 0x00, 0x00, 0x00, 0x00, 0x00, 0x00,
  0x00, 0x00, 0x00, 0x00, 0x00, 0x00, 0x00, 0x00, 0x00, 0x00, 0x00, 0x00, 0x00, 0x00, 0x00, 0x00,
  0x00, 0x00, 0x00, 0x00, 0x00, 0x00, 0x20, 0x10, 0x61, 0x28, 0x82, 0x38, 0xc4, 0x50, 0x26, 0x51,
  0xc8, 0x51, 0xe8, 0x49, 0xe8, 0x49, 0xe8, 0x49, 0xe8, 0x49, 0x08, 0x42, 0xe8, 0x41, 0xe8, 0x41,
  0xe7, 0x41, 0xe7, 0x41, 0xe7, 0x41, 0xe7, 0x41, 0xe8, 0x41, 0xe8, 0x41, 0xe7, 0x41, 0xe7, 0x41,
  0xe7, 0x41, 0xe7, 0x41, 0xe7, 0x41, 0xe7, 0x41, 0xe7, 0x41, 0xe7, 0x41, 0xe7, 0x41, 0xe7, 0x39,
  0x07, 0x3a, 0x07, 0x3a, 0xe7, 0x39, 0xe7, 0x41, 0xa6, 0x41, 0x86, 0x41, 0x45, 0x41, 0xe4, 0x38,
  0xa3, 0x38, 0x82, 0x30, 0x00, 0x00, 0x00, 0x00, 0x00, 0x00, 0x00, 0x00, 0x00, 0x00, 0x00, 0x00,
  0x00, 0x00, 0x00, 0x00, 0x00, 0x00, 0x00, 0x00, 0x00, 0x00, 0x00, 0x00, 0x00, 0x00, 0x00, 0x00,
  0x00, 0x00, 0x00, 0x00, 0x00, 0x00, 0x00, 0x00, 0x00, 0x00, 0x00, 0x00, 0x00, 0x00, 0x00, 0x00,
  0x00, 0x00, 0x00, 0x00, 0x00, 0x00, 0x00, 0x00, 0x00, 0x00, 0x00, 0x00, 0x00, 0x00, 0x00, 0x00,
  0x00, 0x00, 0x00, 0x00, 0x00, 0x00, 0x00, 0x00, 0x00, 0x00, 0x00, 0x00, 0x00, 0x00, 0x00, 0x00,
  0x00, 0x00, 0x00, 0x00, 0x00, 0x00, 0x00, 0x00, 0x00, 0x00, 0x00, 0x00, 0x00, 0x00, 0x00, 0x00,
  0x00, 0x00, 0x00, 0x00, 0x00, 0x00, 0x00, 0x00, 0x00, 0x00, 0x00, 0x00, 0x00, 0x00, 0x00, 0x00,
  0x00, 0x00, 0x00, 0x00, 0x00, 0x00, 0x00, 0x00, 0x00, 0x00, 0x00, 0x00, 0x00, 0x00, 0x00, 0x00,
  0x00, 0x00, 0x00, 0x00, 0x00, 0x00, 0x00, 0x00, 0x00, 0x00, 0x00, 0x00, 0x00, 0x00, 0x00, 0x00,
  0x00, 0x00, 0x00, 0x00, 0x00, 0x00, 0x00, 0x00, 0x00, 0x00, 0x00, 0x00, 0x00, 0x00, 0x00, 0x00,
  0x00, 0x00, 0x00, 0x00, 0x00, 0x00, 0x00, 0x00, 0x00, 0x00, 0x00, 0x00, 0x00, 0x00, 0x00, 0x00,
  0x00, 0x00, 0x00, 0x00, 0x00, 0x00, 0x00, 0x00, 0x00, 0x00, 0x00, 0x00, 0x00, 0x00, 0x00, 0x00,
  0x00, 0x00, 0x00, 0x00, 0x00, 0x00, 0x00, 0x00, 0x00, 0x00, 0x00, 0x00, 0x00, 0x00, 0x00, 0x00,
  0x00, 0x00, 0x00, 0x00, 0x00, 0x00, 0x00, 0x00, 0x00, 0x00, 0x00, 0x00, 0x00, 0x00, 0x00, 0x00,
  0x00, 0x00, 0x00, 0x00, 0x00, 0x00, 0x00, 0x00, 0x00, 0x00, 0x00, 0x00, 0x00, 0x00, 0x00, 0x00,
  0x00, 0x00, 0x00, 0x00, 0x00, 0x00, 0x00, 0x00, 0x00, 0x00, 0x00, 0x00, 0x00, 0x00, 0x00, 0x00,
  0x00, 0x00, 0x00, 0x00, 0x00, 0x00, 0x00, 0x00, 0x00, 0x00, 0x00, 0x00, 0x00, 0x00, 0x00, 0x00,
  0x00, 0x00, 0x00, 0x00, 0x00, 0x00, 0x00, 0x00, 0x00, 0x00, 0x00, 0x00, 0x00, 0x00, 0x00, 0x00,
  0x00, 0x00, 0x00, 0x00, 0x00, 0x00, 0x00, 0x00, 0x00, 0x00, 0x00, 0x00, 0x00, 0x00, 0x00, 0x00,
  0x00, 0x00, 0x00, 0x00, 0x00, 0x00, 0x00, 0x00, 0x00, 0x00, 0x00, 0x00, 0x00, 0x00, 0x00, 0x00,
  0x00, 0x00, 0x00, 0x00, 0x00, 0x00, 0x00, 0x00, 0x00, 0x00, 0x00, 0x00, 0x00, 0x00, 0x00, 0x00,
  0x00, 0x00, 0x00, 0x00, 0x00, 0x00, 0x00, 0x00, 0x00, 0x00, 0x00, 0x00, 0x00, 0x00, 0x00, 0x00,
  0x00, 0x00, 0x00, 0x00, 0x00, 0x00, 0x00, 0x00, 0x00, 0x00, 0x00, 0x00, 0x00, 0x00, 0x00, 0x00,
  0x00, 0x00, 0x00, 0x00, 0x00, 0x00, 0x00, 0x00, 0x00, 0x00, 0x00, 0x00, 0x00, 0x00, 0x00, 0x00,
  0x00, 0x00, 0x00, 0x00, 0x00, 0x00, 0x00, 0x00, 0x00, 0x00, 0x00, 0x00, 0x00, 0x00, 0x00, 0x00,
  0x00, 0x00, 0x00, 0x00, 0x00, 0x00, 0x00, 0x00, 0x00, 0x00, 0x00, 0x00, 0x00, 0x00, 0x00, 0x00,
  0x00, 0x00, 0x00, 0x00, 0x00, 0x00, 0x00, 0x00, 0x00, 0x00, 0x00, 0x00, 0x41, 0x20, 0x61, 0x30,
  0xc3, 0x40, 0xe5, 0x48, 0x46, 0x51, 0xc8, 0x51, 0x28, 0x52, 0x28, 0x4a, 0x28, 0x4a, 0x28, 0x4a,
  0x08, 0x42, 0x08, 0x42, 0xe8, 0x41, 0xe8, 0x41, 0xe7, 0x41, 0xe7, 0x41, 0xc7, 0x41, 0xc7, 0x41,
  0xc8, 0x41, 0xc8, 0x41, 0xc7, 0x41, 0xc7, 0x41, 0xe7, 0x41, 0xe7, 0x41, 0xe7, 0x41, 0xe7, 0x41,
  0xe7, 0x41, 0xe7, 0x41, 0xe7, 0x41, 0xe7, 0x41, 0xe7, 0x39, 0xe7, 0x39, 0xe7, 0x39, 0xe7, 0x41,
  0xe7, 0x41, 0xc7, 0x49, 0x86, 0x41, 0x66, 0x49, 0xc4, 0x38, 0xa3, 0x38, 0x82, 0x30, 0x00, 0x00,
  0x00, 0x00, 0x00, 0x00, 0x00, 0x00, 0x00, 0x00, 0x00, 0x00, 0x00, 0x00, 0x00, 0x00, 0x00, 0x00,
  0x00, 0x00, 0x00, 0x00, 0x00, 0x00, 0x00, 0x00, 0x00, 0x00, 0x00, 0x00, 0x00, 0x00, 0x00, 0x00,
  0x00, 0x00, 0x00, 0x00, 0x00, 0x00, 0x00, 0x00, 0x00, 0x00, 0x00, 0x00, 0x00, 0x00, 0x00, 0x00,
  0x00, 0x00, 0x00, 0x00, 0x00, 0x00, 0x00, 0x00, 0x00, 0x00, 0x00, 0x00, 0x00, 0x00, 0x00, 0x00,
  0x00, 0x00, 0x00, 0x00, 0x00, 0x00, 0x00, 0x00, 0x00, 0x00, 0x00, 0x00, 0x00, 0x00, 0x00, 0x00,
  0x00, 0x00, 0x00, 0x00, 0x00, 0x00, 0x00, 0x00, 0x00, 0x00, 0x00, 0x00, 0x00, 0x00, 0x00, 0x00,
  0x00, 0x00, 0x00, 0x00, 0x00, 0x00, 0x00, 0x00, 0x00, 0x00, 0x00, 0x00, 0x00, 0x00, 0x00, 0x00,
  0x00, 0x00, 0x00, 0x00, 0x00, 0x00, 0x00, 0x00, 0x00, 0x00, 0x00, 0x00, 0x00, 0x00, 0x00, 0x00,
  0x00, 0x00, 0x00, 0x00, 0x00, 0x00, 0x00, 0x00, 0x00, 0x00, 0x00, 0x00, 0x00, 0x00, 0x00, 0x00,
  0x00, 0x00, 0x00, 0x00, 0x00, 0x00, 0x00, 0x00, 0x00, 0x00, 0x00, 0x00, 0x00, 0x00, 0x00, 0x00,
  0x00, 0x00, 0x00, 0x00, 0x00, 0x00, 0x00, 0x00, 0x00, 0x00, 0x00, 0x00, 0x00, 0x00, 0x00, 0x00,
  0x00, 0x00, 0x00, 0x00, 0x00, 0x00, 0x00, 0x00, 0x00, 0x00, 0x00, 0x00, 0x00, 0x00, 0x00, 0x00,
  0x00, 0x00, 0x00, 0x00, 0x00, 0x00, 0x00, 0x00, 0x00, 0x00, 0x00, 0x00, 0x00, 0x00, 0x00, 0x00,
  0x00, 0x00, 0x00, 0x00, 0x00, 0x00, 0x00, 0x00, 0x00, 0x00, 0x00, 0x00, 0x00, 0x00, 0x00, 0x00,
  0x00, 0x00, 0x00, 0x00, 0x00, 0x00, 0x00, 0x00, 0x00, 0x00, 0x00, 0x00, 0x00, 0x00, 0x00, 0x00,
  0x00, 0x00, 0x00, 0x00, 0x00, 0x00, 0x00, 0x00, 0x00, 0x00, 0x00, 0x00, 0x00, 0x00, 0x00, 0x00,
  0x00, 0x00, 0x00, 0x00, 0x00, 0x00, 0x00, 0x00, 0x00, 0x00, 0x00, 0x00, 0x00, 0x00, 0x00, 0x00,
  0x00, 0x00, 0x00, 0x00, 0x00, 0x00, 0x00, 0x00, 0x00, 0x00, 0x00, 0x00, 0x00, 0x00, 0x00, 0x00,
  0x00, 0x00, 0x00, 0x00, 0x00, 0x00, 0x00, 0x00, 0x00, 0x00, 0x00, 0x00, 0x00, 0x00, 0x00, 0x00,
  0x00, 0x00, 0x00, 0x00, 0x00, 0x00, 0x00, 0x00, 0x00, 0x00, 0x00, 0x00, 0x00, 0x00, 0x00, 0x00,
  0x00, 0x00, 0x00, 0x00, 0x00, 0x00, 0x00, 0x00, 0x00, 0x00, 0x00, 0x00, 0x00, 0x00, 0x00, 0x00,
  0x00, 0x00, 0x00, 0x00, 0x00, 0x00, 0x00, 0x00, 0x00, 0x00, 0x00, 0x00, 0x00, 0x00, 0x00, 0x00,
  0x00, 0x00, 0x00, 0x00, 0x00, 0x00, 0x00, 0x00, 0x00, 0x00, 0x00, 0x00, 0x00, 0x00, 0x00, 0x00,
  0x00, 0x00, 0x00, 0x00, 0x00, 0x00, 0x00, 0x00, 0x00, 0x00, 0x00, 0x00, 0x00, 0x00, 0x00, 0x00,
  0x00, 0x00, 0x00, 0x00, 0x00, 0x00, 0x00, 0x00, 0x00, 0x00, 0x00, 0x00, 0x00, 0x00, 0x00, 0x00,
  0x00, 0x00, 0x00, 0x00, 0x00, 0x00, 0x00, 0x00, 0x00, 0x00, 0x00, 0x00, 0x00, 0x00, 0x00, 0x00,
  0x00, 0x00, 0x61, 0x40, 0x61, 0x48, 0xc3, 0x48, 0x05, 0x49, 0xa7, 0x49, 0x49, 0x52, 0x8a, 0x5a,
  0x69, 0x4a, 0x48, 0x4a, 0x28, 0x42, 0x28, 0x42, 0x08, 0x42, 0x08, 0x42, 0x08, 0x42, 0xe8, 0x41,
  0xe8, 0x41, 0xe7, 0x41, 0xe7, 0x41, 0xc7, 0x41, 0xc8, 0x41, 0xc8, 0x41, 0xc7, 0x41, 0xc7, 0x41,
  0xc7, 0x41, 0xc7, 0x41, 0xe7, 0x41, 0xe7, 0x41, 0xe7, 0x41, 0xe7, 0x41, 0xe7, 0x41, 0xe7, 0x41,
  0xe7, 0x39, 0xe7, 0x39, 0xe7, 0x41, 0xe7, 0x41, 0xc7, 0x41, 0xc7, 0x41, 0xa7, 0x49, 0xa7, 0x49,
  0x86, 0x49, 0xe4, 0x38, 0xc3, 0x38, 0x61, 0x28, 0x00, 0x00, 0x00, 0x00, 0x00, 0x00, 0x00, 0x00,
  0x00, 0x00, 0x00, 0x00, 0x00, 0x00, 0x00, 0x00, 0x00, 0x00, 0x00, 0x00, 0x00, 0x00, 0x00, 0x00,
  0x00, 0x00, 0x00, 0x00, 0x00, 0x00, 0x00, 0x00, 0x00, 0x00, 0x00, 0x00, 0x00, 0x00, 0x00, 0x00,
  0x00, 0x00, 0x00, 0x00, 0x00, 0x00, 0x00, 0x00, 0x00, 0x00, 0x00, 0x00, 0x00, 0x00, 0x00, 0x00,
  0x00, 0x00, 0x00, 0x00, 0x00, 0x00, 0x00, 0x00, 0x00, 0x00, 0x00, 0x00, 0x00, 0x00, 0x00, 0x00,
  0x00, 0x00, 0x00, 0x00, 0x00, 0x00, 0x00, 0x00, 0x00, 0x00, 0x00, 0x00, 0x00, 0x00, 0x00, 0x00,
  0x00, 0x00, 0x00, 0x00, 0x00, 0x00, 0x00, 0x00, 0x00, 0x00, 0x00, 0x00, 0x00, 0x00, 0x00, 0x00,
  0x00, 0x00, 0x00, 0x00, 0x00, 0x00, 0x00, 0x00, 0x00, 0x00, 0x00, 0x00, 0x00, 0x00, 0x00, 0x00,
  0x00, 0x00, 0x00, 0x00, 0x00, 0x00, 0x00, 0x00, 0x00, 0x00, 0x00, 0x00, 0x00, 0x00, 0x00, 0x00,
  0x00, 0x00, 0x00, 0x00, 0x00, 0x00, 0x00, 0x00, 0x00, 0x00, 0x00, 0x00, 0x00, 0x00, 0x00, 0x00,
  0x00, 0x00, 0x00, 0x00, 0x00, 0x00, 0x00, 0x00, 0x00, 0x00, 0x00, 0x00, 0x00, 0x00, 0x00, 0x00,
  0x00, 0x00, 0x00, 0x00, 0x00, 0x00, 0x00, 0x00, 0x00, 0x00, 0x00, 0x00, 0x00, 0x00, 0x00, 0x00,
  0x00, 0x00, 0x00, 0x00, 0x00, 0x00, 0x00, 0x00, 0x00, 0x00, 0x00, 0x00, 0x00, 0x00, 0x00, 0x00,
  0x00, 0x00, 0x00, 0x00, 0x00, 0x00, 0x00, 0x00, 0x00, 0x00, 0x00, 0x00, 0x00, 0x00, 0x00, 0x00,
  0x00, 0x00, 0x00, 0x00, 0x00, 0x00, 0x00, 0x00, 0x00, 0x00, 0x00, 0x00, 0x00, 0x00, 0x00, 0x00,
  0x00, 0x00, 0x00, 0x00, 0x00, 0x00, 0x00, 0x00, 0x00, 0x00, 0x00, 0x00, 0x00, 0x00, 0x00, 0x00,
  0x00, 0x00, 0x00, 0x00, 0x00, 0x00, 0x00, 0x00, 0x00, 0x00, 0x00, 0x00, 0x00, 0x00, 0x00, 0x00,
  0x00, 0x00, 0x00, 0x00, 0x00, 0x00, 0x00, 0x00, 0x00, 0x00, 0x00, 0x00, 0x00, 0x00, 0x00, 0x00,
  0x00, 0x00, 0x00, 0x00, 0x00, 0x00, 0x00, 0x00, 0x00, 0x00, 0x00, 0x00, 0x00, 0x00, 0x00, 0x00,
  0x00, 0x00, 0x00, 0x00, 0x00, 0x00, 0x00, 0x00, 0x00, 0x00, 0x00, 0x00, 0x00, 0x00, 0x00, 0x00,
  0x00, 0x00, 0x00, 0x00, 0x00, 0x00, 0x00, 0x00, 0x00, 0x00, 0x00, 0x00, 0x00, 0x00, 0x00, 0x00,
  0x00, 0x00, 0x00, 0x00, 0x00, 0x00, 0x00, 0x00, 0x00, 0x00, 0x00, 0x00, 0x00, 0x00, 0x00, 0x00,
  0x00, 0x00, 0x00, 0x00, 0x00, 0x00, 0x00, 0x00, 0x00, 0x00, 0x00, 0x00, 0x00, 0x00, 0x00, 0x00,
  0x00, 0x00, 0x00, 0x00, 0x00, 0x00, 0x00, 0x00, 0x00, 0x00, 0x00, 0x00, 0x00, 0x00, 0x00, 0x00,
  0x00, 0x00, 0x00, 0x00, 0x00, 0x00, 0x00, 0x00, 0x00, 0x00, 0x00, 0x00, 0x00, 0x00, 0x00, 0x00,
  0x00, 0x00, 0x00, 0x00, 0x00, 0x00, 0x00, 0x00, 0x00, 0x00, 0x00, 0x00, 0x00, 0x00, 0x00, 0x00,
  0x00, 0x00, 0x00, 0x00, 0x00, 0x00, 0x00, 0x00, 0x41, 0x40, 0x41, 0x48, 0xe3, 0x48, 0x86, 0x59,
  0x08, 0x5a, 0x49, 0x52, 0x8a, 0x52, 0x8a, 0x4a, 0x69, 0x4a, 0x48, 0x4a, 0x28, 0x42, 0x28, 0x42,
  0x08, 0x42, 0x08, 0x42, 0x08, 0x42, 0xe8, 0x41, 0xe8, 0x41, 0xe7, 0x41, 0xe7, 0x41, 0xc7, 0x41,
  0xc8, 0x41, 0xc8, 0x41, 0xc7, 0x41, 0xc7, 0x41, 0xc7, 0x41, 0xc7, 0x41, 0xe7, 0x41, 0xe7, 0x41,
  0xe7, 0x41, 0xe7, 0x41, 0xe7, 0x41, 0xe7, 0x41, 0xe7, 0x41, 0xe7, 0x41, 0xe7, 0x41, 0xc7, 0x41,
  0xc7, 0x41, 0xc7, 0x41, 0xc7, 0x41, 0xc7, 0x41, 0xa7, 0x41, 0xa6, 0x49, 0xc3, 0x30, 0xc3, 0x38,
  0xa2, 0x38, 0x00, 0x00, 0x00, 0x00, 0x00, 0x00, 0x00, 0x00, 0x00, 0x00, 0x00, 0x00, 0x00, 0x00,
  0x00, 0x00, 0x00, 0x00, 0x00, 0x00, 0x00, 0x00, 0x00, 0x00, 0x00, 0x00, 0x00, 0x00, 0x00, 0x00,
  0x00, 0x00, 0x00, 0x00, 0x00, 0x00, 0x00, 0x00, 0x00, 0x00, 0x00, 0x00, 0x00, 0x00, 0x00, 0x00,
  0x00, 0x00, 0x00, 0x00, 0x00, 0x00, 0x00, 0x00, 0x00, 0x00, 0x00, 0x00, 0x00, 0x00, 0x00, 0x00,
  0x00, 0x00, 0x00, 0x00, 0x00, 0x00, 0x00, 0x00, 0x00, 0x00, 0x00, 0x00, 0x00, 0x00, 0x00, 0x00,
  0x00, 0x00, 0x00, 0x00, 0x00, 0x00, 0x00, 0x00, 0x00, 0x00, 0x00, 0x00, 0x00, 0x00, 0x00, 0x00,
  0x00, 0x00, 0x00, 0x00, 0x00, 0x00, 0x00, 0x00, 0x00, 0x00, 0x00, 0x00, 0x00, 0x00, 0x00, 0x00,
  0x00, 0x00, 0x00, 0x00, 0x00, 0x00, 0x00, 0x00, 0x00, 0x00, 0x00, 0x00, 0x00, 0x00, 0x00, 0x00,
  0x00, 0x00, 0x00, 0x00, 0x00, 0x00, 0x00, 0x00, 0x00, 0x00, 0x00, 0x00, 0x00, 0x00, 0x00, 0x00,
  0x00, 0x00, 0x00, 0x00, 0x00, 0x00, 0x00, 0x00, 0x00, 0x00, 0x00, 0x00, 0x00, 0x00, 0x00, 0x00,
  0x00, 0x00, 0x00, 0x00, 0x00, 0x00, 0x00, 0x00, 0x00, 0x00, 0x00, 0x00, 0x00, 0x00, 0x00, 0x00,
  0x00, 0x00, 0x00, 0x00, 0x00, 0x00, 0x00, 0x00, 0x00, 0x00, 0x00, 0x00, 0x00, 0x00, 0x00, 0x00,
  0x00, 0x00, 0x00, 0x00, 0x00, 0x00, 0x00, 0x00, 0x00, 0x00, 0x00, 0x00, 0x00, 0x00, 0x00, 0x00,
  0x00, 0x00, 0x00, 0x00, 0x00, 0x00, 0x00, 0x00, 0x00, 0x00, 0x00, 0x00, 0x00, 0x00, 0x00, 0x00,
  0x00, 0x00, 0x00, 0x00, 0x00, 0x00, 0x00, 0x00, 0x00, 0x00, 0x00, 0x00, 0x00, 0x00, 0x00, 0x00,
  0x00, 0x00, 0x00, 0x00, 0x00, 0x00, 0x00, 0x00, 0x00, 0x00, 0x00, 0x00, 0x00, 0x00, 0x00, 0x00,
  0x00, 0x00, 0x00, 0x00, 0x00, 0x00, 0x00, 0x00, 0x00, 0x00, 0x00, 0x00, 0x00, 0x00, 0x00, 0x00,
  0x00, 0x00, 0x00, 0x00, 0x00, 0x00, 0x00, 0x00, 0x00, 0x00, 0x00, 0x00, 0x00, 0x00, 0x00, 0x00,
  0x00, 0x00, 0x00, 0x00, 0x00, 0x00, 0x00, 0x00, 0x00, 0x00, 0x00, 0x00, 0x00, 0x00, 0x00, 0x00,
  0x00, 0x00, 0x00, 0x00, 0x00, 0x00, 0x00, 0x00, 0x00, 0x00, 0x00, 0x00, 0x00, 0x00, 0x00, 0x00,
  0x00, 0x00, 0x00, 0x00, 0x00, 0x00, 0x00, 0x00, 0x00, 0x00, 0x00, 0x00, 0x00, 0x00, 0x00, 0x00,
  0x00, 0x00, 0x00, 0x00, 0x00, 0x00, 0x00, 0x00, 0x00, 0x00, 0x00, 0x00, 0x00, 0x00, 0x00, 0x00,
  0x00, 0x00, 0x00, 0x00, 0x00, 0x00, 0x00, 0x00, 0x00, 0x00, 0x00, 0x00, 0x00, 0x00, 0x00, 0x00,
  0x00, 0x00, 0x00, 0x00, 0x00, 0x00, 0x00, 0x00, 0x00, 0x00, 0x00, 0x00, 0x00, 0x00, 0x00, 0x00,
  0x00, 0x00, 0x00, 0x00, 0x00, 0x00, 0x00, 0x00, 0x00, 0x00, 0x00, 0x00, 0x00, 0x00, 0x00, 0x00,
  0x00, 0x00, 0x00, 0x00, 0x00, 0x00, 0x00, 0x00, 0x00, 0x00, 0x00, 0x00, 0x20, 0x10, 0x82, 0x48,
  0xc3, 0x40, 0x45, 0x49, 0xe7, 0x59, 0x89, 0x62, 0x89, 0x5a, 0x69, 0x52, 0x69, 0x4a, 0x69, 0x4a,
  0x49, 0x4a, 0x28, 0x4a, 0x28, 0x4a, 0x08, 0x42, 0x08, 0x42, 0x08, 0x42, 0x08, 0x42, 0xe8, 0x41,
  0xe8, 0x41, 0xe7, 0x41, 0xe7, 0x41, 0xe7, 0x41, 0xe7, 0x41, 0xe7, 0x41, 0xe7, 0x41, 0xe7, 0x41,
  0xe7, 0x41, 0xe7, 0x41, 0xe7, 0x41, 0xe7, 0x41, 0xe7, 0x41, 0xe7, 0x41, 0xe7, 0x41, 0xe7, 0x41,
  0xc7, 0x41, 0xc7, 0x41, 0xc7, 0x41, 0xc7, 0x41, 0xc7, 0x41, 0xc7, 0x41, 0xc7, 0x41, 0xc7, 0x41,
  0xe7, 0x39, 0x86, 0x31, 0xa6, 0x41, 0x04, 0x39, 0x04, 0x49, 0x82, 0x30, 0x00, 0x00, 0x00, 0x00,
  0x00, 0x00, 0x00, 0x00, 0x00, 0x00, 0x00, 0x00, 0x00, 0x00, 0x00, 0x00, 0x00, 0x00, 0x00, 0x00,
  0x00, 0x00, 0x00, 0x00, 0x00, 0x00, 0x00, 0x00, 0x00, 0x00, 0x00, 0x00, 0x00, 0x00, 0x00, 0x00,
  0x00, 0x00, 0x00, 0x00, 0x00, 0x00, 0x00, 0x00, 0x00, 0x00, 0x00, 0x00, 0x00, 0x00, 0x00, 0x00,
  0x00, 0x00, 0x00, 0x00, 0x00, 0x00, 0x00, 0x00, 0x00, 0x00, 0x00, 0x00, 0x00, 0x00, 0x00, 0x00,
  0x00, 0x00, 0x00, 0x00, 0x00, 0x00, 0x00, 0x00, 0x00, 0x00, 0x00, 0x00, 0x00, 0x00, 0x00, 0x00,
  0x00, 0x00, 0x00, 0x00, 0x00, 0x00, 0x00, 0x00, 0x00, 0x00, 0x00, 0x00, 0x00, 0x00, 0x00, 0x00,
  0x00, 0x00, 0x00, 0x00, 0x00, 0x00, 0x00, 0x00, 0x00, 0x00, 0x00, 0x00, 0x00, 0x00, 0x00, 0x00,
  0x00, 0x00, 0x00, 0x00, 0x00, 0x00, 0x00, 0x00, 0x00, 0x00, 0x00, 0x00, 0x00, 0x00, 0x00, 0x00,
  0x00, 0x00, 0x00, 0x00, 0x00, 0x00, 0x00, 0x00, 0x00, 0x00, 0x00, 0x00, 0x00, 0x00, 0x00, 0x00,
  0x00, 0x00, 0x00, 0x00, 0x00, 0x00, 0x00, 0x00, 0x00, 0x00, 0x00, 0x00, 0x00, 0x00, 0x00, 0x00,
  0x00, 0x00, 0x00, 0x00, 0x00, 0x00, 0x00, 0x00, 0x00, 0x00, 0x00, 0x00, 0x00, 0x00, 0x00, 0x00,
  0x00, 0x00, 0x00, 0x00, 0x00, 0x00, 0x00, 0x00, 0x00, 0x00, 0x00, 0x00, 0x00, 0x00, 0x00, 0x00,
  0x00, 0x00, 0x00, 0x00, 0x00, 0x00, 0x00, 0x00, 0x00, 0x00, 0x00, 0x00, 0x00, 0x00, 0x00, 0x00,
  0x00, 0x00, 0x00, 0x00, 0x00, 0x00, 0x00, 0x00, 0x00, 0x00, 0x00, 0x00, 0x00, 0x00, 0x00, 0x00,
  0x00, 0x00, 0x00, 0x00, 0x00, 0x00, 0x00, 0x00, 0x00, 0x00, 0x00, 0x00, 0x00, 0x00, 0x00, 0x00,
  0x00, 0x00, 0x00, 0x00, 0x00, 0x00, 0x00, 0x00, 0x00, 0x00, 0x00, 0x00, 0x00, 0x00, 0x00, 0x00,
  0x00, 0x00, 0x00, 0x00, 0x00, 0x00, 0x00, 0x00, 0x00, 0x00, 0x00, 0x00, 0x00, 0x00, 0x00, 0x00,
  0x00, 0x00, 0x00, 0x00, 0x00, 0x00, 0x00, 0x00, 0x00, 0x00, 0x00, 0x00, 0x00, 0x00, 0x00, 0x00,
  0x00, 0x00, 0x00, 0x00, 0x00, 0x00, 0x00, 0x00, 0x00, 0x00, 0x00, 0x00, 0x00, 0x00, 0x00, 0x00,
  0x00, 0x00, 0x00, 0x00, 0x00, 0x00, 0x00, 0x00, 0x00, 0x00, 0x00, 0x00, 0x00, 0x00, 0x00, 0x00,
  0x00, 0x00, 0x00, 0x00, 0x00, 0x00, 0x00, 0x00, 0x00, 0x00, 0x00, 0x00, 0x00, 0x00, 0x00, 0x00,
  0x00, 0x00, 0x00, 0x00, 0x00, 0x00, 0x00, 0x00, 0x00, 0x00, 0x00, 0x00, 0x00, 0x00, 0x00, 0x00,
  0x00, 0x00, 0x00, 0x00, 0x00, 0x00, 0x00, 0x00, 0x00, 0x00, 0x00, 0x00, 0x00, 0x00, 0x00, 0x00,
  0x00, 0x00, 0x00, 0x00, 0x00, 0x00, 0x00, 0x00, 0x00, 0x00, 0x00, 0x00, 0x00, 0x00, 0x00, 0x00,
  0x00, 0x00, 0x00, 0x00, 0x00, 0x00, 0x00, 0x00, 0x00, 0x00, 0x00, 0x00, 0x00, 0x00, 0x00, 0x00,
  0x00, 0x00, 0x41, 0x28, 0x83, 0x48, 0xa3, 0x40, 0x66, 0x49, 0xe7, 0x51, 0x49, 0x52, 0x49, 0x52,
  0x89, 0x52, 0x69, 0x52, 0x68, 0x4a, 0x28, 0x42, 0x49, 0x4a, 0x28, 0x52, 0x28, 0x4a, 0x08, 0x4a,
  0x08, 0x42, 0x08, 0x42, 0x08, 0x42, 0xe8, 0x41, 0xe8, 0x41, 0xe7, 0x41, 0xe7, 0x41, 0xe7, 0x41,
  0xe7, 0x41, 0xe7, 0x41, 0xe7, 0x41, 0xe7, 0x41, 0xc7, 0x41, 0xe7, 0x41, 0xe7, 0x41, 0xe7, 0x41,
  0xe7, 0x41, 0xe7, 0x41, 0xe7, 0x41, 0xe7, 0x41, 0xc7, 0x41, 0xc7, 0x41, 0xc7, 0x41, 0xc7, 0x41,
  0xc7, 0x41, 0xc7, 0x41, 0xc7, 0x41, 0xc7, 0x41, 0xa6, 0x31, 0xe7, 0x39, 0xc6, 0x41, 0xa6, 0x49,
  0x04, 0x41, 0xe3, 0x48, 0xa2, 0x38, 0x00, 0x00, 0x00, 0x00, 0x00, 0x00, 0x00, 0x00, 0x00, 0x00,
  0x00, 0x00, 0x00, 0x00, 0x00, 0x00, 0x00, 0x00, 0x00, 0x00, 0x00, 0x00, 0x00, 0x00, 0x00, 0x00,
  0x00, 0x00, 0x00, 0x00, 0x00, 0x00, 0x00, 0x00, 0x00, 0x00, 0x00, 0x00, 0x00, 0x00, 0x00, 0x00,
  0x00, 0x00, 0x00, 0x00, 0x00, 0x00, 0x00, 0x00, 0x00, 0x00, 0x00, 0x00, 0x00, 0x00, 0x00, 0x00,
  0x00, 0x00, 0x00, 0x00, 0x00, 0x00, 0x00, 0x00, 0x00, 0x00, 0x00, 0x00, 0x00, 0x00, 0x00, 0x00,
  0x00, 0x00, 0x00, 0x00, 0x00, 0x00, 0x00, 0x00, 0x00, 0x00, 0x00, 0x00, 0x00, 0x00, 0x00, 0x00,
  0x00, 0x00, 0x00, 0x00, 0x00, 0x00, 0x00, 0x00, 0x00, 0x00, 0x00, 0x00, 0x00, 0x00, 0x00, 0x00,
  0x00, 0x00, 0x00, 0x00, 0x00, 0x00, 0x00, 0x00, 0x00, 0x00, 0x00, 0x00, 0x00, 0x00, 0x00, 0x00,
  0x00, 0x00, 0x00, 0x00, 0x00, 0x00, 0x00, 0x00, 0x00, 0x00, 0x00, 0x00, 0x00, 0x00, 0x00, 0x00,
  0x00, 0x00, 0x00, 0x00, 0x00, 0x00, 0x00, 0x00, 0x00, 0x00, 0x00, 0x00, 0x00, 0x00, 0x00, 0x00,
  0x00, 0x00, 0x00, 0x00, 0x00, 0x00, 0x00, 0x00, 0x00, 0x00, 0x00, 0x00, 0x00, 0x00, 0x00, 0x00,
  0x00, 0x00, 0x00, 0x00, 0x00, 0x00, 0x00, 0x00, 0x00, 0x00, 0x00, 0x00, 0x00, 0x00, 0x00, 0x00,
  0x00, 0x00, 0x00, 0x00, 0x00, 0x00, 0x00, 0x00, 0x00, 0x00, 0x00, 0x00, 0x00, 0x00, 0x00, 0x00,
  0x00, 0x00, 0x00, 0x00, 0x00, 0x00, 0x00, 0x00, 0x00, 0x00, 0x00, 0x00, 0x00, 0x00, 0x00, 0x00,
  0x00, 0x00, 0x00, 0x00, 0x00, 0x00, 0x00, 0x00, 0x00, 0x00, 0x00, 0x00, 0x00, 0x00, 0x00, 0x00,
  0x00, 0x00, 0x00, 0x00, 0x00, 0x00, 0x00, 0x00, 0x00, 0x00, 0x00, 0x00, 0x00, 0x00, 0x00, 0x00,
  0x00, 0x00, 0x00, 0x00, 0x00, 0x00, 0x00, 0x00, 0x00, 0x00, 0x00, 0x00, 0x00, 0x00, 0x00, 0x00,
  0x00, 0x00, 0x00, 0x00, 0x00, 0x00, 0x00, 0x00, 0x00, 0x00, 0x00, 0x00, 0x00, 0x00, 0x00, 0x00,
  0x00, 0x00, 0x00, 0x00, 0x00, 0x00, 0x00, 0x00, 0x00, 0x00, 0x00, 0x00, 0x00, 0x00, 0x00, 0x00,
  0x00, 0x00, 0x00, 0x00, 0x00, 0x00, 0x00, 0x00, 0x00, 0x00, 0x00, 0x00, 0x00, 0x00, 0x00, 0x00,
  0x00, 0x00, 0x00, 0x00, 0x00, 0x00, 0x00, 0x00, 0x00, 0x00, 0x00, 0x00, 0x00, 0x00, 0x00, 0x00,
  0x00, 0x00, 0x00, 0x00, 0x00, 0x00, 0x00, 0x00, 0x00, 0x00, 0x00, 0x00, 0x00, 0x00, 0x00, 0x00,
  0x00, 0x00, 0x00, 0x00, 0x00, 0x00, 0x00, 0x00, 0x00, 0x00, 0x00, 0x00, 0x00, 0x00, 0x00, 0x00,
  0x00, 0x00, 0x00, 0x00, 0x00, 0x00, 0x00, 0x00, 0x00, 0x00, 0x00, 0x00, 0x00, 0x00, 0x00, 0x00,
  0x00, 0x00, 0x00, 0x00, 0x00, 0x00, 0x00, 0x00, 0x00, 0x00, 0x00, 0x00, 0x00, 0x00, 0x00, 0x00,
  0x00, 0x00, 0x00, 0x00, 0x00, 0x00, 0x20, 0x10, 0x82, 0x30, 0x82, 0x40, 0xc3, 0x40, 0xa6, 0x51,
  0x08, 0x52, 0x28, 0x4a, 0x29, 0x4a, 0x29, 0x4a, 0x49, 0x4a, 0x49, 0x4a, 0x49, 0x4a, 0x49, 0x4a,
  0x49, 0x4a, 0x29, 0x4a, 0x28, 0x4a, 0x28, 0x4a, 0x08, 0x4a, 0x08, 0x42, 0x08, 0x42, 0x07, 0x42,
  0x07, 0x42, 0xe7, 0x41, 0xe7, 0x41, 0xe7, 0x41, 0xc7, 0x41, 0xc7, 0x41, 0xc7, 0x41, 0xc7, 0x41,
  0xc7, 0x41, 0xc7, 0x41, 0xe7, 0x41, 0xe7, 0x41, 0xe7, 0x39, 0xe7, 0x39, 0xe7, 0x39, 0xe7, 0x39,
  0xe7, 0x41, 0xc7, 0x41, 0xc8, 0x41, 0xc8, 0x41, 0x45, 0x31, 0x66, 0x31, 0x87, 0x39, 0xa7, 0x39,
  0xa7, 0x41, 0xa7, 0x41, 0x66, 0x41, 0x45, 0x41, 0x45, 0x49, 0x04, 0x51, 0xc3, 0x40, 0x04, 0x59,
  0x00, 0x00, 0x00, 0x00, 0x00, 0x00, 0x00, 0x00, 0x00, 0x00, 0x00, 0x00, 0x00, 0x00, 0x00, 0x00,
  0x00, 0x00, 0x00, 0x00, 0x00, 0x00, 0x00, 0x00, 0x00, 0x00, 0x00, 0x00, 0x00, 0x00, 0x00, 0x00,
  0x00, 0x00, 0x00, 0x00, 0x00, 0x00, 0x00, 0x00, 0x00, 0x00, 0x00, 0x00, 0x00, 0x00, 0x00, 0x00,
  0x00, 0x00, 0x00, 0x00, 0x00, 0x00, 0x00, 0x00, 0x00, 0x00, 0x00, 0x00, 0x00, 0x00, 0x00, 0x00,
  0x00, 0x00, 0x00, 0x00, 0x00, 0x00, 0x00, 0x00, 0x00, 0x00, 0x00, 0x00, 0x00, 0x00, 0x00, 0x00,
  0x00, 0x00, 0x00, 0x00, 0x00, 0x00, 0x00, 0x00, 0x00, 0x00, 0x00, 0x00, 0x00, 0x00, 0x00, 0x00,
  0x00, 0x00, 0x00, 0x00, 0x00, 0x00, 0x00, 0x00, 0x00, 0x00, 0x00, 0x00, 0x00, 0x00, 0x00, 0x00,
  0x00, 0x00, 0x00, 0x00, 0x00, 0x00, 0x00, 0x00, 0x00, 0x00, 0x00, 0x00, 0x00, 0x00, 0x00, 0x00,
  0x00, 0x00, 0x00, 0x00, 0x00, 0x00, 0x00, 0x00, 0x00, 0x00, 0x00, 0x00, 0x00, 0x00, 0x00, 0x00,
  0x00, 0x00, 0x00, 0x00, 0x00, 0x00, 0x00, 0x00, 0x00, 0x00, 0x00, 0x00, 0x00, 0x00, 0x00, 0x00,
  0x00, 0x00, 0x00, 0x00, 0x00, 0x00, 0x00, 0x00, 0x00, 0x00, 0x00, 0x00, 0x00, 0x00, 0x00, 0x00,
  0x00, 0x00, 0x00, 0x00, 0x00, 0x00, 0x00, 0x00, 0x00, 0x00, 0x00, 0x00, 0x00, 0x00, 0x00, 0x00,
  0x00, 0x00, 0x00, 0x00, 0x00, 0x00, 0x00, 0x00, 0x00, 0x00, 0x00, 0x00, 0x00, 0x00, 0x00, 0x00,
  0x00, 0x00, 0x00, 0x00, 0x00, 0x00, 0x00, 0x00, 0x00, 0x00, 0x00, 0x00, 0x00, 0x00, 0x00, 0x00,
  0x00, 0x00, 0x00, 0x00, 0x00, 0x00, 0x00, 0x00, 0x00, 0x00, 0x00, 0x00, 0x00, 0x00, 0x00, 0x00,
  0x00, 0x00, 0x00, 0x00, 0x00, 0x00, 0x00, 0x00, 0x00, 0x00, 0x00, 0x00, 0x00, 0x00, 0x00, 0x00,
  0x00, 0x00, 0x00, 0x00, 0x00, 0x00, 0x00, 0x00, 0x00, 0x00, 0x00, 0x00, 0x00, 0x00, 0x00, 0x00,
  0x00, 0x00, 0x00, 0x00, 0x00, 0x00, 0x00, 0x00, 0x00, 0x00, 0x00, 0x00, 0x00, 0x00, 0x00, 0x00,
  0x00, 0x00, 0x00, 0x00, 0x00, 0x00, 0x00, 0x00, 0x00, 0x00, 0x00, 0x00, 0x00, 0x00, 0x00, 0x00,
  0x00, 0x00, 0x00, 0x00, 0x00, 0x00, 0x00, 0x00, 0x00, 0x00, 0x00, 0x00, 0x00, 0x00, 0x00, 0x00,
  0x00, 0x00, 0x00, 0x00, 0x00, 0x00, 0x00, 0x00, 0x00, 0x00, 0x00, 0x00, 0x00, 0x00, 0x00, 0x00,
  0x00, 0x00, 0x00, 0x00, 0x00, 0x00, 0x00, 0x00, 0x00, 0x00, 0x00, 0x00, 0x00, 0x00, 0x00, 0x00,
  0x00, 0x00, 0x00, 0x00, 0x00, 0x00, 0x00, 0x00, 0x00, 0x00, 0x00, 0x00, 0x00, 0x00, 0x00, 0x00,
  0x00, 0x00, 0x00, 0x00, 0x00, 0x00, 0x00, 0x00, 0x00, 0x00, 0x00, 0x00, 0x00, 0x00, 0x00, 0x00,
  0x00, 0x00, 0x00, 0x00, 0x00, 0x00, 0x00, 0x00, 0x00, 0x00, 0x00, 0x00, 0x20, 0x10, 0xa2, 0x40,
  0xa2, 0x38, 0x24, 0x41, 0x86, 0x51, 0xc7, 0x51, 0x28, 0x4a, 0x29, 0x4a, 0x29, 0x4a, 0x29, 0x4a,
  0x29, 0x4a, 0x29, 0x4a, 0x49, 0x4a, 0x49, 0x4a, 0x29, 0x4a, 0x29, 0x4a, 0x28, 0x4a, 0x28, 0x4a,
  0x08, 0x4a, 0xe8, 0x49, 0x08, 0x42, 0xe7, 0x41, 0x07, 0x42, 0xe7, 0x41, 0xe7, 0x41, 0xe7, 0x41,
  0xc7, 0x41, 0xc7, 0x41, 0xc7, 0x41, 0xc7, 0x41, 0xc7, 0x41, 0xc7, 0x41, 0xe7, 0x41, 0xe7, 0x41,
  0xe7, 0x39, 0xe7, 0x39, 0xe7, 0x39, 0xe7, 0x39, 0xe8, 0x41, 0xc8, 0x41, 0xc8, 0x41, 0xa7, 0x41,
  0xa7, 0x41, 0xa7, 0x41, 0xc7, 0x41, 0xa7, 0x41, 0xa7, 0x41, 0x87, 0x41, 0x66, 0x41, 0x25, 0x41,
  0x25, 0x41, 0x65, 0x49, 0xc3, 0x38, 0x04, 0x49, 0xe3, 0x40, 0x00, 0x00, 0x00, 0x00, 0x00, 0x00,
  0x00, 0x00, 0x00, 0x00, 0x00, 0x00, 0x00, 0x00, 0x00, 0x00, 0x00, 0x00, 0x00, 0x00, 0x00, 0x00,
  0x00, 0x00, 0x00, 0x00, 0x00, 0x00, 0x00, 0x00, 0x00, 0x00, 0x00, 0x00, 0x00, 0x00, 0x00, 0x00,
  0x00, 0x00, 0x00, 0x00, 0x00, 0x00, 0x00, 0x00, 0x00, 0x00, 0x00, 0x00, 0x00, 0x00, 0x00, 0x00,
  0x00, 0x00, 0x00, 0x00, 0x00, 0x00, 0x00, 0x00, 0x00, 0x00, 0x00, 0x00, 0x00, 0x00, 0x00, 0x00,
  0x00, 0x00, 0x00, 0x00, 0x00, 0x00, 0x00, 0x00, 0x00, 0x00, 0x00, 0x00, 0x00, 0x00, 0x00, 0x00,
  0x00, 0x00, 0x00, 0x00, 0x00, 0x00, 0x00, 0x00, 0x00, 0x00, 0x00, 0x00, 0x00, 0x00, 0x00, 0x00,
  0x00, 0x00, 0x00, 0x00, 0x00, 0x00, 0x00, 0x00, 0x00, 0x00, 0x00, 0x00, 0x00, 0x00, 0x00, 0x00,
  0x00, 0x00, 0x00, 0x00, 0x00, 0x00, 0x00, 0x00, 0x00, 0x00, 0x00, 0x00, 0x00, 0x00, 0x00, 0x00,
  0x00, 0x00, 0x00, 0x00, 0x00, 0x00, 0x00, 0x00, 0x00, 0x00, 0x00, 0x00, 0x00, 0x00, 0x00, 0x00,
  0x00, 0x00, 0x00, 0x00, 0x00, 0x00, 0x00, 0x00, 0x00, 0x00, 0x00, 0x00, 0x00, 0x00, 0x00, 0x00,
  0x00, 0x00, 0x00, 0x00, 0x00, 0x00, 0x00, 0x00, 0x00, 0x00, 0x00, 0x00, 0x00, 0x00, 0x00, 0x00,
  0x00, 0x00, 0x00, 0x00, 0x00, 0x00, 0x00, 0x00, 0x00, 0x00, 0x00, 0x00, 0x00, 0x00, 0x00, 0x00,
  0x00, 0x00, 0x00, 0x00, 0x00, 0x00, 0x00, 0x00, 0x00, 0x00, 0x00, 0x00, 0x00, 0x00, 0x00, 0x00,
  0x00, 0x00, 0x00, 0x00, 0x00, 0x00, 0x00, 0x00, 0x00, 0x00, 0x00, 0x00, 0x00, 0x00, 0x00, 0x00,
  0x00, 0x00, 0x00, 0x00, 0x00, 0x00, 0x00, 0x00, 0x00, 0x00, 0x00, 0x00, 0x00, 0x00, 0x00, 0x00,
  0x00, 0x00, 0x00, 0x00, 0x00, 0x00, 0x00, 0x00, 0x00, 0x00, 0x00, 0x00, 0x00, 0x00, 0x00, 0x00,
  0x00, 0x00, 0x00, 0x00, 0x00, 0x00, 0x00, 0x00, 0x00, 0x00, 0x00, 0x00, 0x00, 0x00, 0x00, 0x00,
  0x00, 0x00, 0x00, 0x00, 0x00, 0x00, 0x00, 0x00, 0x00, 0x00, 0x00, 0x00, 0x00, 0x00, 0x00, 0x00,
  0x00, 0x00, 0x00, 0x00, 0x00, 0x00, 0x00, 0x00, 0x00, 0x00, 0x00, 0x00, 0x00, 0x00, 0x00, 0x00,
  0x00, 0x00, 0x00, 0x00, 0x00, 0x00, 0x00, 0x00, 0x00, 0x00, 0x00, 0x00, 0x00, 0x00, 0x00, 0x00,
  0x00, 0x00, 0x00, 0x00, 0x00, 0x00, 0x00, 0x00, 0x00, 0x00, 0x00, 0x00, 0x00, 0x00, 0x00, 0x00,
  0x00, 0x00, 0x00, 0x00, 0x00, 0x00, 0x00, 0x00, 0x00, 0x00, 0x00, 0x00, 0x00, 0x00, 0x00, 0x00,
  0x00, 0x00, 0x00, 0x00, 0x00, 0x00, 0x00, 0x00, 0x00, 0x00, 0x00, 0x00, 0x00, 0x00, 0x00, 0x00,
  0x00, 0x00, 0x00, 0x00, 0x00, 0x00, 0x00, 0x00, 0x00, 0x00, 0x00, 0x00, 0x00, 0x00, 0x00, 0x00,
  0x00, 0x00, 0x20, 0x10, 0x82, 0x40, 0x82, 0x38, 0x24, 0x41, 0xc6, 0x49, 0x08, 0x52, 0x08, 0x4a,
  0x28, 0x4a, 0x28, 0x4a, 0x29, 0x4a, 0x29, 0x4a, 0x29, 0x4a, 0x29, 0x4a, 0x49, 0x4a, 0x49, 0x4a,
  0x29, 0x4a, 0x29, 0x4a, 0x28, 0x4a, 0x28, 0x4a, 0x08, 0x4a, 0x08, 0x42, 0x08, 0x42, 0xe7, 0x41,
  0xe7, 0x41, 0xe7, 0x41, 0xe7, 0x41, 0xe7, 0x41, 0xc7, 0x41, 0xc7, 0x41, 0xc7, 0x41, 0xc7, 0x41,
  0xe7, 0x41, 0xe7, 0x41, 0xe7, 0x41, 0xe7, 0x41, 0xe7, 0x41, 0xe7, 0x39, 0xe8, 0x39, 0xc8, 0x41,
  0xc8, 0x41, 0xc8, 0x41, 0xc8, 0x41, 0xc8, 0x41, 0xc7, 0x41, 0xc7, 0x41, 0xc6, 0x41, 0xa6, 0x41,
  0xa7, 0x41, 0x46, 0x39, 0xa7, 0x49, 0x8a, 0x62, 0x2d, 0x73, 0x2d, 0x73, 0x54, 0xbd, 0x4c, 0x7b,
  0xca, 0x7a, 0xc2, 0x30, 0x00, 0x00, 0x00, 0x00, 0x20, 0x00, 0x00, 0x00, 0x00, 0x00, 0x00, 0x00,
  0x00, 0x00, 0x00, 0x00, 0x00, 0x00, 0x00, 0x00, 0x00, 0x00, 0x00, 0x00, 0x00, 0x00, 0x00, 0x00,
  0x00, 0x00, 0x00, 0x00, 0x00, 0x00, 0x00, 0x00, 0x00, 0x00, 0x00, 0x00, 0x00, 0x08, 0x41, 0x18,
  0x21, 0x10, 0x00, 0x00, 0x00, 0x00, 0x00, 0x00, 0x00, 0x00, 0x00, 0x00, 0x00, 0x00, 0x00, 0x00,
  0x00, 0x00, 0x00, 0x00, 0x00, 0x00, 0x00, 0x00, 0x00, 0x00, 0x00, 0x00, 0x00, 0x00, 0x00, 0x00,
  0x00, 0x00, 0x00, 0x00, 0x00, 0x00, 0x00, 0x00, 0x00, 0x00, 0x00, 0x00, 0x00, 0x00, 0x00, 0x00,
  0x00, 0x00, 0x00, 0x00, 0x00, 0x00, 0x00, 0x00, 0x00, 0x00, 0x00, 0x00, 0x00, 0x00, 0x00, 0x00,
  0x00, 0x00, 0x00, 0x00, 0x00, 0x00, 0x00, 0x00, 0x00, 0x00, 0x00, 0x00, 0x00, 0x00, 0x00, 0x00,
  0x00, 0x00, 0x00, 0x00, 0x00, 0x00, 0x00, 0x00, 0x00, 0x00, 0x00, 0x00, 0x00, 0x00, 0x00, 0x00,
  0x00, 0x00, 0x00, 0x00, 0x00, 0x00, 0x00, 0x00, 0x00, 0x00, 0x00, 0x00, 0x00, 0x00, 0x00, 0x00,
  0x00, 0x00, 0x00, 0x00, 0x00, 0x00, 0x00, 0x00, 0x00, 0x00, 0x00, 0x00, 0x00, 0x00, 0x00, 0x00,
  0x00, 0x00, 0x00, 0x00, 0x00, 0x00, 0x00, 0x00, 0x00, 0x00, 0x00, 0x00, 0x00, 0x00, 0x00, 0x00,
  0x00, 0x00, 0x00, 0x00, 0x00, 0x00, 0x00, 0x00, 0x00, 0x00, 0x00, 0x00, 0x00, 0x00, 0x00, 0x00,
  0x00, 0x00, 0x00, 0x00, 0x00, 0x00, 0x00, 0x00, 0x00, 0x00, 0x00, 0x00, 0x00, 0x00, 0x00, 0x00,
  0x00, 0x00, 0x00, 0x00, 0x00, 0x00, 0x00, 0x00, 0x00, 0x00, 0x00, 0x00, 0x00, 0x00, 0x00, 0x00,
  0x00, 0x00, 0x00, 0x00, 0x00, 0x00, 0x00, 0x00, 0x00, 0x00, 0x00, 0x00, 0x00, 0x00, 0x00, 0x00,
  0x00, 0x00, 0x00, 0x00, 0x00, 0x00, 0x00, 0x00, 0x00, 0x00, 0x00, 0x00, 0x00, 0x00, 0x00, 0x00,
  0x00, 0x00, 0x00, 0x00, 0x00, 0x00, 0x00, 0x00, 0x00, 0x00, 0x00, 0x00, 0x00, 0x00, 0x00, 0x00,
  0x00, 0x00, 0x00, 0x00, 0x00, 0x00, 0x00, 0x00, 0x00, 0x00, 0x00, 0x00, 0x00, 0x00, 0x00, 0x00,
  0x00, 0x00, 0x00, 0x00, 0x00, 0x00, 0x00, 0x00, 0x00, 0x00, 0x00, 0x00, 0x00, 0x00, 0x00, 0x00,
  0x00, 0x00, 0x00, 0x00, 0x00, 0x00, 0x00, 0x00, 0x00, 0x00, 0x00, 0x00, 0x00, 0x00, 0x00, 0x00,
  0x00, 0x00, 0x00, 0x00, 0x00, 0x00, 0x00, 0x00, 0x00, 0x00, 0x00, 0x00, 0x00, 0x00, 0x00, 0x00,
  0x00, 0x00, 0x00, 0x00, 0x00, 0x00, 0x00, 0x00, 0x00, 0x00, 0x00, 0x00, 0x00, 0x00, 0x00, 0x00,
  0x00, 0x00, 0x00, 0x00, 0x00, 0x00, 0x00, 0x00, 0x00, 0x00, 0x00, 0x00, 0x00, 0x00, 0x00, 0x00,
  0x00, 0x00, 0x00, 0x00, 0x00, 0x00, 0x00, 0x00, 0x20, 0x10, 0x82, 0x40, 0x82, 0x40, 0xc3, 0x38,
  0x07, 0x52, 0x28, 0x52, 0x28, 0x4a, 0x08, 0x4a, 0x28, 0x4a, 0x28, 0x4a, 0x29, 0x4a, 0x29, 0x4a,
  0x29, 0x4a, 0x29, 0x4a, 0x49, 0x4a, 0x49, 0x4a, 0x29, 0x4a, 0x29, 0x4a, 0x28, 0x4a, 0x28, 0x4a,
  0x08, 0x4a, 0x08, 0x42, 0x08, 0x42, 0xe7, 0x41, 0xe7, 0x41, 0xe7, 0x41, 0xe7, 0x41, 0xe7, 0x41,
  0xc7, 0x41, 0xc7, 0x41, 0xc7, 0x41, 0xc7, 0x41, 0xc7, 0x41, 0xc7, 0x41, 0xe7, 0x41, 0xe7, 0x41,
  0xc7, 0x41, 0xc7, 0x41, 0xc8, 0x41, 0xc8, 0x41, 0xc8, 0x41, 0xa8, 0x49, 0xa7, 0x49, 0xc7, 0x49,
  0xa6, 0x41, 0x85, 0x41, 0x44, 0x39, 0x44, 0x39, 0x08, 0x4a, 0x0d, 0x6b, 0x10, 0x8c, 0x51, 0x94,
  0xb6, 0xbd, 0xb6, 0xbd, 0x95, 0xb5, 0x13, 0xad, 0xaa, 0x72, 0x24, 0x49, 0xa2, 0x20, 0x41, 0x08,
  0x00, 0x00, 0x00, 0x00, 0x00, 0x00, 0x00, 0x00, 0x00, 0x00, 0x00, 0x00, 0x00, 0x00, 0x00, 0x00,
  0x00, 0x00, 0x00, 0x00, 0x00, 0x00, 0x00, 0x00, 0x00, 0x00, 0x00, 0x00, 0x00, 0x00, 0x00, 0x00,
  0x00, 0x08, 0x81, 0x20, 0x04, 0x49, 0xe4, 0x48, 0xc3, 0x48, 0x20, 0x08, 0x00, 0x00, 0x00, 0x00,
  0x00, 0x00, 0x00, 0x00, 0x00, 0x00, 0x00, 0x00, 0x00, 0x00, 0x00, 0x00, 0x00, 0x00, 0x00, 0x00,
  0x00, 0x00, 0x00, 0x00, 0x00, 0x00, 0x00, 0x00, 0x00, 0x00, 0x00, 0x00, 0x00, 0x00, 0x00, 0x00,
  0x00, 0x00, 0x00, 0x00, 0x00, 0x00, 0x00, 0x00, 0x00, 0x00, 0x00, 0x00, 0x00, 0x00, 0x00, 0x00,
  0x00, 0x00, 0x00, 0x00, 0x00, 0x00, 0x00, 0x00, 0x00, 0x00, 0x00, 0x00, 0x00, 0x00, 0x00, 0x00,
  0x00, 0x00, 0x00, 0x00, 0x00, 0x00, 0x00, 0x00, 0x00, 0x00, 0x00, 0x00, 0x00, 0x00, 0x00, 0x00,
  0x00, 0x00, 0x00, 0x00, 0x00, 0x00, 0x00, 0x00, 0x00, 0x00, 0x00, 0x00, 0x00, 0x00, 0x00, 0x00,
  0x00, 0x00, 0x00, 0x00, 0x00, 0x00, 0x00, 0x00, 0x00, 0x00, 0x00, 0x00, 0x00, 0x00, 0x00, 0x00,
  0x00, 0x00, 0x00, 0x00, 0x00, 0x00, 0x00, 0x00, 0x00, 0x00, 0x00, 0x00, 0x00, 0x00, 0x00, 0x00,
  0x00, 0x00, 0x00, 0x00, 0x00, 0x00, 0x00, 0x00, 0x00, 0x00, 0x00, 0x00, 0x00, 0x00, 0x00, 0x00,
  0x00, 0x00, 0x00, 0x00, 0x00, 0x00, 0x00, 0x00, 0x00, 0x00, 0x00, 0x00, 0x00, 0x00, 0x00, 0x00,
  0x00, 0x00, 0x00, 0x00, 0x00, 0x00, 0x00, 0x00, 0x00, 0x00, 0x00, 0x00, 0x00, 0x00, 0x00, 0x00,
  0x00, 0x00, 0x00, 0x00, 0x00, 0x00, 0x00, 0x00, 0x00, 0x00, 0x00, 0x00, 0x00, 0x00, 0x00, 0x00,
  0x00, 0x00, 0x00, 0x00, 0x00, 0x00, 0x00, 0x00, 0x00, 0x00, 0x00, 0x00, 0x00, 0x00, 0x00, 0x00,
  0x00, 0x00, 0x00, 0x00, 0x00, 0x00, 0x00, 0x00, 0x00, 0x00, 0x00, 0x00, 0x00, 0x00, 0x00, 0x00,
  0x00, 0x00, 0x00, 0x00, 0x00, 0x00, 0x00, 0x00, 0x00, 0x00, 0x00, 0x00, 0x00, 0x00, 0x00, 0x00,
  0x00, 0x00, 0x00, 0x00, 0x00, 0x00, 0x00, 0x00, 0x00, 0x00, 0x00, 0x00, 0x00, 0x00, 0x00, 0x00,
  0x00, 0x00, 0x00, 0x00, 0x00, 0x00, 0x00, 0x00, 0x00, 0x00, 0x00, 0x00, 0x00, 0x00, 0x00, 0x00,
  0x00, 0x00, 0x00, 0x00, 0x00, 0x00, 0x00, 0x00, 0x00, 0x00, 0x00, 0x00, 0x00, 0x00, 0x00, 0x00,
  0x00, 0x00, 0x00, 0x00, 0x00, 0x00, 0x00, 0x00, 0x00, 0x00, 0x00, 0x00, 0x00, 0x00, 0x00, 0x00,
  0x00, 0x00, 0x00, 0x00, 0x00, 0x00, 0x00, 0x00, 0x00, 0x00, 0x00, 0x00, 0x00, 0x00, 0x00, 0x00,
  0x00, 0x00, 0x00, 0x00, 0x00, 0x00, 0x00, 0x00, 0x00, 0x00, 0x00, 0x00, 0x00, 0x00, 0x41, 0x20,
  0x82, 0x40, 0xe4, 0x48, 0x65, 0x51, 0xc7, 0x51, 0xe7, 0x51, 0x08, 0x4a, 0x28, 0x42, 0x28, 0x42,
  0x29, 0x42, 0x29, 0x4a, 0x29, 0x4a, 0x49, 0x4a, 0x49, 0x4a, 0x49, 0x4a, 0x49, 0x4a, 0x49, 0x4a,
  0x29, 0x52, 0x29, 0x52, 0x49, 0x52, 0x49, 0x52, 0x08, 0x4a, 0x08, 0x4a, 0xe8, 0x49, 0xe8, 0x49,
  0x08, 0x42, 0xe7, 0x41, 0xe7, 0x41, 0xe7, 0x41, 0xe7, 0x41, 0xe7, 0x41, 0xc7, 0x41, 0xc7, 0x41,
  0xe7, 0x41, 0xc7, 0x41, 0x86, 0x39, 0x66, 0x39, 0x86, 0x39, 0xa6, 0x41, 0x65, 0x39, 0xa6, 0x41,
  0xe7, 0x59, 0x65, 0x51, 0x86, 0x51, 0x24, 0x49, 0xe2, 0x40, 0xe2, 0x40, 0xc5, 0x59, 0xc9, 0x72,
  0x2f, 0x8c, 0x50, 0x8c, 0xb2, 0x94, 0x71, 0x94, 0x72, 0x94, 0x72, 0x9c, 0xf4, 0xac, 0x76, 0xbd,
  0xb7, 0xcd, 0xe8, 0x59, 0xe8, 0x59, 0x61, 0x10, 0x00, 0x00, 0x00, 0x00, 0x00, 0x00, 0x00, 0x00,
  0x00, 0x00, 0x00, 0x00, 0x00, 0x00, 0x00, 0x00, 0x00, 0x00, 0x00, 0x00, 0x00, 0x00, 0x00, 0x00,
  0x00, 0x00, 0x00, 0x00, 0x00, 0x00, 0x61, 0x18, 0xc3, 0x38, 0x08, 0x62, 0xca, 0x72, 0xe7, 0x61,
  0xe4, 0x40, 0x41, 0x18, 0x00, 0x00, 0x00, 0x00, 0x00, 0x00, 0x00, 0x00, 0x00, 0x00, 0x00, 0x00,
  0x00, 0x00, 0x00, 0x00, 0x00, 0x00, 0x00, 0x00, 0x00, 0x00, 0x00, 0x00, 0x00, 0x00, 0x00, 0x00,
  0x00, 0x00, 0x00, 0x00, 0x00, 0x00, 0x00, 0x00, 0x00, 0x00, 0x00, 0x00, 0x00, 0x00, 0x00, 0x00,
  0x00, 0x00, 0x00, 0x00, 0x00, 0x00, 0x00, 0x00, 0x00, 0x00, 0x00, 0x00, 0x00, 0x00, 0x00, 0x00,
  0x00, 0x00, 0x00, 0x00, 0x00, 0x00, 0x00, 0x00, 0x00, 0x00, 0x00, 0x00, 0x00, 0x00, 0x00, 0x00,
  0x00, 0x00, 0x00, 0x00, 0x00, 0x00, 0x00, 0x00, 0x00, 0x00, 0x00, 0x00, 0x00, 0x00, 0x00, 0x00,
  0x00, 0x00, 0x00, 0x00, 0x00, 0x00, 0x00, 0x00, 0x00, 0x00, 0x00, 0x00, 0x00, 0x00, 0x00, 0x00,
  0x00, 0x00, 0x00, 0x00, 0x00, 0x00, 0x00, 0x00, 0x00, 0x00, 0x00, 0x00, 0x00, 0x00, 0x00, 0x00,
  0x00, 0x00, 0x00, 0x00, 0x00, 0x00, 0x00, 0x00, 0x00, 0x00, 0x00, 0x00, 0x00, 0x00, 0x00, 0x00,
  0x00, 0x00, 0x00, 0x00, 0x00, 0x00, 0x00, 0x00, 0x00, 0x00, 0x00, 0x00, 0x00, 0x00, 0x00, 0x00,
  0x00, 0x00, 0x00, 0x00, 0x00, 0x00, 0x00, 0x00, 0x00, 0x00, 0x00, 0x00, 0x00, 0x00, 0x00, 0x00,
  0x00, 0x00, 0x00, 0x00, 0x00, 0x00, 0x00, 0x00, 0x00, 0x00, 0x00, 0x00, 0x00, 0x00, 0x00, 0x00,
  0x00, 0x00, 0x00, 0x00, 0x00, 0x00, 0x00, 0x00, 0x00, 0x00, 0x00, 0x00, 0x00, 0x00, 0x00, 0x00,
  0x00, 0x00, 0x00, 0x00, 0x00, 0x00, 0x00, 0x00, 0x00, 0x00, 0x00, 0x00, 0x00, 0x00, 0x00, 0x00,
  0x00, 0x00, 0x00, 0x00, 0x00, 0x00, 0x00, 0x00, 0x00, 0x00, 0x00, 0x00, 0x00, 0x00, 0x00, 0x00,
  0x00, 0x00, 0x00, 0x00, 0x00, 0x00, 0x00, 0x00, 0x00, 0x00, 0x00, 0x00, 0x00, 0x00, 0x00, 0x00,
  0x00, 0x00, 0x00, 0x00, 0x00, 0x00, 0x00, 0x00, 0x00, 0x00, 0x00, 0x00, 0x00, 0x00, 0x00, 0x00,
  0x00, 0x00, 0x00, 0x00, 0x00, 0x00, 0x00, 0x00, 0x00, 0x00, 0x00, 0x00, 0x00, 0x00, 0x00, 0x00,
  0x00, 0x00, 0x00, 0x00, 0x00, 0x00, 0x00, 0x00, 0x00, 0x00, 0x00, 0x00, 0x00, 0x00, 0x00, 0x00,
  0x00, 0x00, 0x00, 0x00, 0x00, 0x00, 0x00, 0x00, 0x00, 0x00, 0x00, 0x00, 0x00, 0x00, 0x00, 0x00,
  0x00, 0x00, 0x00, 0x00, 0x00, 0x00, 0x00, 0x00, 0x00, 0x00, 0x00, 0x00, 0x00, 0x00, 0x00, 0x00,
  0x00, 0x00, 0x00, 0x00, 0x41, 0x18, 0x24, 0x51, 0x04, 0x49, 0x45, 0x49, 0xa6, 0x49, 0xe7, 0x51,
  0xe8, 0x49, 0xe8, 0x49, 0x28, 0x42, 0x28, 0x42, 0x29, 0x42, 0x29, 0x4a, 0x29, 0x4a, 0x49, 0x4a,
  0x49, 0x4a, 0x49, 0x4a, 0x49, 0x4a, 0x49, 0x4a, 0x29, 0x52, 0x29, 0x52, 0x49, 0x52, 0x49, 0x52,
  0x28, 0x4a, 0x08, 0x4a, 0x08, 0x4a, 0x08, 0x4a, 0xe7, 0x41, 0xe7, 0x41, 0xe7, 0x41, 0xe7, 0x41,
  0x07, 0x42, 0xe7, 0x41, 0xe7, 0x41, 0xc7, 0x41, 0xc7, 0x41, 0xc7, 0x41, 0x86, 0x39, 0x66, 0x39,
  0x86, 0x39, 0x65, 0x39, 0x84, 0x41, 0xa4, 0x49, 0x22, 0x49, 0x01, 0x49, 0x01, 0x49, 0x05, 0x6a,
  0x67, 0x72, 0x47, 0x72, 0xe1, 0x48, 0x26, 0x62, 0x91, 0x9c, 0xb1, 0x9c, 0x50, 0x8c, 0x71, 0x94,
  0x72, 0x94, 0x31, 0x8c, 0x52, 0x94, 0x93, 0x9c, 0x76, 0xbd, 0x97, 0xc5, 0x08, 0x5a, 0xec, 0x7a,
  0x61, 0x18, 0x00, 0x00, 0x00, 0x00, 0x00, 0x00, 0x00, 0x00, 0x00, 0x00, 0x00, 0x00, 0x00, 0x00,
  0x00, 0x00, 0x00, 0x00, 0x00, 0x00, 0x00, 0x00, 0x00, 0x00, 0x20, 0x08, 0x61, 0x18, 0xe3, 0x38,
  0xc6, 0x51, 0x0b, 0x73, 0x4c, 0x83, 0x86, 0x49, 0xa2, 0x30, 0x20, 0x08, 0x00, 0x00, 0x00, 0x08,
  0x20, 0x08, 0x20, 0x08, 0x21, 0x10, 0x41, 0x18, 0x21, 0x10, 0x20, 0x10, 0x41, 0x20, 0x20, 0x10,
  0x00, 0x00, 0x00, 0x00, 0x00, 0x00, 0x00, 0x00, 0x00, 0x00, 0x00, 0x00, 0x00, 0x00, 0x00, 0x00,
  0x00, 0x00, 0x00, 0x00, 0x00, 0x00, 0x00, 0x00, 0x00, 0x00, 0x00, 0x00, 0x00, 0x00, 0x00, 0x00,
  0x00, 0x00, 0x00, 0x00, 0x00, 0x00, 0x00, 0x00, 0x00, 0x00, 0x00, 0x00, 0x00, 0x00, 0x00, 0x00,
  0x00, 0x00, 0x00, 0x00, 0x00, 0x00, 0x00, 0x00, 0x00, 0x00, 0x00, 0x00, 0x00, 0x00, 0x00, 0x00,
  0x00, 0x00, 0x00, 0x00, 0x00, 0x00, 0x00, 0x00, 0x00, 0x00, 0x00, 0x00, 0x00, 0x00, 0x00, 0x00,
  0x00, 0x00, 0x00, 0x00, 0x00, 0x00, 0x00, 0x00, 0x00, 0x00, 0x00, 0x00, 0x00, 0x00, 0x00, 0x00,
  0x00, 0x00, 0x00, 0x00, 0x00, 0x00, 0x00, 0x00, 0x00, 0x00, 0x00, 0x00, 0x00, 0x00, 0x00, 0x00,
  0x00, 0x00, 0x00, 0x00, 0x00, 0x00, 0x00, 0x00, 0x00, 0x00, 0x00, 0x00, 0x00, 0x00, 0x00, 0x00,
  0x00, 0x00, 0x00, 0x00, 0x00, 0x00, 0x00, 0x00, 0x00, 0x00, 0x00, 0x00, 0x00, 0x00, 0x00, 0x00,
  0x00, 0x00, 0x00, 0x00, 0x00, 0x00, 0x00, 0x00, 0x00, 0x00, 0x00, 0x00, 0x00, 0x00, 0x00, 0x00,
  0x00, 0x00, 0x00, 0x00, 0x00, 0x00, 0x00, 0x00, 0x00, 0x00, 0x00, 0x00, 0x00, 0x00, 0x00, 0x00,
  0x00, 0x00, 0x00, 0x00, 0x00, 0x00, 0x00, 0x00, 0x00, 0x00, 0x00, 0x00, 0x00, 0x00, 0x00, 0x00,
  0x00, 0x00, 0x00, 0x00, 0x00, 0x00, 0x00, 0x00, 0x00, 0x00, 0x00, 0x00, 0x00, 0x00, 0x00, 0x00,
  0x00, 0x00, 0x00, 0x00, 0x00, 0x00, 0x00, 0x00, 0x00, 0x00, 0x00, 0x00, 0x00, 0x00, 0x00, 0x00,
  0x00, 0x00, 0x00, 0x00, 0x00, 0x00, 0x00, 0x00, 0x00, 0x00, 0x00, 0x00, 0x00, 0x00, 0x00, 0x00,
  0x00, 0x00, 0x00, 0x00, 0x00, 0x00, 0x00, 0x00, 0x00, 0x00, 0x00, 0x00, 0x00, 0x00, 0x00, 0x00,
  0x00, 0x00, 0x00, 0x00, 0x00, 0x00, 0x00, 0x00, 0x00, 0x00, 0x00, 0x00, 0x00, 0x00, 0x00, 0x00,
  0x00, 0x00, 0x00, 0x00, 0x00, 0x00, 0x00, 0x00, 0x00, 0x00, 0x00, 0x00, 0x00, 0x00, 0x00, 0x00,
  0x00, 0x00, 0x00, 0x00, 0x00, 0x00, 0x00, 0x00, 0x00, 0x00, 0x00, 0x00, 0x00, 0x08, 0x41, 0x20,
  0x41, 0x20, 0x81, 0x30, 0xa2, 0x40, 0xa2, 0x40, 0x61, 0x38, 0x61, 0x38, 0x04, 0x51, 0x04, 0x49,
  0x65, 0x49, 0xa6, 0x49, 0xc7, 0x49, 0xe7, 0x49, 0xe8, 0x49, 0x08, 0x42, 0x08, 0x42, 0x29, 0x42,
  0x29, 0x4a, 0x29, 0x4a, 0x29, 0x4a, 0x49, 0x4a, 0x49, 0x4a, 0x49, 0x4a, 0x49, 0x4a, 0x49, 0x4a,
  0x29, 0x52, 0x29, 0x52, 0x49, 0x52, 0x49, 0x52, 0x49, 0x52, 0x28, 0x4a, 0x08, 0x4a, 0x08, 0x4a,
  0xe7, 0x41, 0xe7, 0x41, 0xe7, 0x41, 0xe7, 0x41, 0x07, 0x42, 0x07, 0x42, 0xe7, 0x41, 0xe7, 0x41,
  0xc6, 0x41, 0xa6, 0x41, 0x87, 0x41, 0x87, 0x41, 0x65, 0x39, 0x84, 0x41, 0xa6, 0x62, 0xc5, 0x6a,
  0xa8, 0x93, 0x87, 0x93, 0x67, 0x8b, 0x4c, 0xac, 0x2c, 0xac, 0xcb, 0xa3, 0xc8, 0x82, 0x02, 0x41,
  0x68, 0x6a, 0x70, 0xa4, 0x30, 0x94, 0x51, 0x9c, 0x52, 0x94, 0x11, 0x84, 0x11, 0x84, 0x32, 0x8c,
  0xd5, 0xa4, 0xf9, 0xcd, 0x51, 0x9c, 0xcb, 0x72, 0x82, 0x28, 0x20, 0x08, 0x00, 0x00, 0x20, 0x08,
  0x00, 0x00, 0x00, 0x00, 0x00, 0x00, 0x00, 0x00, 0x00, 0x00, 0x00, 0x00, 0x20, 0x18, 0x61, 0x28,
  0x82, 0x28, 0x62, 0x20, 0x24, 0x39, 0x89, 0x62, 0x4c, 0x73, 0xaa, 0x62, 0xe7, 0x51, 0xe4, 0x38,
  0xa3, 0x38, 0x62, 0x28, 0x04, 0x49, 0xc3, 0x40, 0xe4, 0x48, 0xe4, 0x48, 0xe4, 0x48, 0xe4, 0x48,
  0xa3, 0x38, 0xa3, 0x38, 0x25, 0x51, 0x25, 0x51, 0xa3, 0x40, 0x20, 0x08, 0x00, 0x00, 0x00, 0x00,
  0x00, 0x00, 0x00, 0x00, 0x00, 0x00, 0x00, 0x00, 0x00, 0x00, 0x00, 0x00, 0x00, 0x00, 0x00, 0x00,
  0x00, 0x00, 0x00, 0x00, 0x00, 0x00, 0x00, 0x00, 0x00, 0x00, 0x00, 0x00, 0x00, 0x00, 0x00, 0x00,
  0x00, 0x00, 0x00, 0x00, 0x00, 0x00, 0x00, 0x00, 0x00, 0x00, 0x00, 0x00, 0x00, 0x00, 0x00, 0x00,
  0x00, 0x00, 0x00, 0x00, 0x00, 0x00, 0x00, 0x00, 0x00, 0x00, 0x00, 0x00, 0x00, 0x00, 0x00, 0x00,
  0x00, 0x00, 0x00, 0x00, 0x00, 0x00, 0x00, 0x00, 0x00, 0x00, 0x00, 0x00, 0x00, 0x00, 0x00, 0x00,
  0x00, 0x00, 0x00, 0x00, 0x00, 0x00, 0x00, 0x00, 0x00, 0x00, 0x00, 0x00, 0x00, 0x00, 0x00, 0x00,
  0x00, 0x00, 0x00, 0x00, 0x00, 0x00, 0x00, 0x00, 0x00, 0x00, 0x00, 0x00, 0x00, 0x00, 0x00, 0x00,
  0x00, 0x00, 0x00, 0x00, 0x00, 0x00, 0x00, 0x00, 0x00, 0x00, 0x00, 0x00, 0x00, 0x00, 0x00, 0x00,
  0x00, 0x00, 0x00, 0x00, 0x00, 0x00, 0x00, 0x00, 0x00, 0x00, 0x00, 0x00, 0x00, 0x00, 0x00, 0x00,
  0x00, 0x00, 0x00, 0x00, 0x00, 0x00, 0x00, 0x00, 0x00, 0x00, 0x00, 0x00, 0x00, 0x00, 0x00, 0x00,
  0x00, 0x00, 0x00, 0x00, 0x00, 0x00, 0x00, 0x00, 0x00, 0x00, 0x00, 0x00, 0x00, 0x00, 0x00, 0x00,
  0x00, 0x00, 0x00, 0x00, 0x00, 0x00, 0x00, 0x00, 0x00, 0x00, 0x00, 0x00, 0x00, 0x00, 0x00, 0x00,
  0x00, 0x00, 0x00, 0x00, 0x00, 0x00, 0x00, 0x00, 0x00, 0x00, 0x00, 0x00, 0x00, 0x00, 0x00, 0x00,
  0x00, 0x00, 0x00, 0x00, 0x00, 0x00, 0x00, 0x00, 0x00, 0x00, 0x00, 0x00, 0x00, 0x00, 0x00, 0x00,
  0x00, 0x00, 0x00, 0x00, 0x00, 0x00, 0x00, 0x00, 0x00, 0x00, 0x00, 0x00, 0x00, 0x00, 0x00, 0x00,
  0x00, 0x00, 0x00, 0x00, 0x00, 0x00, 0x00, 0x00, 0x00, 0x00, 0x00, 0x00, 0x00, 0x00, 0x00, 0x00,
  0x00, 0x00, 0x00, 0x00, 0x00, 0x00, 0x00, 0x00, 0x00, 0x00, 0x00, 0x00, 0x00, 0x00, 0x00, 0x00,
  0x00, 0x00, 0x00, 0x00, 0x00, 0x00, 0x00, 0x00, 0x00, 0x00, 0x21, 0x18, 0x41, 0x20, 0x61, 0x28,
  0x82, 0x38, 0xa2, 0x40, 0xa3, 0x40, 0xa3, 0x40, 0xc3, 0x40, 0xe3, 0x40, 0xe3, 0x40, 0xe3, 0x40,
  0x24, 0x49, 0x45, 0x49, 0x45, 0x49, 0xa6, 0x51, 0xe7, 0x49, 0xe7, 0x49, 0xc7, 0x49, 0xc7, 0x41,
  0x08, 0x42, 0x08, 0x42, 0x08, 0x42, 0x08, 0x42, 0x29, 0x4a, 0x29, 0x4a, 0x29, 0x4a, 0x49, 0x4a,
  0x49, 0x4a, 0x49, 0x4a, 0x49, 0x4a, 0x49, 0x4a, 0x29, 0x52, 0x29, 0x52, 0x49, 0x52, 0x49, 0x52,
  0x49, 0x52, 0x28, 0x4a, 0x08, 0x4a, 0x08, 0x4a, 0xe7, 0x41, 0xe7, 0x41, 0xe7, 0x41, 0xe7, 0x41,
  0xe7, 0x41, 0x07, 0x42, 0x07, 0x42, 0xe7, 0x41, 0xa5, 0x41, 0xa5, 0x41, 0xa6, 0x41, 0x86, 0x49,
  0xc6, 0x51, 0x05, 0x5a, 0xe6, 0x72, 0xf4, 0xf6, 0x75, 0xff, 0x30, 0xe6, 0x0c, 0xbd, 0xa8, 0x9b,
  0x68, 0x93, 0xcb, 0x9b, 0x0c, 0xac, 0xc4, 0x61, 0x44, 0x51, 0x30, 0xa4, 0x92, 0xac, 0x51, 0x9c,
  0x31, 0x94, 0x11, 0x8c, 0x31, 0x8c, 0x73, 0x94, 0x32, 0x94, 0x97, 0xbd, 0xd8, 0xcd, 0x8e, 0x8b,
  0xcb, 0x7a, 0x82, 0x20, 0x61, 0x20, 0xa2, 0x28, 0x61, 0x20, 0x82, 0x30, 0xa2, 0x40, 0xa2, 0x40,
  0xc3, 0x48, 0xc3, 0x48, 0x82, 0x30, 0xc3, 0x40, 0xe4, 0x40, 0x24, 0x41, 0x07, 0x52, 0x4c, 0x73,
  0x0f, 0x8c, 0xc6, 0x49, 0xe3, 0x30, 0x04, 0x41, 0xe3, 0x38, 0x04, 0x41, 0x66, 0x49, 0x24, 0x41,
  0x65, 0x49, 0x65, 0x49, 0x65, 0x49, 0x65, 0x49, 0x45, 0x41, 0x25, 0x41, 0x86, 0x51, 0x66, 0x51,
  0xa3, 0x40, 0xa3, 0x40, 0x00, 0x00, 0x00, 0x00, 0x00, 0x00, 0x00, 0x00, 0x00, 0x00, 0x00, 0x00,
  0x00, 0x00, 0x00, 0x00, 0x00, 0x00, 0x00, 0x00, 0x00, 0x00, 0x00, 0x00, 0x00, 0x00, 0x00, 0x00,
  0x00, 0x00, 0x00, 0x00, 0x00, 0x00, 0x00, 0x00, 0x00, 0x00, 0x00, 0x00, 0x00, 0x00, 0x00, 0x00,
  0x00, 0x00, 0x00, 0x00, 0x00, 0x00, 0x00, 0x00, 0x00, 0x00, 0x00, 0x00, 0x00, 0x00, 0x00, 0x00,
  0x00, 0x00, 0x00, 0x00, 0x00, 0x00, 0x00, 0x00, 0x00, 0x00, 0x00, 0x00, 0x00, 0x00, 0x00, 0x00,
  0x00, 0x00, 0x00, 0x00, 0x00, 0x00, 0x00, 0x00, 0x00, 0x00, 0x00, 0x00, 0x00, 0x00, 0x00, 0x00,
  0x00, 0x00, 0x00, 0x00, 0x00, 0x00, 0x00, 0x00, 0x00, 0x00, 0x00, 0x00, 0x00, 0x00, 0x00, 0x00,
  0x00, 0x00, 0x00, 0x00, 0x00, 0x00, 0x00, 0x00, 0x00, 0x00, 0x00, 0x00, 0x00, 0x00, 0x00, 0x00,
  0x00, 0x00, 0x00, 0x00, 0x00, 0x00, 0x00, 0x00, 0x00, 0x00, 0x00, 0x00, 0x00, 0x00, 0x00, 0x00,
  0x00, 0x00, 0x00, 0x00, 0x00, 0x00, 0x00, 0x00, 0x00, 0x00, 0x00, 0x00, 0x00, 0x00, 0x00, 0x00,
  0x00, 0x00, 0x00, 0x00, 0x00, 0x00, 0x00, 0x00, 0x00, 0x00, 0x00, 0x00, 0x00, 0x00, 0x00, 0x00,
  0x00, 0x00, 0x00, 0x00, 0x00, 0x00, 0x00, 0x00, 0x00, 0x00, 0x00, 0x00, 0x00, 0x00, 0x00, 0x00,
  0x00, 0x00, 0x00, 0x00, 0x00, 0x00, 0x00, 0x00, 0x00, 0x00, 0x00, 0x00, 0x00, 0x00, 0x00, 0x00,
  0x00, 0x00, 0x00, 0x00, 0x00, 0x00, 0x00, 0x00, 0x00, 0x00, 0x00, 0x00, 0x00, 0x00, 0x00, 0x00,
  0x00, 0x00, 0x00, 0x00, 0x00, 0x00, 0x00, 0x00, 0x00, 0x00, 0x00, 0x00, 0x00, 0x00, 0x00, 0x00,
  0x00, 0x00, 0x00, 0x00, 0x00, 0x00, 0x00, 0x00, 0x00, 0x00, 0x00, 0x00, 0x00, 0x00, 0x00, 0x00,
  0x00, 0x00, 0x00, 0x00, 0x00, 0x00, 0x00, 0x00, 0x00, 0x00, 0x00, 0x00, 0x00, 0x00, 0x00, 0x00,
  0x00, 0x00, 0x00, 0x00, 0x00, 0x00, 0x00, 0x00, 0x00, 0x00, 0x00, 0x00, 0x41, 0x10, 0xa3, 0x28,
  0x04, 0x41, 0x04, 0x41, 0x04, 0x41, 0x04, 0x41, 0xe4, 0x40, 0x04, 0x41, 0x25, 0x49, 0x45, 0x49,
  0xa6, 0x49, 0xa6, 0x41, 0xa6, 0x41, 0xa6, 0x41, 0x66, 0x41, 0x86, 0x41, 0xc7, 0x49, 0xe7, 0x49,
  0xe7, 0x41, 0xe7, 0x41, 0xe7, 0x41, 0xe7, 0x41, 0x08, 0x42, 0x08, 0x42, 0x08, 0x42, 0x08, 0x4a,
  0x29, 0x4a, 0x49, 0x4a, 0x49, 0x4a, 0x49, 0x4a, 0x49, 0x4a, 0x49, 0x4a, 0x49, 0x4a, 0x49, 0x4a,
  0x49, 0x52, 0x49, 0x52, 0x49, 0x52, 0x49, 0x52, 0x49, 0x52, 0x28, 0x52, 0x28, 0x4a, 0x08, 0x4a,
  0xe7, 0x41, 0xe7, 0x49, 0xe7, 0x49, 0xe7, 0x41, 0xe7, 0x41, 0xe7, 0x41, 0xe7, 0x41, 0xc6, 0x41,
  0xa3, 0x39, 0xa3, 0x41, 0x84, 0x49, 0x67, 0x72, 0x87, 0x7a, 0x07, 0x83, 0xec, 0xbc, 0x91, 0xee,
  0xd5, 0xff, 0x2f, 0xd6, 0x2c, 0xbd, 0x67, 0x8b, 0xaa, 0x9b, 0xcb, 0xa3, 0xcb, 0xa3, 0x6a, 0x9b,
  0x03, 0x51, 0x8a, 0x7a, 0xb3, 0xac, 0x92, 0x9c, 0xd0, 0x83, 0x73, 0x9c, 0xf5, 0xb4, 0x93, 0xac,
  0x92, 0xa4, 0x14, 0xb5, 0x14, 0xb5, 0x10, 0x9c, 0x6e, 0x8b, 0x45, 0x41, 0xa2, 0x30, 0x04, 0x39,
  0x65, 0x39, 0x65, 0x39, 0x45, 0x41, 0x45, 0x41, 0x45, 0x41, 0x45, 0x41, 0x25, 0x41, 0xe4, 0x38,
  0xc3, 0x30, 0x85, 0x41, 0xa9, 0x5a, 0x8d, 0x73, 0x0b, 0x73, 0x86, 0x49, 0x24, 0x41, 0x66, 0x49,
  0xe7, 0x59, 0x07, 0x52, 0x28, 0x52, 0x48, 0x52, 0x28, 0x4a, 0x07, 0x4a, 0x28, 0x52, 0x49, 0x5a,
  0x69, 0x62, 0x29, 0x5a, 0xe8, 0x59, 0x87, 0x59, 0x05, 0x49, 0x83, 0x38, 0x00, 0x00, 0x00, 0x00,
  0x00, 0x00, 0x00, 0x00, 0x00, 0x00, 0x00, 0x00, 0x00, 0x00, 0x00, 0x00, 0x00, 0x00, 0x00, 0x00,
  0x00, 0x00, 0x00, 0x00, 0x00, 0x00, 0x00, 0x00, 0x00, 0x00, 0x00, 0x00, 0x00, 0x00, 0x00, 0x00,
  0x00, 0x00, 0x00, 0x00, 0x00, 0x00, 0x00, 0x00, 0x00, 0x00, 0x00, 0x00, 0x00, 0x00, 0x00, 0x00,
  0x00, 0x00, 0x00, 0x00, 0x00, 0x00, 0x00, 0x00, 0x00, 0x00, 0x00, 0x00, 0x00, 0x00, 0x00, 0x00,
  0x00, 0x00, 0x00, 0x00, 0x00, 0x00, 0x00, 0x00, 0x00, 0x00, 0x00, 0x00, 0x00, 0x00, 0x00, 0x00,
  0x00, 0x00, 0x00, 0x00, 0x00, 0x00, 0x00, 0x00, 0x00, 0x00, 0x00, 0x00, 0x00, 0x00, 0x00, 0x00,
  0x00, 0x00, 0x00, 0x00, 0x00, 0x00, 0x00, 0x00, 0x00, 0x00, 0x00, 0x00, 0x00, 0x00, 0x00, 0x00,
  0x00, 0x00, 0x00, 0x00, 0x00, 0x00, 0x00, 0x00, 0x00, 0x00, 0x00, 0x00, 0x00, 0x00, 0x00, 0x00,
  0x00, 0x00, 0x00, 0x00, 0x00, 0x00, 0x00, 0x00, 0x00, 0x00, 0x00, 0x00, 0x00, 0x00, 0x00, 0x00,
  0x00, 0x00, 0x00, 0x00, 0x00, 0x00, 0x00, 0x00, 0x00, 0x00, 0x00, 0x00, 0x00, 0x00, 0x00, 0x00,
  0x00, 0x00, 0x00, 0x00, 0x00, 0x00, 0x00, 0x00, 0x00, 0x00, 0x00, 0x00, 0x00, 0x00, 0x00, 0x00,
  0x00, 0x00, 0x00, 0x00, 0x00, 0x00, 0x00, 0x00, 0x00, 0x00, 0x00, 0x00, 0x00, 0x00, 0x00, 0x00,
  0x00, 0x00, 0x00, 0x00, 0x00, 0x00, 0x00, 0x00, 0x00, 0x00, 0x00, 0x00, 0x00, 0x00, 0x00, 0x00,
  0x00, 0x00, 0x00, 0x00, 0x00, 0x00, 0x00, 0x00, 0x00, 0x00, 0x00, 0x00, 0x00, 0x00, 0x00, 0x00,
  0x00, 0x00, 0x00, 0x00, 0x00, 0x00, 0x00, 0x00, 0x00, 0x00, 0x00, 0x00, 0x00, 0x00, 0x00, 0x00,
  0x00, 0x00, 0x00, 0x00, 0x00, 0x00, 0x00, 0x00, 0x00, 0x00, 0x00, 0x00, 0x00, 0x00, 0x00, 0x00,
  0x00, 0x00, 0x00, 0x00, 0x00, 0x00, 0x00, 0x00, 0x00, 0x00, 0x00, 0x00, 0x00, 0x00, 0x00, 0x00,
  0x41, 0x18, 0xa2, 0x28, 0xe4, 0x48, 0x04, 0x41, 0x25, 0x39, 0x25, 0x39, 0x25, 0x39, 0x25, 0x39,
  0x05, 0x39, 0x25, 0x39, 0x46, 0x41, 0x66, 0x41, 0xa7, 0x41, 0xc7, 0x39, 0xc7, 0x39, 0xc7, 0x39,
  0xa7, 0x39, 0xc7, 0x41, 0xe8, 0x41, 0xe8, 0x41, 0xe7, 0x41, 0xe7, 0x41, 0xe8, 0x41, 0xe8, 0x41,
  0x08, 0x42, 0x08, 0x42, 0x08, 0x42, 0x08, 0x42, 0x49, 0x4a, 0x49, 0x4a, 0x49, 0x4a, 0x49, 0x4a,
  0x49, 0x4a, 0x49, 0x4a, 0x49, 0x4a, 0x49, 0x4a, 0x49, 0x52, 0x49, 0x52, 0x49, 0x52, 0x49, 0x52,
  0x49, 0x52, 0x49, 0x52, 0x28, 0x4a, 0x08, 0x4a, 0xa6, 0x39, 0x28, 0x4a, 0x28, 0x4a, 0xa6, 0x39,
  0x28, 0x4a, 0xc7, 0x39, 0x65, 0x31, 0x44, 0x31, 0x24, 0x4a, 0x64, 0x5a, 0x45, 0x6a, 0xe8, 0x82,
  0x08, 0x93, 0x26, 0x8b, 0x24, 0x83, 0xc9, 0xb4, 0xf0, 0xee, 0xf1, 0xee, 0x90, 0xe6, 0xaa, 0xac,
  0x09, 0x9c, 0x88, 0x93, 0x06, 0x8b, 0x2c, 0xb4, 0xea, 0x92, 0x85, 0x59, 0xcf, 0x93, 0x72, 0x9c,
  0x52, 0x94, 0x52, 0x94, 0x31, 0xa4, 0xf0, 0x9b, 0x0c, 0x7b, 0xe7, 0x51, 0x08, 0x52, 0x65, 0x41,
  0xe3, 0x30, 0xa2, 0x28, 0xc3, 0x30, 0x04, 0x31, 0xc7, 0x41, 0xe7, 0x41, 0xc7, 0x41, 0xc7, 0x41,
  0xe8, 0x49, 0xa7, 0x49, 0x29, 0x62, 0x25, 0x41, 0xc3, 0x30, 0xe7, 0x49, 0x8d, 0x73, 0x6c, 0x73,
  0xe7, 0x51, 0x24, 0x41, 0x04, 0x41, 0xa6, 0x51, 0xa6, 0x49, 0xe7, 0x49, 0x28, 0x4a, 0x68, 0x52,
  0xe7, 0x41, 0x28, 0x4a, 0xe7, 0x49, 0x86, 0x39, 0xc7, 0x49, 0xa6, 0x49, 0x45, 0x41, 0x25, 0x41,
  0xe4, 0x40, 0x41, 0x18, 0x00, 0x00, 0x00, 0x00, 0x00, 0x00, 0x00, 0x00, 0x00, 0x00, 0x00, 0x00,
  0x00, 0x00, 0x00, 0x00, 0x00, 0x00, 0x00, 0x00, 0x00, 0x00, 0x00, 0x00, 0x00, 0x00, 0x00, 0x00,
  0x00, 0x00, 0x00, 0x00, 0x00, 0x00, 0x00, 0x00, 0x00, 0x00, 0x00, 0x00, 0x00, 0x00, 0x00, 0x00,
  0x00, 0x00, 0x00, 0x00, 0x00, 0x00, 0x00, 0x00, 0x00, 0x00, 0x00, 0x00, 0x00, 0x00, 0x00, 0x00,
  0x00, 0x00, 0x00, 0x00, 0x00, 0x00, 0x00, 0x00, 0x00, 0x00, 0x00, 0x00, 0x00, 0x00, 0x00, 0x00,
  0x00, 0x00, 0x00, 0x00, 0x00, 0x00, 0x00, 0x00, 0x00, 0x00, 0x00, 0x00, 0x00, 0x00, 0x00, 0x00,
  0x00, 0x00, 0x00, 0x00, 0x00, 0x00, 0x00, 0x00, 0x00, 0x00, 0x00, 0x00, 0x00, 0x00, 0x00, 0x00,
  0x00, 0x00, 0x00, 0x00, 0x00, 0x00, 0x00, 0x00, 0x00, 0x00, 0x00, 0x00, 0x00, 0x00, 0x00, 0x00,
  0x00, 0x00, 0x00, 0x00, 0x00, 0x00, 0x00, 0x00, 0x00, 0x00, 0x00, 0x00, 0x00, 0x00, 0x00, 0x00,
  0x00, 0x00, 0x00, 0x00, 0x00, 0x00, 0x00, 0x00, 0x00, 0x00, 0x00, 0x00, 0x00, 0x00, 0x00, 0x00,
  0x00, 0x00, 0x00, 0x00, 0x00, 0x00, 0x00, 0x00, 0x00, 0x00, 0x00, 0x00, 0x00, 0x00, 0x00, 0x00,
  0x00, 0x00, 0x00, 0x00, 0x00, 0x00, 0x00, 0x00, 0x00, 0x00, 0x00, 0x00, 0x00, 0x00, 0x00, 0x00,
  0x00, 0x00, 0x00, 0x00, 0x00, 0x00, 0x00, 0x00, 0x00, 0x00, 0x00, 0x00, 0x00, 0x00, 0x00, 0x00,
  0x00, 0x00, 0x00, 0x00, 0x00, 0x00, 0x00, 0x00, 0x00, 0x00, 0x00, 0x00, 0x00, 0x00, 0x00, 0x00,
  0x00, 0x00, 0x00, 0x00, 0x00, 0x00, 0x00, 0x00, 0x00, 0x00, 0x00, 0x00, 0x00, 0x00, 0x00, 0x00,
  0x00, 0x00, 0x00, 0x00, 0x00, 0x00, 0x00, 0x00, 0x00, 0x00, 0x00, 0x00, 0x00, 0x00, 0x00, 0x00,
  0x00, 0x00, 0x00, 0x00, 0x00, 0x00, 0x00, 0x00, 0x00, 0x00, 0x00, 0x00, 0x00, 0x00, 0x00, 0x00,
  0x00, 0x00, 0x00, 0x00, 0x00, 0x00, 0x41, 0x18, 0x03, 0x41, 0x04, 0x41, 0x04, 0x41, 0x05, 0x39,
  0x25, 0x31, 0x45, 0x31, 0x45, 0x31, 0x45, 0x31, 0x25, 0x31, 0x45, 0x31, 0x66, 0x39, 0x86, 0x39,
  0xa7, 0x41, 0xc7, 0x39, 0xc7, 0x39, 0xc7, 0x41, 0xc7, 0x41, 0xe8, 0x41, 0xe8, 0x41, 0xe7, 0x41,
  0xe7, 0x41, 0xe7, 0x41, 0xe8, 0x41, 0xe8, 0x41, 0xe8, 0x41, 0x08, 0x42, 0x08, 0x42, 0x08, 0x42,
  0x48, 0x4a, 0x48, 0x4a, 0x49, 0x4a, 0x49, 0x4a, 0x49, 0x4a, 0x49, 0x4a, 0x49, 0x4a, 0x49, 0x4a,
  0x49, 0x52, 0x49, 0x52, 0x49, 0x52, 0x49, 0x52, 0x49, 0x52, 0x49, 0x52, 0x28, 0x52, 0x08, 0x4a,
  0xe7, 0x41, 0xe8, 0x49, 0xe8, 0x49, 0xc7, 0x41, 0xe7, 0x41, 0x86, 0x39, 0xa6, 0x39, 0x06, 0x42,
  0x4b, 0x94, 0x6a, 0x9c, 0x88, 0x8b, 0x67, 0x93, 0x47, 0x9b, 0x26, 0x93, 0x25, 0x8b, 0x47, 0xa4,
  0x49, 0xbd, 0xd2, 0xff, 0xd3, 0xff, 0x6a, 0xc5, 0xa4, 0x8b, 0x8d, 0xd5, 0xe8, 0xa3, 0xc9, 0x9b,
  0xcb, 0xa3, 0x43, 0x49, 0xa9, 0x6a, 0x51, 0x94, 0x30, 0x8c, 0x6d, 0x73, 0x8a, 0x62, 0x69, 0x6a,
  0xa7, 0x51, 0x82, 0x28, 0xe3, 0x30, 0xc3, 0x30, 0x66, 0x49, 0xc7, 0x51, 0xa7, 0x51, 0xc7, 0x49,
  0xe8, 0x49, 0x08, 0x42, 0x08, 0x42, 0xe8, 0x49, 0xa7, 0x49, 0x25, 0x39, 0xa7, 0x49, 0x04, 0x39,
  0xa6, 0x49, 0x0c, 0x73, 0x2b, 0x6b, 0x89, 0x5a, 0x66, 0x41, 0xe4, 0x38, 0x25, 0x41, 0xe8, 0x51,
  0xc7, 0x41, 0xe7, 0x41, 0xe7, 0x49, 0xe7, 0x51, 0xa7, 0x49, 0x45, 0x41, 0x24, 0x39, 0x65, 0x41,
  0x45, 0x39, 0x24, 0x39, 0x04, 0x41, 0x04, 0x41, 0xc3, 0x40, 0x00, 0x00, 0x00, 0x00, 0x00, 0x00,
  0x00, 0x00, 0x00, 0x00, 0x00, 0x00, 0x00, 0x00, 0x00, 0x00, 0x00, 0x00, 0x00, 0x00, 0x00, 0x00,
  0x00, 0x00, 0x00, 0x00, 0x00, 0x00, 0x00, 0x00, 0x00, 0x00, 0x00, 0x00, 0x00, 0x00, 0x00, 0x00,
  0x00, 0x00, 0x00, 0x00, 0x00, 0x00, 0x00, 0x00, 0x00, 0x00, 0x00, 0x00, 0x00, 0x00, 0x00, 0x00,
  0x00, 0x00, 0x00, 0x00, 0x00, 0x00, 0x00, 0x00, 0x00, 0x00, 0x00, 0x00, 0x00, 0x00, 0x00, 0x00,
  0x00, 0x00, 0x00, 0x00, 0x00, 0x00, 0x00, 0x00, 0x00, 0x00, 0x00, 0x00, 0x00, 0x00, 0x00, 0x00,
  0x00, 0x00, 0x00, 0x00, 0x00, 0x00, 0x00, 0x00, 0x00, 0x00, 0x00, 0x00, 0x00, 0x00, 0x00, 0x00,
  0x00, 0x00, 0x00, 0x00, 0x00, 0x00, 0x00, 0x00, 0x00, 0x00, 0x00, 0x00, 0x00, 0x00, 0x00, 0x00,
  0x00, 0x00, 0x00, 0x00, 0x00, 0x00, 0x00, 0x00, 0x00, 0x00, 0x00, 0x00, 0x00, 0x00, 0x00, 0x00,
  0x00, 0x00, 0x00, 0x00, 0x00, 0x00, 0x00, 0x00, 0x00, 0x00, 0x00, 0x00, 0x00, 0x00, 0x00, 0x00,
  0x00, 0x00, 0x00, 0x00, 0x00, 0x00, 0x00, 0x00, 0x00, 0x00, 0x00, 0x00, 0x00, 0x00, 0x00, 0x00,
  0x00, 0x00, 0x00, 0x00, 0x00, 0x00, 0x00, 0x00, 0x00, 0x00, 0x00, 0x00, 0x00, 0x00, 0x00, 0x00,
  0x00, 0x00, 0x00, 0x00, 0x00, 0x00, 0x00, 0x00, 0x00, 0x00, 0x00, 0x00, 0x00, 0x00, 0x00, 0x00,
  0x00, 0x00, 0x00, 0x00, 0x00, 0x00, 0x00, 0x00, 0x00, 0x00, 0x00, 0x00, 0x00, 0x00, 0x00, 0x00,
  0x00, 0x00, 0x00, 0x00, 0x00, 0x00, 0x00, 0x00, 0x00, 0x00, 0x00, 0x00, 0x00, 0x00, 0x00, 0x00,
  0x00, 0x00, 0x00, 0x00, 0x00, 0x00, 0x00, 0x00, 0x00, 0x00, 0x00, 0x00, 0x00, 0x00, 0x00, 0x00,
  0x00, 0x00, 0x00, 0x00, 0x00, 0x00, 0x00, 0x00, 0x00, 0x00, 0x00, 0x00, 0x00, 0x00, 0x00, 0x00,
  0x00, 0x00, 0x00, 0x00, 0x00, 0x00, 0x00, 0x00, 0x00, 0x00, 0x00, 0x00, 0x00, 0x00, 0xa3, 0x40,
  0x04, 0x41, 0x24, 0x39, 0x25, 0x39, 0x25, 0x39, 0x45, 0x31, 0x45, 0x29, 0x65, 0x31, 0x65, 0x31,
  0x45, 0x29, 0x45, 0x31, 0x65, 0x31, 0x86, 0x39, 0xc7, 0x39, 0xa6, 0x39, 0xc7, 0x39, 0xc7, 0x41,
  0xe8, 0x41, 0xe8, 0x41, 0xe7, 0x41, 0xe7, 0x41, 0xe7, 0x41, 0xe7, 0x41, 0xe8, 0x41, 0xe8, 0x41,
  0xe8, 0x41, 0xe8, 0x41, 0x08, 0x42, 0x08, 0x42, 0x48, 0x4a, 0x48, 0x4a, 0x49, 0x4a, 0x29, 0x4a,
  0x29, 0x4a, 0x29, 0x4a, 0x49, 0x4a, 0x49, 0x52, 0x49, 0x52, 0x49, 0x52, 0x49, 0x52, 0x49, 0x52,
  0x49, 0x52, 0x49, 0x52, 0x49, 0x52, 0x28, 0x4a, 0x49, 0x52, 0x86, 0x39, 0x86, 0x39, 0x49, 0x52,
  0xaa, 0x5a, 0x30, 0x8c, 0xef, 0x83, 0x06, 0x4a, 0x2a, 0x94, 0x8a, 0xa4, 0xc7, 0x93, 0x66, 0x93,
  0x66, 0x9b, 0x05, 0x8b, 0x25, 0x8b, 0x44, 0x8b, 0xab, 0xcd, 0xd2, 0xff, 0xf2, 0xff, 0x71, 0xff,
  0x8b, 0xcd, 0xad, 0xd5, 0xaf, 0xd5, 0xc9, 0x9b, 0xaa, 0x9b, 0x6b, 0x8b, 0x43, 0x39, 0x68, 0x5a,
  0xc6, 0x39, 0x24, 0x29, 0xc2, 0x28, 0xe3, 0x30, 0xc2, 0x28, 0xc3, 0x30, 0x04, 0x39, 0x45, 0x41,
  0x6a, 0x62, 0x49, 0x62, 0xa6, 0x49, 0xe8, 0x51, 0xc7, 0x41, 0xe7, 0x41, 0xe7, 0x41, 0xc7, 0x41,
  0xc8, 0x51, 0x05, 0x39, 0xe5, 0x38, 0x86, 0x41, 0x6a, 0x62, 0xeb, 0x6a, 0xaa, 0x5a, 0x69, 0x5a,
  0x25, 0x41, 0xe4, 0x38, 0x45, 0x49, 0xe7, 0x51, 0x28, 0x52, 0xe7, 0x49, 0x86, 0x49, 0x45, 0x41,
  0xa3, 0x38, 0xe4, 0x38, 0x25, 0x39, 0x24, 0x39, 0x24, 0x39, 0x24, 0x41, 0x24, 0x41, 0x04, 0x49,
  0x41, 0x10, 0x00, 0x00, 0x00, 0x00, 0x00, 0x00, 0x00, 0x00, 0x00, 0x00, 0x00, 0x00, 0x00, 0x00,
  0x00, 0x00, 0x00, 0x00, 0x00, 0x00, 0x00, 0x00, 0x00, 0x00, 0x00, 0x00, 0x00, 0x00, 0x00, 0x00,
  0x00, 0x00, 0x00, 0x00, 0x00, 0x00, 0x00, 0x00, 0x00, 0x00, 0x00, 0x00, 0x00, 0x00, 0x00, 0x00,
  0x00, 0x00, 0x00, 0x00, 0x00, 0x00, 0x00, 0x00, 0x00, 0x00, 0x00, 0x00, 0x00, 0x00, 0x00, 0x00,
  0x00, 0x00, 0x00, 0x00, 0x00, 0x00, 0x00, 0x00, 0x00, 0x00, 0x00, 0x00, 0x00, 0x00, 0x00, 0x00,
  0x00, 0x00, 0x00, 0x00, 0x00, 0x00, 0x00, 0x00, 0x00, 0x00, 0x00, 0x00, 0x00, 0x00, 0x00, 0x00,
  0x00, 0x00, 0x00, 0x00, 0x00, 0x00, 0x00, 0x00, 0x00, 0x00, 0x00, 0x00, 0x00, 0x00, 0x00, 0x00,
  0x00, 0x00, 0x00, 0x00, 0x00, 0x00, 0x00, 0x00, 0x00, 0x00, 0x00, 0x00, 0x00, 0x00, 0x00, 0x00,
  0x00, 0x00, 0x00, 0x00, 0x00, 0x00, 0x00, 0x00, 0x00, 0x00, 0x00, 0x00, 0x00, 0x00, 0x00, 0x00,
  0x00, 0x00, 0x00, 0x00, 0x00, 0x00, 0x00, 0x00, 0x00, 0x00, 0x00, 0x00, 0x00, 0x00, 0x00, 0x00,
  0x00, 0x00, 0x00, 0x00, 0x00, 0x00, 0x00, 0x00, 0x00, 0x00, 0x00, 0x00, 0x00, 0x00, 0x00, 0x00,
  0x00, 0x00, 0x00, 0x00, 0x00, 0x00, 0x00, 0x00, 0x00, 0x00, 0x00, 0x00, 0x00, 0x00, 0x00, 0x00,
  0x00, 0x00, 0x00, 0x00, 0x00, 0x00, 0x00, 0x00, 0x00, 0x00, 0x00, 0x00, 0x00, 0x00, 0x00, 0x00,
  0x00, 0x00, 0x00, 0x00, 0x00, 0x00, 0x00, 0x00, 0x00, 0x00, 0x00, 0x00, 0x00, 0x00, 0x00, 0x00,
  0x00, 0x00, 0x00, 0x00, 0x00, 0x00, 0x00, 0x00, 0x00, 0x00, 0x00, 0x00, 0x00, 0x00, 0x00, 0x00,
  0x00, 0x00, 0x00, 0x00, 0x00, 0x00, 0x00, 0x00, 0x00, 0x00, 0x00, 0x00, 0x00, 0x00, 0x00, 0x00,
  0x00, 0x00, 0x00, 0x00, 0x00, 0x00, 0x00, 0x00, 0x00, 0x00, 0x00, 0x00, 0x00, 0x00, 0x00, 0x00,
  0x00, 0x00, 0x00, 0x00, 0x20, 0x10, 0xc4, 0x48, 0x04, 0x39, 0x25, 0x31, 0x45, 0x31, 0x45, 0x31,
  0x65, 0x31, 0x65, 0x29, 0x65, 0x31, 0x65, 0x29, 0x45, 0x29, 0x45, 0x29, 0x85, 0x31, 0x86, 0x31,
  0xa6, 0x39, 0xa7, 0x39, 0xc7, 0x39, 0xc7, 0x39, 0xc7, 0x41, 0xc7, 0x41, 0xc7, 0x41, 0xc7, 0x41,
  0xe7, 0x41, 0xe7, 0x41, 0xe7, 0x41, 0xe7, 0x41, 0xe7, 0x41, 0xe8, 0x41, 0x08, 0x42, 0x08, 0x42,
  0x08, 0x42, 0x08, 0x42, 0x08, 0x42, 0x28, 0x4a, 0x28, 0x4a, 0x28, 0x52, 0x28, 0x52, 0x28, 0x52,
  0x29, 0x52, 0x29, 0x52, 0x29, 0x52, 0x08, 0x4a, 0x49, 0x52, 0x49, 0x52, 0x08, 0x4a, 0x66, 0x39,
  0x86, 0x39, 0x49, 0x52, 0x2c, 0x6b, 0x30, 0x8c, 0x10, 0x8c, 0x92, 0x9c, 0x71, 0x94, 0x6c, 0x7b,
  0x63, 0x5a, 0xf0, 0xd5, 0x28, 0xa4, 0x25, 0x8b, 0x45, 0x93, 0x05, 0x8b, 0x05, 0x8b, 0x24, 0x83,
  0x26, 0x9c, 0x4e, 0xe6, 0x92, 0xff, 0xb3, 0xff, 0x26, 0x9c, 0xf2, 0xf6, 0x11, 0xde, 0xa9, 0x8b,
  0xa6, 0x72, 0x05, 0x5a, 0x84, 0x41, 0xc6, 0x41, 0xa6, 0x39, 0xa6, 0x39, 0xa5, 0x39, 0xc5, 0x39,
  0xc6, 0x41, 0xc7, 0x41, 0xe7, 0x41, 0xc7, 0x41, 0xc7, 0x41, 0xc7, 0x41, 0xc7, 0x41, 0xc7, 0x41,
  0xc7, 0x41, 0xe7, 0x41, 0xe7, 0x39, 0xe7, 0x41, 0xe8, 0x59, 0xc4, 0x38, 0x05, 0x39, 0xa7, 0x49,
  0xaa, 0x62, 0xaa, 0x62, 0x49, 0x52, 0xa6, 0x41, 0xc4, 0x38, 0x25, 0x49, 0xa7, 0x51, 0xa7, 0x51,
  0x04, 0x39, 0x04, 0x39, 0x04, 0x41, 0x05, 0x41, 0x25, 0x41, 0x25, 0x39, 0x65, 0x39, 0x65, 0x39,
  0x44, 0x41, 0x24, 0x49, 0xe3, 0x40, 0x61, 0x20, 0x00, 0x00, 0x00, 0x00, 0x00, 0x00, 0x00, 0x00,
  0x00, 0x00, 0x00, 0x00, 0x00, 0x00, 0x00, 0x00, 0x00, 0x00, 0x00, 0x00, 0x00, 0x00, 0x00, 0x00,
  0x00, 0x00, 0x00, 0x00, 0x00, 0x00, 0x00, 0x00, 0x00, 0x00, 0x00, 0x00, 0x00, 0x00, 0x00, 0x00,
  0x00, 0x00, 0x00, 0x00, 0x00, 0x00, 0x00, 0x00, 0x00, 0x00, 0x00, 0x00, 0x00, 0x00, 0x00, 0x00,
  0x00, 0x00, 0x00, 0x00, 0x00, 0x00, 0x00, 0x00, 0x00, 0x00, 0x00, 0x00, 0x00, 0x00, 0x00, 0x00,
  0x00, 0x00, 0x00, 0x00, 0x00, 0x00, 0x00, 0x00, 0x00, 0x00, 0x00, 0x00, 0x00, 0x00, 0x00, 0x00,
  0x00, 0x00, 0x00, 0x00, 0x00, 0x00, 0x00, 0x00, 0x00, 0x00, 0x00, 0x00, 0x00, 0x00, 0x00, 0x00,
  0x00, 0x00, 0x00, 0x00, 0x00, 0x00, 0x00, 0x00, 0x00, 0x00, 0x00, 0x00, 0x00, 0x00, 0x00, 0x00,
  0x00, 0x00, 0x00, 0x00, 0x00, 0x00, 0x00, 0x00, 0x00, 0x00, 0x00, 0x00, 0x00, 0x00, 0x00, 0x00,
  0x00, 0x00, 0x00, 0x00, 0x00, 0x00, 0x00, 0x00, 0x00, 0x00, 0x00, 0x00, 0x00, 0x00, 0x00, 0x00,
  0x00, 0x00, 0x00, 0x00, 0x00, 0x00, 0x00, 0x00, 0x00, 0x00, 0x00, 0x00, 0x00, 0x00, 0x00, 0x00,
  0x00, 0x00, 0x00, 0x00, 0x00, 0x00, 0x00, 0x00, 0x00, 0x00, 0x00, 0x00, 0x00, 0x00, 0x00, 0x00,
  0x00, 0x00, 0x00, 0x00, 0x00, 0x00, 0x00, 0x00, 0x00, 0x00, 0x00, 0x00, 0x00, 0x00, 0x00, 0x00,
  0x00, 0x00, 0x00, 0x00, 0x00, 0x00, 0x00, 0x00, 0x00, 0x00, 0x00, 0x00, 0x00, 0x00, 0x00, 0x00,
  0x00, 0x00, 0x00, 0x00, 0x00, 0x00, 0x00, 0x00, 0x00, 0x00, 0x00, 0x00, 0x00, 0x00, 0x00, 0x00,
  0x00, 0x00, 0x00, 0x00, 0x00, 0x00, 0x00, 0x00, 0x00, 0x00, 0x00, 0x00, 0x00, 0x00, 0x00, 0x00,
  0x00, 0x00, 0x00, 0x00, 0x00, 0x00, 0x00, 0x00, 0x00, 0x00, 0x00, 0x00, 0x00, 0x00, 0x00, 0x00,
  0x00, 0x00, 0x00, 0x00, 0x00, 0x00, 0x00, 0x00, 0x00, 0x00, 0x00, 0x00, 0x41, 0x20, 0xc4, 0x40,
  0x25, 0x31, 0x45, 0x29, 0x65, 0x29, 0x65, 0x29, 0x65, 0x29, 0x65, 0x29, 0x65, 0x31, 0x65, 0x29,
  0x45, 0x29, 0x45, 0x29, 0x65, 0x31, 0x86, 0x31, 0xa6, 0x39, 0xa7, 0x39, 0xc7, 0x39, 0xc7, 0x39,
  0xc7, 0x41, 0xc7, 0x41, 0xc7, 0x41, 0xc7, 0x41, 0xe7, 0x41, 0xe7, 0x41, 0xe7, 0x41, 0xe7, 0x41,
  0xe7, 0x41, 0xe8, 0x41, 0x08, 0x42, 0x08, 0x42, 0x08, 0x42, 0x08, 0x42, 0x08, 0x42, 0x28, 0x4a,
  0x28, 0x4a, 0x28, 0x4a, 0x28, 0x4a, 0x28, 0x4a, 0x49, 0x52, 0x49, 0x52, 0x49, 0x52, 0x08, 0x4a,
  0x08, 0x4a, 0x45, 0x31, 0x66, 0x39, 0x49, 0x52, 0x4d, 0x73, 0x71, 0x94, 0x14, 0xad, 0xd3, 0xa4,
  0x71, 0x94, 0xb2, 0x9c, 0x51, 0x94, 0xcd, 0x83, 0x24, 0x52, 0xed, 0xb4, 0x8f, 0xcd, 0x04, 0x83,
  0x25, 0x93, 0x25, 0x93, 0x25, 0x8b, 0x25, 0x83, 0x65, 0x8b, 0x69, 0xac, 0xb6, 0xff, 0x96, 0xff,
  0x25, 0x7b, 0x67, 0x83, 0x40, 0x41, 0x41, 0x39, 0x00, 0x31, 0x21, 0x31, 0x43, 0x39, 0x65, 0x39,
  0xa6, 0x39, 0xa6, 0x39, 0xc6, 0x39, 0xc6, 0x39, 0xe6, 0x39, 0xe7, 0x39, 0xe7, 0x39, 0xe7, 0x39,
  0xe7, 0x39, 0xe7, 0x39, 0xe7, 0x39, 0xe7, 0x41, 0xc7, 0x41, 0xe7, 0x41, 0xe7, 0x39, 0xe7, 0x39,
  0xa7, 0x51, 0xc4, 0x38, 0x66, 0x41, 0xe8, 0x49, 0xaa, 0x5a, 0xaa, 0x5a, 0x28, 0x52, 0x86, 0x41,
  0x83, 0x30, 0xc4, 0x38, 0x25, 0x39, 0x04, 0x31, 0x25, 0x39, 0x25, 0x39, 0x25, 0x39, 0x25, 0x39,
  0x45, 0x39, 0x45, 0x39, 0x65, 0x31, 0x45, 0x39, 0x23, 0x41, 0xe3, 0x48, 0xc3, 0x40, 0x20, 0x08,
  0x00, 0x00, 0x00, 0x00, 0x00, 0x00, 0x00, 0x00, 0x00, 0x00, 0x00, 0x00, 0x00, 0x00, 0x00, 0x00,
  0x00, 0x00, 0x00, 0x00, 0x00, 0x00, 0x00, 0x00, 0x00, 0x00, 0x00, 0x00, 0x00, 0x00, 0x00, 0x00,
  0x00, 0x00, 0x00, 0x00, 0x00, 0x00, 0x00, 0x00, 0x00, 0x00, 0x00, 0x00, 0x00, 0x00, 0x00, 0x00,
  0x00, 0x00, 0x00, 0x00, 0x00, 0x00, 0x00, 0x00, 0x00, 0x00, 0x00, 0x00, 0x00, 0x00, 0x00, 0x00,
  0x00, 0x00, 0x00, 0x00, 0x00, 0x00, 0x00, 0x00, 0x00, 0x00, 0x00, 0x00, 0x00, 0x00, 0x00, 0x00,
  0x00, 0x00, 0x00, 0x00, 0x00, 0x00, 0x00, 0x00, 0x00, 0x00, 0x00, 0x00, 0x00, 0x00, 0x00, 0x00,
  0x00, 0x00, 0x00, 0x00, 0x00, 0x00, 0x00, 0x00, 0x00, 0x00, 0x00, 0x00, 0x00, 0x00, 0x00, 0x00,
  0x00, 0x00, 0x00, 0x00, 0x00, 0x00, 0x00, 0x00, 0x00, 0x00, 0x00, 0x00, 0x00, 0x00, 0x00, 0x00,
  0x00, 0x00, 0x00, 0x00, 0x00, 0x00, 0x00, 0x00, 0x00, 0x00, 0x00, 0x00, 0x00, 0x00, 0x00, 0x00,
  0x00, 0x00, 0x00, 0x00, 0x00, 0x00, 0x00, 0x00, 0x00, 0x00, 0x00, 0x00, 0x00, 0x00, 0x00, 0x00,
  0x00, 0x00, 0x00, 0x00, 0x00, 0x00, 0x00, 0x00, 0x00, 0x00, 0x00, 0x00, 0x00, 0x00, 0x00, 0x00,
  0x00, 0x00, 0x00, 0x00, 0x00, 0x00, 0x00, 0x00, 0x00, 0x00, 0x00, 0x00, 0x00, 0x00, 0x00, 0x00,
  0x00, 0x00, 0x00, 0x00, 0x00, 0x00, 0x00, 0x00, 0x00, 0x00, 0x00, 0x00, 0x00, 0x00, 0x00, 0x00,
  0x00, 0x00, 0x00, 0x00, 0x00, 0x00, 0x00, 0x00, 0x00, 0x00, 0x00, 0x00, 0x00, 0x00, 0x00, 0x00,
  0x00, 0x00, 0x00, 0x00, 0x00, 0x00, 0x00, 0x00, 0x00, 0x00, 0x00, 0x00, 0x00, 0x00, 0x00, 0x00,
  0x00, 0x00, 0x00, 0x00, 0x00, 0x00, 0x00, 0x00, 0x00, 0x00, 0x00, 0x00, 0x00, 0x00, 0x00, 0x00,
  0x00, 0x00, 0x00, 0x00, 0x00, 0x00, 0x00, 0x00, 0x00, 0x00, 0x00, 0x00, 0x00, 0x00, 0x00, 0x00,
  0x00, 0x00, 0x00, 0x00, 0x62, 0x30, 0xc4, 0x38, 0x45, 0x31, 0x65, 0x29, 0x65, 0x29, 0x65, 0x29,
  0x65, 0x29, 0x45, 0x31, 0x65, 0x31, 0x45, 0x31, 0x45, 0x31, 0x45, 0x31, 0x65, 0x31, 0x86, 0x39,
  0xa6, 0x39, 0xa7, 0x39, 0xc7, 0x39, 0xc7, 0x41, 0xc7, 0x41, 0xc7, 0x41, 0xc7, 0x41, 0xc7, 0x41,
  0xe7, 0x41, 0xe7, 0x41, 0xe7, 0x41, 0xe7, 0x41, 0xe7, 0x41, 0xe7, 0x41, 0x07, 0x42, 0x08, 0x42,
  0x08, 0x42, 0x08, 0x42, 0x08, 0x42, 0x28, 0x4a, 0x28, 0x4a, 0x28, 0x4a, 0x28, 0x4a, 0x28, 0x4a,
  0x08, 0x4a, 0x08, 0x4a, 0xa7, 0x41, 0x25, 0x31, 0x04, 0x29, 0x08, 0x4a, 0x8e, 0x7b, 0x92, 0x9c,
  0xd7, 0xc5, 0x34, 0xad, 0xb2, 0x9c, 0xb2, 0x9c, 0x71, 0x94, 0x91, 0x94, 0x91, 0x94, 0x50, 0x94,
  0x67, 0x5a, 0xc3, 0x51, 0xee, 0xbc, 0x2a, 0xac, 0x05, 0x8b, 0x46, 0x93, 0x26, 0x8b, 0x05, 0x83,
  0xe9, 0xa3, 0x48, 0x93, 0xcb, 0x9b, 0xcc, 0x9b, 0xa0, 0x30, 0xc1, 0x30, 0x64, 0x41, 0x43, 0x39,
  0x83, 0x41, 0xa4, 0x41, 0xc6, 0x41, 0xc7, 0x41, 0xc7, 0x39, 0xc7, 0x39, 0xc7, 0x39, 0xc7, 0x39,
  0xc6, 0x39, 0xc6, 0x39, 0xc7, 0x41, 0xc7, 0x41, 0xc7, 0x41, 0xc7, 0x41, 0xc7, 0x41, 0xc7, 0x41,
  0xc7, 0x41, 0xe7, 0x41, 0x07, 0x3a, 0xe7, 0x39, 0x46, 0x41, 0xe5, 0x40, 0xc7, 0x51, 0x49, 0x5a,
  0x8a, 0x5a, 0x8a, 0x52, 0x08, 0x4a, 0x66, 0x41, 0xc4, 0x38, 0x05, 0x41, 0x66, 0x41, 0x66, 0x39,
  0x65, 0x39, 0x65, 0x39, 0x65, 0x31, 0x65, 0x31, 0x65, 0x31, 0x65, 0x31, 0x65, 0x39, 0x24, 0x41,
  0xe3, 0x48, 0xe3, 0x50, 0x81, 0x28, 0x00, 0x00, 0x00, 0x00, 0x00, 0x00, 0x00, 0x00, 0x00, 0x00,
  0x00, 0x00, 0x00, 0x00, 0x00, 0x00, 0x00, 0x00, 0x00, 0x00, 0x00, 0x00, 0x00, 0x00, 0x00, 0x00,
  0x00, 0x00, 0x00, 0x00, 0x00, 0x00, 0x00, 0x00, 0x00, 0x00, 0x00, 0x00, 0x00, 0x00, 0x00, 0x00,
  0x00, 0x00, 0x00, 0x00, 0x00, 0x00, 0x00, 0x00, 0x00, 0x00, 0x00, 0x00, 0x00, 0x00, 0x00, 0x00,
  0x00, 0x00, 0x00, 0x00, 0x00, 0x00, 0x00, 0x00, 0x00, 0x00, 0x00, 0x00, 0x00, 0x00, 0x00, 0x00,
  0x00, 0x00, 0x00, 0x00, 0x00, 0x00, 0x00, 0x00, 0x00, 0x00, 0x00, 0x00, 0x00, 0x00, 0x00, 0x00,
  0x00, 0x00, 0x00, 0x00, 0x00, 0x00, 0x00, 0x00, 0x00, 0x00, 0x00, 0x00, 0x00, 0x00, 0x00, 0x00,
  0x00, 0x00, 0x00, 0x00, 0x00, 0x00, 0x00, 0x00, 0x00, 0x00, 0x00, 0x00, 0x00, 0x00, 0x00, 0x00,
  0x00, 0x00, 0x00, 0x00, 0x00, 0x00, 0x00, 0x00, 0x00, 0x00, 0x00, 0x00, 0x00, 0x00, 0x00, 0x00,
  0x00, 0x00, 0x00, 0x00, 0x00, 0x00, 0x00, 0x00, 0x00, 0x00, 0x00, 0x00, 0x00, 0x00, 0x00, 0x00,
  0x00, 0x00, 0x00, 0x00, 0x00, 0x00, 0x00, 0x00, 0x00, 0x00, 0x00, 0x00, 0x00, 0x00, 0x00, 0x00,
  0x00, 0x00, 0x00, 0x00, 0x00, 0x00, 0x00, 0x00, 0x00, 0x00, 0x00, 0x00, 0x00, 0x00, 0x00, 0x00,
  0x00, 0x00, 0x00, 0x00, 0x00, 0x00, 0x00, 0x00, 0x00, 0x00, 0x00, 0x00, 0x00, 0x00, 0x00, 0x00,
  0x00, 0x00, 0x00, 0x00, 0x00, 0x00, 0x00, 0x00, 0x00, 0x00, 0x00, 0x00, 0x00, 0x00, 0x00, 0x00,
  0x00, 0x00, 0x00, 0x00, 0x00, 0x00, 0x00, 0x00, 0x00, 0x00, 0x00, 0x00, 0x00, 0x00, 0x00, 0x00,
  0x00, 0x00, 0x00, 0x00, 0x00, 0x00, 0x00, 0x00, 0x00, 0x00, 0x00, 0x00, 0x00, 0x00, 0x00, 0x00,
  0x00, 0x00, 0x00, 0x00, 0x00, 0x00, 0x00, 0x00, 0x00, 0x00, 0x00, 0x00, 0x00, 0x00, 0x00, 0x00,
  0x00, 0x00, 0x00, 0x00, 0x00, 0x00, 0x00, 0x00, 0x00, 0x00, 0x00, 0x00, 0x62, 0x30, 0xc4, 0x40,
  0x45, 0x31, 0x65, 0x29, 0x66, 0x29, 0x65, 0x29, 0x65, 0x31, 0x45, 0x31, 0x65, 0x31, 0x45, 0x31,
  0x45, 0x31, 0x45, 0x31, 0x65, 0x31, 0x86, 0x39, 0xa6, 0x39, 0xa7, 0x39, 0xc7, 0x39, 0xc7, 0x41,
  0xc7, 0x41, 0xc7, 0x41, 0xc7, 0x41, 0xe7, 0x39, 0xe7, 0x39, 0xe7, 0x39, 0xe7, 0x41, 0xe7, 0x41,
  0xe7, 0x41, 0xe7, 0x41, 0x07, 0x42, 0x08, 0x42, 0x08, 0x42, 0x08, 0x4a, 0x08, 0x4a, 0x08, 0x4a,
  0x28, 0x4a, 0x28, 0x52, 0x28, 0x52, 0x28, 0x52, 0x49, 0x5a, 0x04, 0x29, 0x25, 0x31, 0x8a, 0x5a,
  0xf0, 0x8b, 0xf4, 0xa4, 0x76, 0xb5, 0x34, 0xad, 0xf3, 0xa4, 0x14, 0xa5, 0xf3, 0xa4, 0xb2, 0x9c,
  0x91, 0x94, 0x91, 0x94, 0x91, 0x94, 0xb2, 0x9c, 0x70, 0xa4, 0x23, 0x41, 0x8a, 0x93, 0x6d, 0xb4,
  0x27, 0x8b, 0x27, 0x8b, 0x47, 0x8b, 0x07, 0x83, 0xc7, 0x7a, 0x80, 0x30, 0x80, 0x30, 0xa2, 0x30,
  0x82, 0x28, 0x82, 0x28, 0x86, 0x41, 0xe7, 0x49, 0xa5, 0x41, 0xa5, 0x41, 0xa6, 0x39, 0xa7, 0x39,
  0xa8, 0x39, 0xc8, 0x39, 0xc7, 0x39, 0xc7, 0x39, 0xc7, 0x39, 0xc6, 0x41, 0xc6, 0x41, 0xc6, 0x41,
  0xc7, 0x41, 0xc7, 0x41, 0xc7, 0x41, 0xc7, 0x41, 0xc7, 0x41, 0xc7, 0x41, 0xe7, 0x39, 0xe7, 0x41,
  0x05, 0x39, 0x05, 0x41, 0x29, 0x52, 0xaa, 0x5a, 0x89, 0x52, 0x69, 0x52, 0xe7, 0x49, 0x45, 0x39,
  0x83, 0x30, 0xc4, 0x40, 0x66, 0x41, 0xa7, 0x41, 0x86, 0x39, 0x86, 0x39, 0x85, 0x31, 0x85, 0x31,
  0x85, 0x31, 0x65, 0x31, 0x45, 0x39, 0x25, 0x41, 0xc2, 0x48, 0x81, 0x30, 0x00, 0x00, 0x00, 0x00,
  0x00, 0x00, 0x00, 0x00, 0x00, 0x00, 0x00, 0x00, 0x00, 0x00, 0x00, 0x00, 0x00, 0x00, 0x00, 0x00,
  0x00, 0x00, 0x00, 0x00, 0x00, 0x00, 0x00, 0x00, 0x00, 0x00, 0x00, 0x00, 0x00, 0x00, 0x00, 0x00,
  0x00, 0x00, 0x00, 0x00, 0x00, 0x00, 0x00, 0x00, 0x00, 0x00, 0x00, 0x00, 0x00, 0x00, 0x00, 0x00,
  0x00, 0x00, 0x00, 0x00, 0x00, 0x00, 0x00, 0x00, 0x00, 0x00, 0x00, 0x00, 0x00, 0x00, 0x00, 0x00,
  0x00, 0x00, 0x00, 0x00, 0x00, 0x00, 0x00, 0x00, 0x00, 0x00, 0x00, 0x00, 0x00, 0x00, 0x00, 0x00,
  0x00, 0x00, 0x00, 0x00, 0x00, 0x00, 0x00, 0x00, 0x00, 0x00, 0x00, 0x00, 0x00, 0x00, 0x00, 0x00,
  0x00, 0x00, 0x00, 0x00, 0x00, 0x00, 0x00, 0x00, 0x00, 0x00, 0x00, 0x00, 0x00, 0x00, 0x00, 0x00,
  0x00, 0x00, 0x00, 0x00, 0x00, 0x00, 0x00, 0x00, 0x00, 0x00, 0x00, 0x00, 0x00, 0x00, 0x00, 0x00,
  0x00, 0x00, 0x00, 0x00, 0x00, 0x00, 0x00, 0x00, 0x00, 0x00, 0x00, 0x00, 0x00, 0x00, 0x00, 0x00,
  0x00, 0x00, 0x00, 0x00, 0x00, 0x00, 0x00, 0x00, 0x00, 0x00, 0x00, 0x00, 0x00, 0x00, 0x00, 0x00,
  0x00, 0x00, 0x00, 0x00, 0x00, 0x00, 0x00, 0x00, 0x00, 0x00, 0x00, 0x00, 0x00, 0x00, 0x00, 0x00,
  0x00, 0x00, 0x00, 0x00, 0x00, 0x00, 0x00, 0x00, 0x00, 0x00, 0x00, 0x00, 0x00, 0x00, 0x00, 0x00,
  0x00, 0x00, 0x00, 0x00, 0x00, 0x00, 0x00, 0x00, 0x00, 0x00, 0x00, 0x00, 0x00, 0x00, 0x00, 0x00,
  0x00, 0x00, 0x00, 0x00, 0x00, 0x00, 0x00, 0x00, 0x00, 0x00, 0x00, 0x00, 0x00, 0x00, 0x00, 0x00,
  0x00, 0x00, 0x00, 0x00, 0x00, 0x00, 0x00, 0x00, 0x00, 0x00, 0x00, 0x00, 0x00, 0x00, 0x00, 0x00,
  0x00, 0x00, 0x00, 0x00, 0x00, 0x00, 0x00, 0x00, 0x00, 0x00, 0x00, 0x00, 0x00, 0x00, 0x00, 0x00,
  0x00, 0x00, 0x00, 0x00, 0x00, 0x00, 0x00, 0x00, 0x00, 0x00, 0x00, 0x00, 0x00, 0x00, 0x00, 0x00,
  0x00, 0x00, 0x00, 0x00, 0x62, 0x30, 0x83, 0x38, 0x25, 0x39, 0x45, 0x31, 0x66, 0x29, 0x66, 0x29,
  0x65, 0x31, 0x45, 0x31, 0x45, 0x31, 0x45, 0x31, 0x45, 0x31, 0x45, 0x31, 0x65, 0x31, 0x86, 0x39,
  0xa6, 0x39, 0xa7, 0x39, 0xc7, 0x41, 0xe7, 0x41, 0xe7, 0x41, 0xe7, 0x41, 0xe7, 0x39, 0xe7, 0x39,
  0x07, 0x3a, 0x07, 0x3a, 0xe7, 0x39, 0xe7, 0x41, 0xe7, 0x41, 0xe7, 0x41, 0xe7, 0x41, 0xe7, 0x41,
  0x08, 0x4a, 0xe7, 0x49, 0x69, 0x52, 0xe7, 0x49, 0x28, 0x52, 0xc7, 0x51, 0x86, 0x49, 0x83, 0x28,
  0xe4, 0x30, 0xab, 0x62, 0xcf, 0x83, 0x96, 0xbd, 0x96, 0xbd, 0x75, 0xb5, 0x75, 0xad, 0x54, 0xad,
  0x34, 0xad, 0x34, 0xa5, 0x14, 0xa5, 0x13, 0xa5, 0xf3, 0x9c, 0xd2, 0x9c, 0xf2, 0x9c, 0xf3, 0xa4,
  0x71, 0xa4, 0x85, 0x49, 0x48, 0x6a, 0xee, 0x9b, 0xc9, 0x7a, 0x27, 0x6a, 0x43, 0x49, 0xc1, 0x30,
  0x02, 0x31, 0x64, 0x39, 0xa5, 0x41, 0xa6, 0x41, 0xa6, 0x41, 0xa6, 0x39, 0xa7, 0x41, 0xc7, 0x39,
  0xc7, 0x39, 0xc7, 0x39, 0xc7, 0x41, 0xc7, 0x39, 0xc7, 0x39, 0xc7, 0x39, 0xc7, 0x39, 0xc7, 0x39,
  0xc7, 0x39, 0xa7, 0x41, 0xc7, 0x41, 0xa7, 0x41, 0xa7, 0x41, 0xa7, 0x41, 0xc7, 0x41, 0xc7, 0x41,
  0xe7, 0x49, 0xc7, 0x49, 0xc7, 0x49, 0xe7, 0x49, 0xc3, 0x30, 0x45, 0x39, 0x69, 0x52, 0x48, 0x4a,
  0x89, 0x4a, 0x69, 0x4a, 0xe7, 0x41, 0x25, 0x39, 0xe5, 0x40, 0xe4, 0x40, 0x04, 0x39, 0x45, 0x41,
  0x66, 0x41, 0x86, 0x39, 0x85, 0x31, 0x64, 0x31, 0x44, 0x31, 0x65, 0x39, 0x45, 0x41, 0xa3, 0x38,
  0x61, 0x38, 0x00, 0x00, 0x00, 0x00, 0x00, 0x00, 0x00, 0x00, 0x00, 0x00, 0x00, 0x00, 0x00, 0x00,
  0x00, 0x00, 0x00, 0x00, 0x00, 0x00, 0x00, 0x00, 0x00, 0x00, 0x00, 0x00, 0x00, 0x00, 0x00, 0x00,
  0x00, 0x00, 0x00, 0x00, 0x00, 0x00, 0x00, 0x00, 0x00, 0x00, 0x00, 0x00, 0x00, 0x00, 0x00, 0x00,
  0x00, 0x00, 0x00, 0x00, 0x00, 0x00, 0x00, 0x00, 0x00, 0x00, 0x00, 0x00, 0x00, 0x00, 0x00, 0x00,
  0x00, 0x00, 0x00, 0x00, 0x00, 0x00, 0x00, 0x00, 0x00, 0x00, 0x00, 0x00, 0x00, 0x00, 0x00, 0x00,
  0x00, 0x00, 0x00, 0x00, 0x00, 0x00, 0x00, 0x00, 0x00, 0x00, 0x00, 0x00, 0x00, 0x00, 0x00, 0x00,
  0x00, 0x00, 0x00, 0x00, 0x00, 0x00, 0x00, 0x00, 0x00, 0x00, 0x00, 0x00, 0x00, 0x00, 0x00, 0x00,
  0x00, 0x00, 0x00, 0x00, 0x00, 0x00, 0x00, 0x00, 0x00, 0x00, 0x00, 0x00, 0x00, 0x00, 0x00, 0x00,
  0x00, 0x00, 0x00, 0x00, 0x00, 0x00, 0x00, 0x00, 0x00, 0x00, 0x00, 0x00, 0x00, 0x00, 0x00, 0x00,
  0x00, 0x00, 0x00, 0x00, 0x00, 0x00, 0x00, 0x00, 0x00, 0x00, 0x00, 0x00, 0x00, 0x00, 0x00, 0x00,
  0x00, 0x00, 0x00, 0x00, 0x00, 0x00, 0x00, 0x00, 0x00, 0x00, 0x00, 0x00, 0x00, 0x00, 0x00, 0x00,
  0x00, 0x00, 0x00, 0x00, 0x00, 0x00, 0x00, 0x00, 0x00, 0x00, 0x00, 0x00, 0x00, 0x00, 0x00, 0x00,
  0x00, 0x00, 0x00, 0x00, 0x00, 0x00, 0x00, 0x00, 0x00, 0x00, 0x00, 0x00, 0x00, 0x00, 0x00, 0x00,
  0x00, 0x00, 0x00, 0x00, 0x00, 0x00, 0x00, 0x00, 0x00, 0x00, 0x00, 0x00, 0x00, 0x00, 0x00, 0x00,
  0x00, 0x00, 0x00, 0x00, 0x00, 0x00, 0x00, 0x00, 0x00, 0x00, 0x00, 0x00, 0x00, 0x00, 0x00, 0x00,
  0x00, 0x00, 0x00, 0x00, 0x00, 0x00, 0x00, 0x00, 0x00, 0x00, 0x00, 0x00, 0x00, 0x00, 0x00, 0x00,
  0x00, 0x00, 0x00, 0x00, 0x00, 0x00, 0x00, 0x00, 0x00, 0x00, 0x00, 0x00, 0x00, 0x00, 0x00, 0x00,
  0x00, 0x00, 0x00, 0x00, 0x00, 0x00, 0x00, 0x00, 0x00, 0x00, 0x00, 0x00, 0x42, 0x30, 0x83, 0x38,
  0x25, 0x39, 0x45, 0x31, 0x46, 0x31, 0x66, 0x29, 0x65, 0x31, 0x65, 0x31, 0x65, 0x31, 0x65, 0x31,
  0x45, 0x29, 0x65, 0x31, 0x85, 0x31, 0x86, 0x39, 0xa6, 0x39, 0xa7, 0x39, 0xc7, 0x41, 0xe7, 0x41,
  0xe7, 0x41, 0xe7, 0x41, 0xe7, 0x39, 0xe7, 0x39, 0x07, 0x3a, 0x07, 0x3a, 0xe7, 0x39, 0xe7, 0x41,
  0xe7, 0x41, 0xe7, 0x41, 0xe7, 0x41, 0xc7, 0x49, 0xe7, 0x49, 0xe7, 0x49, 0x28, 0x52, 0x08, 0x52,
  0xa7, 0x49, 0xc4, 0x30, 0xe4, 0x38, 0x87, 0x49, 0x0d, 0x73, 0x35, 0xb5, 0x76, 0xb5, 0x55, 0xb5,
  0x55, 0xad, 0x54, 0xad, 0x34, 0xa5, 0x54, 0xa5, 0x34, 0xad, 0x34, 0xad, 0x34, 0xad, 0x34, 0xad,
  0x71, 0x94, 0x92, 0x94, 0xd2, 0x9c, 0xf3, 0xa4, 0x14, 0xb5, 0xae, 0x8b, 0xa2, 0x30, 0xe7, 0x59,
  0xa6, 0x49, 0x24, 0x41, 0xe4, 0x38, 0x45, 0x41, 0xa5, 0x39, 0xc6, 0x39, 0xe7, 0x41, 0xe7, 0x41,
  0xc6, 0x39, 0xc7, 0x39, 0xc7, 0x39, 0xc7, 0x39, 0xc7, 0x39, 0xc7, 0x39, 0xc7, 0x39, 0xc7, 0x39,
  0xc7, 0x41, 0xc7, 0x39, 0xc7, 0x39, 0xc7, 0x39, 0xc7, 0x41, 0xc7, 0x41, 0xa7, 0x41, 0xa7, 0x41,
  0xa7, 0x41, 0xc7, 0x41, 0xc7, 0x41, 0xa7, 0x41, 0xe7, 0x49, 0xe8, 0x51, 0xa7, 0x49, 0x25, 0x39,
  0x04, 0x31, 0x86, 0x41, 0x69, 0x4a, 0x69, 0x4a, 0x89, 0x4a, 0x48, 0x4a, 0xc7, 0x41, 0x25, 0x39,
  0x05, 0x39, 0x87, 0x51, 0x66, 0x49, 0xe3, 0x30, 0x45, 0x39, 0x65, 0x39, 0x45, 0x39, 0x24, 0x31,
  0x45, 0x39, 0x45, 0x41, 0x25, 0x41, 0xa3, 0x40, 0x00, 0x00, 0x00, 0x00, 0x00, 0x00, 0x00, 0x00,
  0x00, 0x00, 0x00, 0x00, 0x00, 0x00, 0x00, 0x00, 0x00, 0x00, 0x00, 0x00, 0x00, 0x00, 0x00, 0x00,
  0x00, 0x00, 0x00, 0x00, 0x00, 0x00, 0x00, 0x00, 0x00, 0x00, 0x00, 0x00, 0x00, 0x00, 0x00, 0x00,
  0x00, 0x00, 0x00, 0x00, 0x00, 0x00, 0x00, 0x00, 0x00, 0x00, 0x00, 0x00, 0x00, 0x00, 0x00, 0x00,
  0x00, 0x00, 0x00, 0x00, 0x00, 0x00, 0x00, 0x00, 0x00, 0x00, 0x00, 0x00, 0x00, 0x00, 0x00, 0x00,
  0x00, 0x00, 0x00, 0x00, 0x00, 0x00, 0x00, 0x00, 0x00, 0x00, 0x00, 0x00, 0x00, 0x00, 0x00, 0x00,
  0x00, 0x00, 0x00, 0x00, 0x00, 0x00, 0x00, 0x00, 0x00, 0x00, 0x00, 0x00, 0x00, 0x00, 0x00, 0x00,
  0x00, 0x00, 0x00, 0x00, 0x00, 0x00, 0x00, 0x00, 0x00, 0x00, 0x00, 0x00, 0x00, 0x00, 0x00, 0x00,
  0x00, 0x00, 0x00, 0x00, 0x00, 0x00, 0x00, 0x00, 0x00, 0x00, 0x00, 0x00, 0x00, 0x00, 0x00, 0x00,
  0x00, 0x00, 0x00, 0x00, 0x00, 0x00, 0x00, 0x00, 0x00, 0x00, 0x00, 0x00, 0x00, 0x00, 0x00, 0x00,
  0x00, 0x00, 0x00, 0x00, 0x00, 0x00, 0x00, 0x00, 0x00, 0x00, 0x00, 0x00, 0x00, 0x00, 0x00, 0x00,
  0x00, 0x00, 0x00, 0x00, 0x00, 0x00, 0x00, 0x00, 0x00, 0x00, 0x00, 0x00, 0x00, 0x00, 0x00, 0x00,
  0x00, 0x00, 0x00, 0x00, 0x00, 0x00, 0x00, 0x00, 0x00, 0x00, 0x00, 0x00, 0x00, 0x00, 0x00, 0x00,
  0x00, 0x00, 0x00, 0x00, 0x00, 0x00, 0x00, 0x00, 0x00, 0x00, 0x00, 0x00, 0x00, 0x00, 0x00, 0x00,
  0x00, 0x00, 0x00, 0x00, 0x00, 0x00, 0x00, 0x00, 0x00, 0x00, 0x00, 0x00, 0x00, 0x00, 0x00, 0x00,
  0x00, 0x00, 0x00, 0x00, 0x00, 0x00, 0x00, 0x00, 0x00, 0x00, 0x00, 0x00, 0x00, 0x00, 0x00, 0x00,
  0x00, 0x00, 0x00, 0x00, 0x00, 0x00, 0x00, 0x00, 0x00, 0x00, 0x00, 0x00, 0x00, 0x00, 0x00, 0x00,
  0x00, 0x00, 0x00, 0x00, 0x00, 0x00, 0x00, 0x00, 0x00, 0x00, 0x00, 0x00, 0x00, 0x00, 0x00, 0x00,
  0x00, 0x00, 0x00, 0x00, 0x42, 0x30, 0x83, 0x40, 0x25, 0x39, 0x45, 0x31, 0x46, 0x31, 0x66, 0x29,
  0x65, 0x31, 0x65, 0x31, 0x65, 0x31, 0x65, 0x31, 0x45, 0x29, 0x65, 0x31, 0x86, 0x31, 0x86, 0x39,
  0xa6, 0x39, 0xc7, 0x39, 0xe7, 0x39, 0xe7, 0x39, 0xe7, 0x39, 0xe7, 0x39, 0xe7, 0x39, 0xe7, 0x39,
  0xe7, 0x39, 0xe7, 0x39, 0xe7, 0x39, 0xe7, 0x41, 0xe7, 0x41, 0xe7, 0x41, 0xc7, 0x49, 0xc7, 0x49,
  0xc7, 0x49, 0x08, 0x52, 0x86, 0x49, 0x04, 0x39, 0xe4, 0x30, 0xa7, 0x49, 0x4d, 0x73, 0x14, 0xad,
  0x76, 0xbd, 0x55, 0xb5, 0x55, 0xb5, 0xf4, 0xa4, 0x34, 0xa5, 0x34, 0xad, 0x34, 0xa5, 0x34, 0xad,
  0x34, 0xad, 0x34, 0xad, 0x34, 0xad, 0x34, 0xad, 0x75, 0xb5, 0x34, 0xad, 0xd2, 0xa4, 0x71, 0x9c,
  0x8e, 0x83, 0x89, 0x62, 0xa2, 0x28, 0x03, 0x31, 0x65, 0x41, 0x45, 0x41, 0x66, 0x49, 0xe7, 0x51,
  0xe7, 0x41, 0xe7, 0x41, 0xe7, 0x41, 0xe7, 0x41, 0xc7, 0x39, 0xc7, 0x39, 0xc7, 0x39, 0xc7, 0x39,
  0xc7, 0x39, 0xc7, 0x41, 0xc7, 0x41, 0xc7, 0x41, 0xc7, 0x41, 0xc7, 0x41, 0xc7, 0x41, 0xc7, 0x41,
  0xa7, 0x41, 0xa7, 0x41, 0xa7, 0x41, 0xc7, 0x39, 0xc7, 0x41, 0xc7, 0x41, 0xa7, 0x41, 0xa7, 0x49,
  0xc7, 0x49, 0x25, 0x39, 0xe3, 0x30, 0x04, 0x39, 0x45, 0x39, 0xe7, 0x49, 0x48, 0x4a, 0x69, 0x4a,
  0x69, 0x4a, 0x48, 0x4a, 0xc7, 0x49, 0x25, 0x39, 0xe4, 0x38, 0xe8, 0x51, 0x08, 0x52, 0x45, 0x39,
  0xa2, 0x28, 0xc3, 0x30, 0x24, 0x39, 0x85, 0x41, 0x24, 0x39, 0xe3, 0x38, 0xa3, 0x40, 0x62, 0x28,
  0x00, 0x00, 0x00, 0x00, 0x00, 0x00, 0x00, 0x00, 0x00, 0x00, 0x00, 0x00, 0x00, 0x00, 0x00, 0x00,
  0x00, 0x00, 0x00, 0x00, 0x00, 0x00, 0x00, 0x00, 0x00, 0x00, 0x00, 0x00, 0x00, 0x00, 0x00, 0x00,
  0x00, 0x00, 0x00, 0x00, 0x00, 0x00, 0x00, 0x00, 0x00, 0x00, 0x00, 0x00, 0x00, 0x00, 0x00, 0x00,
  0x00, 0x00, 0x00, 0x00, 0x00, 0x00, 0x00, 0x00, 0x00, 0x00, 0x00, 0x00, 0x00, 0x00, 0x00, 0x00,
  0x00, 0x00, 0x00, 0x00, 0x00, 0x00, 0x00, 0x00, 0x00, 0x00, 0x00, 0x00, 0x00, 0x00, 0x00, 0x00,
  0x00, 0x00, 0x00, 0x00, 0x00, 0x00, 0x00, 0x00, 0x00, 0x00, 0x00, 0x00, 0x00, 0x00, 0x00, 0x00,
  0x00, 0x00, 0x00, 0x00, 0x00, 0x00, 0x00, 0x00, 0x00, 0x00, 0x00, 0x00, 0x00, 0x00, 0x00, 0x00,
  0x00, 0x00, 0x00, 0x00, 0x00, 0x00, 0x00, 0x00, 0x00, 0x00, 0x00, 0x00, 0x00, 0x00, 0x00, 0x00,
  0x00, 0x00, 0x00, 0x00, 0x00, 0x00, 0x00, 0x00, 0x00, 0x00, 0x00, 0x00, 0x00, 0x00, 0x00, 0x00,
  0x00, 0x00, 0x00, 0x00, 0x00, 0x00, 0x00, 0x00, 0x00, 0x00, 0x00, 0x00, 0x00, 0x00, 0x00, 0x00,
  0x00, 0x00, 0x00, 0x00, 0x00, 0x00, 0x00, 0x00, 0x00, 0x00, 0x00, 0x00, 0x00, 0x00, 0x00, 0x00,
  0x00, 0x00, 0x00, 0x00, 0x00, 0x00, 0x00, 0x00, 0x00, 0x00, 0x00, 0x00, 0x00, 0x00, 0x00, 0x00,
  0x00, 0x00, 0x00, 0x00, 0x00, 0x00, 0x00, 0x00, 0x00, 0x00, 0x00, 0x00, 0x00, 0x00, 0x00, 0x00,
  0x00, 0x00, 0x00, 0x00, 0x00, 0x00, 0x00, 0x00, 0x00, 0x00, 0x00, 0x00, 0x00, 0x00, 0x00, 0x00,
  0x00, 0x00, 0x00, 0x00, 0x00, 0x00, 0x00, 0x00, 0x00, 0x00, 0x00, 0x00, 0x00, 0x00, 0x00, 0x00,
  0x00, 0x00, 0x00, 0x00, 0x00, 0x00, 0x00, 0x00, 0x00, 0x00, 0x00, 0x00, 0x00, 0x00, 0x00, 0x00,
  0x00, 0x00, 0x00, 0x00, 0x00, 0x00, 0x00, 0x00, 0x00, 0x00, 0x00, 0x00, 0x00, 0x00, 0x00, 0x00,
  0x00, 0x00, 0x00, 0x00, 0x00, 0x00, 0x00, 0x00, 0x00, 0x00, 0x00, 0x00, 0x62, 0x30, 0x83, 0x40,
  0x25, 0x39, 0x45, 0x31, 0x45, 0x31, 0x65, 0x29, 0x65, 0x31, 0x65, 0x31, 0x65, 0x31, 0x65, 0x31,
  0x45, 0x29, 0x65, 0x31, 0x86, 0x31, 0x86, 0x39, 0xa6, 0x39, 0xc7, 0x39, 0xe7, 0x39, 0xe7, 0x39,
  0xe7, 0x39, 0xe7, 0x39, 0xe7, 0x39, 0xe7, 0x41, 0xe7, 0x41, 0xe7, 0x41, 0xe7, 0x41, 0xe7, 0x41,
  0xe7, 0x41, 0xc7, 0x49, 0xc7, 0x49, 0xa7, 0x51, 0xa7, 0x49, 0x25, 0x39, 0x83, 0x28, 0x46, 0x41,
  0xab, 0x6a, 0x72, 0x9c, 0xf4, 0xa4, 0xf4, 0xa4, 0x35, 0xad, 0x55, 0xb5, 0x34, 0xad, 0x14, 0xa5,
  0x34, 0xad, 0x34, 0xad, 0x34, 0xad, 0x34, 0xad, 0x34, 0xad, 0x34, 0xad, 0x34, 0xad, 0x34, 0xad,
  0x34, 0xb5, 0x30, 0x94, 0xcb, 0x62, 0xa6, 0x41, 0xe3, 0x28, 0xa2, 0x20, 0x24, 0x31, 0x86, 0x41,
  0x65, 0x39, 0xc7, 0x49, 0xe8, 0x51, 0xe7, 0x49, 0xc7, 0x41, 0xe7, 0x41, 0xe7, 0x41, 0xc7, 0x41,
  0xc7, 0x39, 0xc7, 0x39, 0xc7, 0x39, 0xc7, 0x41, 0xc7, 0x41, 0xc7, 0x41, 0xc7, 0x41, 0xc7, 0x41,
  0xc7, 0x41, 0xc7, 0x41, 0xc7, 0x41, 0xa7, 0x41, 0xa7, 0x49, 0xa7, 0x49, 0xa7, 0x41, 0xa7, 0x41,
  0xa7, 0x41, 0xa7, 0x41, 0xa7, 0x49, 0x87, 0x49, 0x86, 0x41, 0xa7, 0x49, 0xa6, 0x49, 0x86, 0x49,
  0x66, 0x41, 0x49, 0x5a, 0x28, 0x4a, 0x48, 0x4a, 0x69, 0x52, 0x28, 0x52, 0xc7, 0x49, 0x25, 0x39,
  0xc3, 0x30, 0xa7, 0x41, 0x28, 0x52, 0x28, 0x52, 0x65, 0x41, 0x24, 0x39, 0x04, 0x31, 0x24, 0x39,
  0xe3, 0x38, 0x82, 0x38, 0x41, 0x18, 0x00, 0x00, 0x00, 0x00, 0x00, 0x00, 0x00, 0x00, 0x00, 0x00,
  0x00, 0x00, 0x00, 0x00, 0x00, 0x00, 0x00, 0x00, 0x00, 0x00, 0x00, 0x00, 0x00, 0x00, 0x00, 0x00,
  0x00, 0x00, 0x00, 0x00, 0x00, 0x00, 0x00, 0x00, 0x00, 0x00, 0x00, 0x00, 0x00, 0x00, 0x00, 0x00,
  0x00, 0x00, 0x00, 0x00, 0x00, 0x00, 0x00, 0x00, 0x00, 0x00, 0x00, 0x00, 0x00, 0x00, 0x00, 0x00,
  0x00, 0x00, 0x00, 0x00, 0x00, 0x00, 0x00, 0x00, 0x00, 0x00, 0x00, 0x00, 0x00, 0x00, 0x00, 0x00,
  0x00, 0x00, 0x00, 0x00, 0x00, 0x00, 0x00, 0x00, 0x00, 0x00, 0x00, 0x00, 0x00, 0x00, 0x00, 0x00,
  0x00, 0x00, 0x00, 0x00, 0x00, 0x00, 0x00, 0x00, 0x00, 0x00, 0x00, 0x00, 0x00, 0x00, 0x00, 0x00,
  0x00, 0x00, 0x00, 0x00, 0x00, 0x00, 0x00, 0x00, 0x00, 0x00, 0x00, 0x00, 0x00, 0x00, 0x00, 0x00,
  0x00, 0x00, 0x00, 0x00, 0x00, 0x00, 0x00, 0x00, 0x00, 0x00, 0x00, 0x00, 0x00, 0x00, 0x00, 0x00,
  0x00, 0x00, 0x00, 0x00, 0x00, 0x00, 0x00, 0x00, 0x00, 0x00, 0x00, 0x00, 0x00, 0x00, 0x00, 0x00,
  0x00, 0x00, 0x00, 0x00, 0x00, 0x00, 0x00, 0x00, 0x00, 0x00, 0x00, 0x00, 0x00, 0x00, 0x00, 0x00,
  0x00, 0x00, 0x00, 0x00, 0x00, 0x00, 0x00, 0x00, 0x00, 0x00, 0x00, 0x00, 0x00, 0x00, 0x00, 0x00,
  0x00, 0x00, 0x00, 0x00, 0x00, 0x00, 0x00, 0x00, 0x00, 0x00, 0x00, 0x00, 0x00, 0x00, 0x00, 0x00,
  0x00, 0x00, 0x00, 0x00, 0x00, 0x00, 0x00, 0x00, 0x00, 0x00, 0x00, 0x00, 0x00, 0x00, 0x00, 0x00,
  0x00, 0x00, 0x00, 0x00, 0x00, 0x00, 0x00, 0x00, 0x00, 0x00, 0x00, 0x00, 0x00, 0x00, 0x00, 0x00,
  0x00, 0x00, 0x00, 0x00, 0x00, 0x00, 0x00, 0x00, 0x00, 0x00, 0x00, 0x00, 0x00, 0x00, 0x00, 0x00,
  0x00, 0x00, 0x00, 0x00, 0x00, 0x00, 0x00, 0x00, 0x00, 0x00, 0x00, 0x00, 0x00, 0x00, 0x00, 0x00,
  0x00, 0x00, 0x00, 0x00, 0x00, 0x00, 0x00, 0x00, 0x00, 0x00, 0x00, 0x00, 0x00, 0x00, 0x00, 0x00,
  0x00, 0x00, 0x00, 0x00, 0x62, 0x30, 0xa3, 0x40, 0x25, 0x39, 0x45, 0x31, 0x45, 0x29, 0x45, 0x29,
  0x45, 0x29, 0x45, 0x29, 0x45, 0x29, 0x45, 0x29, 0x45, 0x29, 0x65, 0x31, 0x86, 0x31, 0xa6, 0x39,
  0xc7, 0x39, 0xc7, 0x39, 0xc7, 0x39, 0xe7, 0x39, 0xe7, 0x39, 0xe7, 0x39, 0xe7, 0x39, 0xc7, 0x41,
  0xc7, 0x41, 0xc7, 0x41, 0xe7, 0x41, 0xe7, 0x41, 0xc7, 0x41, 0xe8, 0x51, 0x66, 0x49, 0x26, 0x41,
  0xc4, 0x30, 0xa7, 0x49, 0x4a, 0x5a, 0xd0, 0x83, 0x72, 0x94, 0xb3, 0x9c, 0xd4, 0xa4, 0xf4, 0xa4,
  0xd4, 0x9c, 0x35, 0xad, 0x55, 0xad, 0x34, 0xad, 0x34, 0xad, 0x35, 0xad, 0x14, 0xad, 0x14, 0xad,
  0x14, 0xad, 0x96, 0xbd, 0x14, 0xb5, 0xf0, 0x8b, 0x0c, 0x6b, 0x25, 0x31, 0xc3, 0x28, 0x25, 0x31,
  0x65, 0x39, 0xc7, 0x41, 0x28, 0x52, 0x49, 0x52, 0x08, 0x52, 0x28, 0x52, 0x28, 0x52, 0x28, 0x52,
  0xe7, 0x41, 0xe7, 0x41, 0xe7, 0x41, 0xe7, 0x41, 0xc7, 0x41, 0xc7, 0x41, 0xc7, 0x41, 0xc7, 0x41,
  0xc7, 0x41, 0xc7, 0x41, 0xc8, 0x41, 0xc8, 0x41, 0xe8, 0x49, 0xa7, 0x41, 0xa7, 0x41, 0xc8, 0x49,
  0xc8, 0x49, 0xa7, 0x51, 0x87, 0x49, 0x05, 0x41, 0x26, 0x49, 0x46, 0x49, 0x6a, 0x6a, 0x10, 0x9c,
  0xe7, 0x51, 0x08, 0x52, 0x29, 0x5a, 0x86, 0x49, 0x45, 0x41, 0x08, 0x52, 0x69, 0x52, 0x48, 0x4a,
  0x69, 0x52, 0x49, 0x52, 0xe7, 0x49, 0x66, 0x41, 0xe4, 0x30, 0x45, 0x39, 0x08, 0x4a, 0xaa, 0x5a,
  0x07, 0x52, 0xa6, 0x49, 0x24, 0x39, 0xc3, 0x30, 0x82, 0x30, 0xa3, 0x40, 0x00, 0x00, 0x00, 0x00,
  0x00, 0x00, 0x00, 0x00, 0x00, 0x00, 0x00, 0x00, 0x00, 0x00, 0x00, 0x00, 0x00, 0x00, 0x00, 0x00,
  0x00, 0x00, 0x00, 0x00, 0x00, 0x00, 0x00, 0x00, 0x00, 0x00, 0x00, 0x00, 0x00, 0x00, 0x00, 0x00,
  0x00, 0x00, 0x00, 0x00, 0x00, 0x00, 0x00, 0x00, 0x00, 0x00, 0x00, 0x00, 0x00, 0x00, 0x00, 0x00,
  0x00, 0x00, 0x00, 0x00, 0x00, 0x00, 0x00, 0x00, 0x00, 0x00, 0x00, 0x00, 0x00, 0x00, 0x00, 0x00,
  0x00, 0x00, 0x00, 0x00, 0x00, 0x00, 0x00, 0x00, 0x00, 0x00, 0x00, 0x00, 0x00, 0x00, 0x00, 0x00,
  0x00, 0x00, 0x00, 0x00, 0x00, 0x00, 0x00, 0x00, 0x00, 0x00, 0x00, 0x00, 0x00, 0x00, 0x00, 0x00,
  0x00, 0x00, 0x00, 0x00, 0x00, 0x00, 0x00, 0x00, 0x00, 0x00, 0x00, 0x00, 0x00, 0x00, 0x00, 0x00,
  0x00, 0x00, 0x00, 0x00, 0x00, 0x00, 0x00, 0x00, 0x00, 0x00, 0x00, 0x00, 0x00, 0x00, 0x00, 0x00,
  0x00, 0x00, 0x00, 0x00, 0x00, 0x00, 0x00, 0x00, 0x00, 0x00, 0x00, 0x00, 0x00, 0x00, 0x00, 0x00,
  0x00, 0x00, 0x00, 0x00, 0x00, 0x00, 0x00, 0x00, 0x00, 0x00, 0x00, 0x00, 0x00, 0x00, 0x00, 0x00,
  0x00, 0x00, 0x00, 0x00, 0x00, 0x00, 0x00, 0x00, 0x00, 0x00, 0x00, 0x00, 0x00, 0x00, 0x00, 0x00,
  0x00, 0x00, 0x00, 0x00, 0x00, 0x00, 0x00, 0x00, 0x00, 0x00, 0x00, 0x00, 0x00, 0x00, 0x00, 0x00,
  0x00, 0x00, 0x00, 0x00, 0x00, 0x00, 0x00, 0x00, 0x00, 0x00, 0x00, 0x00, 0x00, 0x00, 0x00, 0x00,
  0x00, 0x00, 0x00, 0x00, 0x00, 0x00, 0x00, 0x00, 0x00, 0x00, 0x00, 0x00, 0x00, 0x00, 0x00, 0x00,
  0x00, 0x00, 0x00, 0x00, 0x00, 0x00, 0x00, 0x00, 0x00, 0x00, 0x00, 0x00, 0x00, 0x00, 0x00, 0x00,
  0x00, 0x00, 0x00, 0x00, 0x00, 0x00, 0x00, 0x00, 0x00, 0x00, 0x00, 0x00, 0x00, 0x00, 0x00, 0x00,
  0x00, 0x00, 0x00, 0x00, 0x00, 0x00, 0x00, 0x00, 0x00, 0x00, 0x00, 0x00, 0x00, 0x00, 0x00, 0x00,
  0x00, 0x00, 0x00, 0x00, 0x00, 0x00, 0x00, 0x00, 0x00, 0x00, 0x00, 0x00, 0x62, 0x30, 0xa3, 0x40,
  0x25, 0x39, 0x45, 0x31, 0x45, 0x29, 0x45, 0x29, 0x45, 0x29, 0x45, 0x29, 0x45, 0x29, 0x45, 0x29,
  0x45, 0x29, 0x65, 0x31, 0x86, 0x31, 0xa6, 0x39, 0xc7, 0x39, 0xc7, 0x39, 0xc7, 0x39, 0xc7, 0x39,
  0xe7, 0x39, 0xe7, 0x39, 0xe7, 0x39, 0xe7, 0x41, 0xc7, 0x41, 0xc7, 0x41, 0xc7, 0x41, 0xa7, 0x41,
  0xc7, 0x49, 0xc7, 0x51, 0x05, 0x39, 0xe4, 0x38, 0x66, 0x41, 0x6f, 0x83, 0x93, 0x9c, 0x93, 0x94,
  0xd3, 0x9c, 0xd3, 0x9c, 0xb3, 0x9c, 0xb3, 0x9c, 0xf4, 0x9c, 0x34, 0xa5, 0x55, 0xad, 0x35, 0xad,
  0x34, 0xad, 0x14, 0xad, 0x35, 0xb5, 0x96, 0xbd, 0x55, 0xbd, 0xef, 0x8b, 0xab, 0x62, 0x25, 0x31,
  0x45, 0x39, 0xe4, 0x28, 0x66, 0x39, 0xe8, 0x51, 0x69, 0x5a, 0x49, 0x52, 0x08, 0x4a, 0xe8, 0x49,
  0x08, 0x4a, 0x29, 0x52, 0x29, 0x52, 0x28, 0x4a, 0xe8, 0x49, 0xe7, 0x41, 0xe7, 0x41, 0xe7, 0x41,
  0xc7, 0x41, 0xc7, 0x41, 0xc7, 0x41, 0xc7, 0x41, 0xa7, 0x41, 0xa7, 0x49, 0xc8, 0x49, 0xa8, 0x49,
  0xa7, 0x49, 0xc8, 0x49, 0xc8, 0x49, 0xa7, 0x49, 0xa3, 0x28, 0x83, 0x28, 0x62, 0x28, 0xc8, 0x59,
  0xcc, 0x7a, 0x52, 0xac, 0xd4, 0xb4, 0x14, 0xb5, 0x49, 0x5a, 0x28, 0x52, 0x29, 0x5a, 0x86, 0x49,
  0x29, 0x5a, 0x29, 0x52, 0x49, 0x4a, 0x69, 0x4a, 0x69, 0x4a, 0x49, 0x52, 0x08, 0x52, 0xa7, 0x49,
  0x45, 0x41, 0x05, 0x39, 0x66, 0x41, 0x08, 0x4a, 0x07, 0x4a, 0x08, 0x4a, 0x07, 0x4a, 0xc6, 0x49,
  0x24, 0x41, 0xc3, 0x40, 0x21, 0x18, 0x00, 0x00, 0x00, 0x00, 0x00, 0x00, 0x00, 0x00, 0x00, 0x00,
  0x00, 0x00, 0x00, 0x00, 0x00, 0x00, 0x00, 0x00, 0x00, 0x00, 0x00, 0x00, 0x00, 0x00, 0x00, 0x00,
  0x00, 0x00, 0x00, 0x00, 0x00, 0x00, 0x00, 0x00, 0x00, 0x00, 0x00, 0x00, 0x00, 0x00, 0x00, 0x00,
  0x00, 0x00, 0x00, 0x00, 0x00, 0x00, 0x00, 0x00, 0x00, 0x00, 0x00, 0x00, 0x00, 0x00, 0x00, 0x00,
  0x00, 0x00, 0x00, 0x00, 0x00, 0x00, 0x00, 0x00, 0x00, 0x00, 0x00, 0x00, 0x00, 0x00, 0x00, 0x00,
  0x00, 0x00, 0x00, 0x00, 0x00, 0x00, 0x00, 0x00, 0x00, 0x00, 0x00, 0x00, 0x00, 0x00, 0x00, 0x00,
  0x00, 0x00, 0x00, 0x00, 0x00, 0x00, 0x00, 0x00, 0x00, 0x00, 0x00, 0x00, 0x00, 0x00, 0x00, 0x00,
  0x00, 0x00, 0x00, 0x00, 0x00, 0x00, 0x00, 0x00, 0x00, 0x00, 0x00, 0x00, 0x00, 0x00, 0x00, 0x00,
  0x00, 0x00, 0x00, 0x00, 0x00, 0x00, 0x00, 0x00, 0x00, 0x00, 0x00, 0x00, 0x00, 0x00, 0x00, 0x00,
  0x00, 0x00, 0x00, 0x00, 0x00, 0x00, 0x00, 0x00, 0x00, 0x00, 0x00, 0x00, 0x00, 0x00, 0x00, 0x00,
  0x00, 0x00, 0x00, 0x00, 0x00, 0x00, 0x00, 0x00, 0x00, 0x00, 0x00, 0x00, 0x00, 0x00, 0x00, 0x00,
  0x00, 0x00, 0x00, 0x00, 0x00, 0x00, 0x00, 0x00, 0x00, 0x00, 0x00, 0x00, 0x00, 0x00, 0x00, 0x00,
  0x00, 0x00, 0x00, 0x00, 0x00, 0x00, 0x00, 0x00, 0x00, 0x00, 0x00, 0x00, 0x00, 0x00, 0x00, 0x00,
  0x00, 0x00, 0x00, 0x00, 0x00, 0x00, 0x00, 0x00, 0x00, 0x00, 0x00, 0x00, 0x00, 0x00, 0x00, 0x00,
  0x00, 0x00, 0x00, 0x00, 0x00, 0x00, 0x00, 0x00, 0x00, 0x00, 0x00, 0x00, 0x00, 0x00, 0x00, 0x00,
  0x00, 0x00, 0x00, 0x00, 0x00, 0x00, 0x00, 0x00, 0x00, 0x00, 0x00, 0x00, 0x00, 0x00, 0x00, 0x00,
  0x00, 0x00, 0x00, 0x00, 0x00, 0x00, 0x00, 0x00, 0x00, 0x00, 0x00, 0x00, 0x00, 0x00, 0x00, 0x00,
  0x00, 0x00, 0x00, 0x00, 0x00, 0x00, 0x00, 0x00, 0x00, 0x00, 0x00, 0x00, 0x00, 0x00, 0x00, 0x00,
  0x00, 0x00, 0x00, 0x00, 0x62, 0x30, 0xa3, 0x40, 0x25, 0x39, 0x45, 0x31, 0x45, 0x29, 0x45, 0x29,
  0x45, 0x29, 0x45, 0x29, 0x45, 0x29, 0x45, 0x29, 0x45, 0x29, 0x65, 0x31, 0x86, 0x31, 0xa6, 0x39,
  0xc7, 0x39, 0xc7, 0x39, 0xc7, 0x39, 0xc7, 0x39, 0xe7, 0x39, 0xe7, 0x39, 0xe7, 0x39, 0xc7, 0x41,
  0xe7, 0x41, 0xc7, 0x41, 0x86, 0x41, 0x46, 0x41, 0x25, 0x41, 0x05, 0x39, 0x87, 0x49, 0x6e, 0x83,
  0x31, 0x8c, 0xb3, 0x9c, 0x93, 0x94, 0x72, 0x94, 0x52, 0x94, 0x73, 0x9c, 0xd4, 0xa4, 0x14, 0xa5,
  0x14, 0xa5, 0x14, 0x9d, 0x34, 0xa5, 0x55, 0xad, 0x76, 0xb5, 0x96, 0xbd, 0xb3, 0xa4, 0x8f, 0x83,
  0x6a, 0x62, 0xa3, 0x28, 0x82, 0x20, 0x04, 0x31, 0x86, 0x41, 0xc7, 0x49, 0xe8, 0x51, 0x6a, 0x5a,
  0xe8, 0x49, 0x08, 0x4a, 0x29, 0x52, 0x49, 0x52, 0x29, 0x52, 0x29, 0x4a, 0x08, 0x4a, 0x08, 0x4a,
  0x28, 0x4a, 0xe8, 0x41, 0xe7, 0x41, 0xe7, 0x41, 0xc7, 0x41, 0xc7, 0x41, 0xe7, 0x41, 0xc7, 0x41,
  0xc8, 0x49, 0xa8, 0x49, 0xc8, 0x49, 0xa8, 0x49, 0xe8, 0x51, 0x46, 0x39, 0xc4, 0x28, 0x83, 0x20,
  0x45, 0x39, 0x49, 0x52, 0x30, 0x8c, 0x72, 0x9c, 0x92, 0x9c, 0x35, 0xb5, 0x35, 0xb5, 0x6d, 0x7b,
  0xe7, 0x49, 0xc7, 0x49, 0xe8, 0x51, 0xe7, 0x51, 0x29, 0x5a, 0x29, 0x5a, 0x49, 0x4a, 0x69, 0x4a,
  0x68, 0x42, 0x89, 0x4a, 0x49, 0x52, 0xe7, 0x51, 0xe8, 0x59, 0x46, 0x41, 0x86, 0x49, 0x49, 0x5a,
  0x68, 0x52, 0x89, 0x4a, 0x89, 0x52, 0x89, 0x5a, 0x85, 0x41, 0x86, 0x51, 0x42, 0x40, 0x00, 0x20,
  0x00, 0x00, 0x00, 0x00, 0x00, 0x00, 0x00, 0x00, 0x00, 0x00, 0x00, 0x00, 0x00, 0x00, 0x00, 0x00,
  0x00, 0x00, 0x00, 0x00, 0x00, 0x00, 0x00, 0x00, 0x00, 0x00, 0x00, 0x00, 0x00, 0x00, 0x00, 0x00,
  0x00, 0x00, 0x00, 0x00, 0x00, 0x00, 0x00, 0x00, 0x00, 0x00, 0x00, 0x00, 0x00, 0x00, 0x00, 0x00,
  0x00, 0x00, 0x00, 0x00, 0x00, 0x00, 0x00, 0x00, 0x00, 0x00, 0x00, 0x00, 0x00, 0x00, 0x00, 0x00,
  0x00, 0x00, 0x00, 0x00, 0x00, 0x00, 0x00, 0x00, 0x00, 0x00, 0x00, 0x00, 0x00, 0x00, 0x00, 0x00,
  0x00, 0x00, 0x00, 0x00, 0x00, 0x00, 0x00, 0x00, 0x00, 0x00, 0x00, 0x00, 0x00, 0x00, 0x00, 0x00,
  0x00, 0x00, 0x00, 0x00, 0x00, 0x00, 0x00, 0x00, 0x00, 0x00, 0x00, 0x00, 0x00, 0x00, 0x00, 0x00,
  0x00, 0x00, 0x00, 0x00, 0x00, 0x00, 0x00, 0x00, 0x00, 0x00, 0x00, 0x00, 0x00, 0x00, 0x00, 0x00,
  0x00, 0x00, 0x00, 0x00, 0x00, 0x00, 0x00, 0x00, 0x00, 0x00, 0x00, 0x00, 0x00, 0x00, 0x00, 0x00,
  0x00, 0x00, 0x00, 0x00, 0x00, 0x00, 0x00, 0x00, 0x00, 0x00, 0x00, 0x00, 0x00, 0x00, 0x00, 0x00,
  0x00, 0x00, 0x00, 0x00, 0x00, 0x00, 0x00, 0x00, 0x00, 0x00, 0x00, 0x00, 0x00, 0x00, 0x00, 0x00,
  0x00, 0x00, 0x00, 0x00, 0x00, 0x00, 0x00, 0x00, 0x00, 0x00, 0x00, 0x00, 0x00, 0x00, 0x00, 0x00,
  0x00, 0x00, 0x00, 0x00, 0x00, 0x00, 0x00, 0x00, 0x00, 0x00, 0x00, 0x00, 0x00, 0x00, 0x00, 0x00,
  0x00, 0x00, 0x00, 0x00, 0x00, 0x00, 0x00, 0x00, 0x00, 0x00, 0x00, 0x00, 0x00, 0x00, 0x00, 0x00,
  0x00, 0x00, 0x00, 0x00, 0x00, 0x00, 0x00, 0x00, 0x00, 0x00, 0x00, 0x00, 0x00, 0x00, 0x00, 0x00,
  0x00, 0x00, 0x00, 0x00, 0x00, 0x00, 0x00, 0x00, 0x00, 0x00, 0x00, 0x00, 0x00, 0x00, 0x00, 0x00,
  0x00, 0x00, 0x00, 0x00, 0x00, 0x00, 0x00, 0x00, 0x00, 0x00, 0x00, 0x00, 0x00, 0x00, 0x00, 0x00,
  0x00, 0x00, 0x00, 0x00, 0x00, 0x00, 0x00, 0x00, 0x00, 0x00, 0x00, 0x00, 0x42, 0x30, 0xa3, 0x38,
  0x25, 0x39, 0x45, 0x31, 0x45, 0x31, 0x45, 0x29, 0x45, 0x29, 0x45, 0x29, 0x45, 0x29, 0x45, 0x29,
  0x45, 0x31, 0x65, 0x31, 0x86, 0x39, 0xa6, 0x39, 0xc7, 0x39, 0xc7, 0x39, 0xc7, 0x39, 0xc7, 0x39,
  0xc7, 0x41, 0xc7, 0x41, 0xc7, 0x41, 0xc7, 0x41, 0xe7, 0x49, 0xa7, 0x41, 0x66, 0x39, 0x25, 0x39,
  0xa7, 0x49, 0x4d, 0x7b, 0x10, 0x94, 0x92, 0x9c, 0xd3, 0x9c, 0xf4, 0x9c, 0x93, 0x94, 0x73, 0x94,
  0x93, 0x9c, 0xb3, 0x9c, 0xb4, 0x9c, 0xd3, 0x9c, 0x34, 0xa5, 0xf3, 0x9c, 0x14, 0xa5, 0x55, 0xb5,
  0xd3, 0xa4, 0x31, 0x94, 0xab, 0x6a, 0x46, 0x41, 0x82, 0x20, 0x25, 0x31, 0x25, 0x39, 0xa7, 0x49,
  0x49, 0x5a, 0xab, 0x62, 0x08, 0x4a, 0x29, 0x52, 0x29, 0x52, 0x29, 0x52, 0x08, 0x4a, 0x08, 0x4a,
  0x08, 0x4a, 0x08, 0x4a, 0x08, 0x42, 0x29, 0x4a, 0x28, 0x42, 0x08, 0x42, 0xe7, 0x41, 0xe7, 0x39,
  0xc7, 0x41, 0xc7, 0x41, 0xe7, 0x41, 0xc7, 0x41, 0xa8, 0x49, 0xa8, 0x49, 0xa8, 0x49, 0xa8, 0x49,
  0xc4, 0x30, 0x62, 0x20, 0x05, 0x31, 0x4a, 0x5a, 0x14, 0xad, 0x75, 0xad, 0x55, 0xad, 0x55, 0xad,
  0x55, 0xa5, 0xd7, 0xbd, 0x50, 0x8c, 0x28, 0x4a, 0x28, 0x4a, 0x49, 0x52, 0xec, 0x72, 0x0c, 0x73,
  0x45, 0x41, 0x08, 0x52, 0x69, 0x52, 0x48, 0x42, 0x69, 0x42, 0x69, 0x4a, 0x48, 0x52, 0x07, 0x5a,
  0x86, 0x51, 0xc3, 0x38, 0x45, 0x41, 0x69, 0x5a, 0x2b, 0x63, 0x2b, 0x5b, 0x0b, 0x5b, 0x0b, 0x63,
  0xeb, 0x6a, 0xaa, 0x72, 0x25, 0x51, 0x05, 0x59, 0x21, 0x18, 0x00, 0x00, 0x00, 0x00, 0x00, 0x00,
  0x00, 0x00, 0x00, 0x00, 0x00, 0x00, 0x00, 0x00, 0x00, 0x00, 0x00, 0x00, 0x00, 0x00, 0x00, 0x00,
  0x00, 0x00, 0x00, 0x00, 0x00, 0x00, 0x00, 0x00, 0x00, 0x00, 0x00, 0x00, 0x00, 0x00, 0x00, 0x00,
  0x00, 0x00, 0x00, 0x00, 0x00, 0x00, 0x00, 0x00, 0x00, 0x00, 0x00, 0x00, 0x00, 0x00, 0x00, 0x00,
  0x00, 0x00, 0x00, 0x00, 0x00, 0x00, 0x00, 0x00, 0x00, 0x00, 0x00, 0x00, 0x00, 0x00, 0x00, 0x00,
  0x00, 0x00, 0x00, 0x00, 0x00, 0x00, 0x00, 0x00, 0x00, 0x00, 0x00, 0x00, 0x00, 0x00, 0x00, 0x00,
  0x00, 0x00, 0x00, 0x00, 0x00, 0x00, 0x00, 0x00, 0x00, 0x00, 0x00, 0x00, 0x00, 0x00, 0x00, 0x00,
  0x00, 0x00, 0x00, 0x00, 0x00, 0x00, 0x00, 0x00, 0x00, 0x00, 0x00, 0x00, 0x00, 0x00, 0x00, 0x00,
  0x00, 0x00, 0x00, 0x00, 0x00, 0x00, 0x00, 0x00, 0x00, 0x00, 0x00, 0x00, 0x00, 0x00, 0x00, 0x00,
  0x00, 0x00, 0x00, 0x00, 0x00, 0x00, 0x00, 0x00, 0x00, 0x00, 0x00, 0x00, 0x00, 0x00, 0x00, 0x00,
  0x00, 0x00, 0x00, 0x00, 0x00, 0x00, 0x00, 0x00, 0x00, 0x00, 0x00, 0x00, 0x00, 0x00, 0x00, 0x00,
  0x00, 0x00, 0x00, 0x00, 0x00, 0x00, 0x00, 0x00, 0x00, 0x00, 0x00, 0x00, 0x00, 0x00, 0x00, 0x00,
  0x00, 0x00, 0x00, 0x00, 0x00, 0x00, 0x00, 0x00, 0x00, 0x00, 0x00, 0x00, 0x00, 0x00, 0x00, 0x00,
  0x00, 0x00, 0x00, 0x00, 0x00, 0x00, 0x00, 0x00, 0x00, 0x00, 0x00, 0x00, 0x00, 0x00, 0x00, 0x00,
  0x00, 0x00, 0x00, 0x00, 0x00, 0x00, 0x00, 0x00, 0x00, 0x00, 0x00, 0x00, 0x00, 0x00, 0x00, 0x00,
  0x00, 0x00, 0x00, 0x00, 0x00, 0x00, 0x00, 0x00, 0x00, 0x00, 0x00, 0x00, 0x00, 0x00, 0x00, 0x00,
  0x00, 0x00, 0x00, 0x00, 0x00, 0x00, 0x00, 0x00, 0x00, 0x00, 0x00, 0x00, 0x00, 0x00, 0x00, 0x00,
  0x00, 0x00, 0x00, 0x00, 0x00, 0x00, 0x00, 0x00, 0x00, 0x00, 0x00, 0x00, 0x00, 0x00, 0x00, 0x00,
  0x00, 0x00, 0x00, 0x00, 0x62, 0x30, 0xa3, 0x38, 0x25, 0x31, 0x45, 0x29, 0x45, 0x31, 0x45, 0x31,
  0x45, 0x29, 0x45, 0x29, 0x45, 0x29, 0x45, 0x31, 0x45, 0x31, 0x45, 0x31, 0x86, 0x39, 0xa6, 0x39,
  0xc7, 0x39, 0xc7, 0x39, 0xc7, 0x39, 0xc7, 0x41, 0xc7, 0x41, 0xa7, 0x41, 0xe8, 0x49, 0x08, 0x4a,
  0x66, 0x39, 0x25, 0x31, 0x86, 0x41, 0x2c, 0x73, 0x71, 0x94, 0x92, 0x94, 0x92, 0x94, 0x51, 0x8c,
  0x72, 0x8c, 0x72, 0x94, 0x72, 0x94, 0x72, 0x94, 0x31, 0x8c, 0x52, 0x8c, 0xd3, 0x94, 0x14, 0x9d,
  0xd3, 0x9c, 0x55, 0xb5, 0xf4, 0xac, 0x2d, 0x73, 0x86, 0x41, 0x62, 0x28, 0x62, 0x28, 0x46, 0x41,
  0xe8, 0x51, 0x29, 0x52, 0x6a, 0x5a, 0x6a, 0x5a, 0x6a, 0x5a, 0x6a, 0x5a, 0x6a, 0x5a, 0x6a, 0x5a,
  0x49, 0x52, 0x49, 0x52, 0x49, 0x52, 0x49, 0x52, 0x29, 0x4a, 0x29, 0x4a, 0x49, 0x4a, 0x28, 0x42,
  0x28, 0x42, 0x28, 0x42, 0x28, 0x42, 0x28, 0x42, 0xe8, 0x41, 0xc7, 0x41, 0xe7, 0x41, 0x08, 0x4a,
  0xa7, 0x49, 0x46, 0x41, 0xe5, 0x38, 0xe5, 0x38, 0xc4, 0x30, 0x46, 0x41, 0xe8, 0x51, 0x15, 0xb5,
  0x55, 0xb5, 0x14, 0xa5, 0x34, 0xa5, 0xd3, 0x94, 0x54, 0xa5, 0x95, 0xad, 0xae, 0x73, 0x08, 0x42,
  0x69, 0x5a, 0xc7, 0x41, 0x96, 0xc5, 0x51, 0x9c, 0xe4, 0x30, 0x08, 0x52, 0x69, 0x52, 0x28, 0x42,
  0x69, 0x4a, 0x48, 0x4a, 0x48, 0x5a, 0x84, 0x51, 0x84, 0x59, 0x4b, 0x93, 0x85, 0x49, 0xc6, 0x49,
  0x0b, 0x5b, 0x2b, 0x5b, 0x0b, 0x5b, 0x0b, 0x63, 0x2c, 0x73, 0x2c, 0x73, 0xaa, 0x6a, 0xc8, 0x59,
  0x42, 0x38, 0x22, 0x30, 0x21, 0x10, 0x00, 0x00, 0x00, 0x00, 0x00, 0x00, 0x00, 0x00, 0x00, 0x00,
  0x00, 0x00, 0x00, 0x00, 0x00, 0x00, 0x00, 0x00, 0x00, 0x00, 0x00, 0x00, 0x00, 0x00, 0x00, 0x00,
  0x00, 0x00, 0x00, 0x00, 0x00, 0x00, 0x00, 0x00, 0x00, 0x00, 0x00, 0x00, 0x00, 0x00, 0x00, 0x00,
  0x00, 0x00, 0x00, 0x00, 0x00, 0x00, 0x00, 0x00, 0x00, 0x00, 0x00, 0x00, 0x00, 0x00, 0x00, 0x00,
  0x00, 0x00, 0x00, 0x00, 0x00, 0x00, 0x00, 0x00, 0x00, 0x00, 0x00, 0x00, 0x00, 0x00, 0x00, 0x00,
  0x00, 0x00, 0x00, 0x00, 0x00, 0x00, 0x00, 0x00, 0x00, 0x00, 0x00, 0x00, 0x00, 0x00, 0x00, 0x00,
  0x00, 0x00, 0x00, 0x00, 0x00, 0x00, 0x00, 0x00, 0x00, 0x00, 0x00, 0x00, 0x00, 0x00, 0x00, 0x00,
  0x00, 0x00, 0x00, 0x00, 0x00, 0x00, 0x00, 0x00, 0x00, 0x00, 0x00, 0x00, 0x00, 0x00, 0x00, 0x00,
  0x00, 0x00, 0x00, 0x00, 0x00, 0x00, 0x00, 0x00, 0x00, 0x00, 0x00, 0x00, 0x00, 0x00, 0x00, 0x00,
  0x00, 0x00, 0x00, 0x00, 0x00, 0x00, 0x00, 0x00, 0x00, 0x00, 0x00, 0x00, 0x00, 0x00, 0x00, 0x00,
  0x00, 0x00, 0x00, 0x00, 0x00, 0x00, 0x00, 0x00, 0x00, 0x00, 0x00, 0x00, 0x00, 0x00, 0x00, 0x00,
  0x00, 0x00, 0x00, 0x00, 0x00, 0x00, 0x00, 0x00, 0x00, 0x00, 0x00, 0x00, 0x00, 0x00, 0x00, 0x00,
  0x00, 0x00, 0x00, 0x00, 0x00, 0x00, 0x00, 0x00, 0x00, 0x00, 0x00, 0x00, 0x00, 0x00, 0x00, 0x00,
  0x00, 0x00, 0x00, 0x00, 0x00, 0x00, 0x00, 0x00, 0x00, 0x00, 0x00, 0x00, 0x00, 0x00, 0x00, 0x00,
  0x00, 0x00, 0x00, 0x00, 0x00, 0x00, 0x00, 0x00, 0x00, 0x00, 0x00, 0x00, 0x00, 0x00, 0x00, 0x00,
  0x00, 0x00, 0x00, 0x00, 0x00, 0x00, 0x00, 0x00, 0x00, 0x00, 0x00, 0x00, 0x00, 0x00, 0x00, 0x00,
  0x00, 0x00, 0x00, 0x00, 0x00, 0x00, 0x00, 0x00, 0x00, 0x00, 0x00, 0x00, 0x00, 0x00, 0x00, 0x00,
  0x00, 0x00, 0x00, 0x00, 0x00, 0x00, 0x00, 0x00, 0x00, 0x00, 0x00, 0x00, 0x00, 0x08, 0xa3, 0x38,
  0x25, 0x31, 0x45, 0x29, 0x45, 0x31, 0x45, 0x31, 0x45, 0x29, 0x45, 0x29, 0x45, 0x29, 0x45, 0x29,
  0x45, 0x31, 0x65, 0x31, 0x86, 0x39, 0xa6, 0x39, 0xc7, 0x39, 0xc7, 0x39, 0xc7, 0x41, 0xc7, 0x41,
  0xa7, 0x41, 0x86, 0x41, 0x25, 0x39, 0x66, 0x41, 0x08, 0x52, 0x6e, 0x7b, 0x72, 0x9c, 0xb2, 0x9c,
  0xf3, 0x9c, 0xd2, 0x94, 0x91, 0x8c, 0x71, 0x84, 0x71, 0x94, 0x72, 0x94, 0x72, 0x94, 0x72, 0x94,
  0x72, 0x8c, 0xb2, 0x94, 0xf3, 0x9c, 0xd3, 0x9c, 0xf3, 0xac, 0x8e, 0x83, 0x09, 0x52, 0x05, 0x31,
  0xc3, 0x30, 0x04, 0x39, 0x4a, 0x62, 0x6a, 0x62, 0x49, 0x52, 0x6a, 0x52, 0x6a, 0x52, 0x8a, 0x5a,
  0x8a, 0x52, 0x6a, 0x52, 0x6a, 0x52, 0x6a, 0x52, 0x49, 0x52, 0x49, 0x52, 0x49, 0x52, 0x49, 0x52,
  0x29, 0x4a, 0x29, 0x4a, 0x29, 0x4a, 0x49, 0x4a, 0xe7, 0x39, 0x08, 0x42, 0x28, 0x42, 0x49, 0x4a,
  0x08, 0x42, 0x08, 0x4a, 0xc8, 0x49, 0x46, 0x39, 0xe4, 0x30, 0x25, 0x39, 0x66, 0x41, 0x87, 0x49,
  0x46, 0x41, 0x29, 0x5a, 0xcb, 0x6a, 0x55, 0xbd, 0xf4, 0xa4, 0xb2, 0x94, 0xf3, 0x9c, 0xb2, 0x94,
  0x75, 0xad, 0x55, 0xad, 0x0b, 0x5b, 0x69, 0x4a, 0xe7, 0x41, 0x8e, 0x7b, 0xfb, 0xee, 0x10, 0x94,
  0xe4, 0x30, 0x08, 0x52, 0x49, 0x4a, 0x28, 0x42, 0x49, 0x4a, 0x08, 0x4a, 0xe2, 0x38, 0x87, 0x7a,
  0x2d, 0xb4, 0xf1, 0xc4, 0xa4, 0x51, 0xc6, 0x49, 0x0b, 0x5b, 0x2b, 0x5b, 0x0b, 0x5b, 0x0b, 0x63,
  0x2c, 0x6b, 0x2c, 0x73, 0x0c, 0x73, 0x8a, 0x6a, 0x87, 0x59, 0x83, 0x40, 0x41, 0x20, 0x00, 0x10,
  0x00, 0x00, 0x00, 0x00, 0x00, 0x00, 0x00, 0x00, 0x00, 0x00, 0x00, 0x00, 0x00, 0x00, 0x00, 0x00,
  0x00, 0x00, 0x00, 0x00, 0x00, 0x00, 0x00, 0x00, 0x00, 0x00, 0x00, 0x00, 0x00, 0x00, 0x00, 0x00,
  0x00, 0x00, 0x00, 0x00, 0x00, 0x00, 0x00, 0x00, 0x00, 0x00, 0x00, 0x00, 0x00, 0x00, 0x00, 0x00,
  0x00, 0x00, 0x00, 0x00, 0x00, 0x00, 0x00, 0x00, 0x00, 0x00, 0x00, 0x00, 0x00, 0x00, 0x00, 0x00,
  0x00, 0x00, 0x00, 0x00, 0x00, 0x00, 0x00, 0x00, 0x00, 0x00, 0x00, 0x00, 0x00, 0x00, 0x00, 0x00,
  0x00, 0x00, 0x00, 0x00, 0x00, 0x00, 0x00, 0x00, 0x00, 0x00, 0x00, 0x00, 0x00, 0x00, 0x00, 0x00,
  0x00, 0x00, 0x00, 0x00, 0x00, 0x00, 0x00, 0x00, 0x00, 0x00, 0x00, 0x00, 0x00, 0x00, 0x00, 0x00,
  0x00, 0x00, 0x00, 0x00, 0x00, 0x00, 0x00, 0x00, 0x00, 0x00, 0x00, 0x00, 0x00, 0x00, 0x00, 0x00,
  0x00, 0x00, 0x00, 0x00, 0x00, 0x00, 0x00, 0x00, 0x00, 0x00, 0x00, 0x00, 0x00, 0x00, 0x00, 0x00,
  0x00, 0x00, 0x00, 0x00, 0x00, 0x00, 0x00, 0x00, 0x00, 0x00, 0x00, 0x00, 0x00, 0x00, 0x00, 0x00,
  0x00, 0x00, 0x00, 0x00, 0x00, 0x00, 0x00, 0x00, 0x00, 0x00, 0x00, 0x00, 0x00, 0x00, 0x00, 0x00,
  0x00, 0x00, 0x00, 0x00, 0x00, 0x00, 0x00, 0x00, 0x00, 0x00, 0x00, 0x00, 0x00, 0x00, 0x00, 0x00,
  0x00, 0x00, 0x00, 0x00, 0x00, 0x00, 0x00, 0x00, 0x00, 0x00, 0x00, 0x00, 0x00, 0x00, 0x00, 0x00,
  0x00, 0x00, 0x00, 0x00, 0x00, 0x00, 0x00, 0x00, 0x00, 0x00, 0x00, 0x00, 0x00, 0x00, 0x00, 0x00,
  0x00, 0x00, 0x00, 0x00, 0x00, 0x00, 0x00, 0x00, 0x00, 0x00, 0x00, 0x00, 0x00, 0x00, 0x00, 0x00,
  0x00, 0x00, 0x00, 0x00, 0x00, 0x00, 0x00, 0x00, 0x00, 0x00, 0x00, 0x00, 0x00, 0x00, 0x00, 0x00,
  0x00, 0x00, 0x00, 0x00, 0x00, 0x00, 0x00, 0x00, 0x00, 0x00, 0x00, 0x00, 0x00, 0x00, 0x00, 0x00,
  0x00, 0x00, 0x00, 0x00, 0x00, 0x08, 0xa3, 0x38, 0x24, 0x31, 0x45, 0x31, 0x45, 0x31, 0x45, 0x31,
  0x65, 0x31, 0x65, 0x31, 0x65, 0x29, 0x65, 0x29, 0x45, 0x29, 0x65, 0x29, 0x86, 0x31, 0xa6, 0x31,
  0xc7, 0x39, 0xc7, 0x41, 0xa7, 0x41, 0xa7, 0x41, 0xc4, 0x30, 0xc4, 0x38, 0xc5, 0x40, 0xab, 0x72,
  0xf0, 0x93, 0x51, 0x94, 0x92, 0x9c, 0x71, 0x94, 0x92, 0x94, 0x91, 0x8c, 0x71, 0x8c, 0x71, 0x8c,
  0x51, 0x94, 0x71, 0x94, 0x71, 0x8c, 0x91, 0x8c, 0xd3, 0x9c, 0xd3, 0x9c, 0x51, 0x94, 0x8e, 0x83,
  0x08, 0x5a, 0xe4, 0x30, 0x62, 0x20, 0x05, 0x31, 0xa7, 0x41, 0xab, 0x62, 0x49, 0x52, 0x49, 0x52,
  0x49, 0x52, 0x6a, 0x52, 0x8a, 0x5a, 0x8a, 0x5a, 0x8a, 0x52, 0x6a, 0x52, 0x6a, 0x52, 0x6a, 0x52,
  0x49, 0x52, 0x49, 0x52, 0x49, 0x52, 0x49, 0x52, 0x29, 0x4a, 0x28, 0x4a, 0x08, 0x4a, 0x08, 0x4a,
  0x28, 0x42, 0x08, 0x42, 0x08, 0x42, 0xe8, 0x49, 0x87, 0x41, 0x05, 0x39, 0xe5, 0x38, 0x05, 0x39,
  0x46, 0x39, 0xa7, 0x41, 0xe8, 0x49, 0xe8, 0x49, 0xe8, 0x49, 0xab, 0x62, 0xf4, 0xa4, 0xb3, 0x9c,
  0xd3, 0x9c, 0x92, 0x94, 0x14, 0xa5, 0xf3, 0x9c, 0xd6, 0xbd, 0x91, 0x94, 0x89, 0x52, 0xaa, 0x52,
  0xcb, 0x5a, 0xd7, 0xc5, 0x9a, 0xe6, 0x2d, 0x7b, 0xe4, 0x30, 0xe8, 0x51, 0x49, 0x4a, 0x28, 0x42,
  0xe8, 0x41, 0x28, 0x52, 0x05, 0x62, 0xaf, 0xc4, 0xcf, 0xcc, 0x8a, 0xa3, 0x84, 0x51, 0x07, 0x52,
  0xeb, 0x62, 0x0b, 0x63, 0x0b, 0x63, 0x0b, 0x63, 0x0b, 0x63, 0x0b, 0x6b, 0x0b, 0x6b, 0xeb, 0x6a,
  0x0c, 0x7b, 0x09, 0x62, 0x66, 0x49, 0x20, 0x18, 0x00, 0x00, 0x00, 0x00, 0x00, 0x00, 0x00, 0x00,
  0x00, 0x00, 0x00, 0x00, 0x00, 0x00, 0x00, 0x00, 0x00, 0x00, 0x00, 0x00, 0x00, 0x00, 0x00, 0x00,
  0x00, 0x00, 0x00, 0x00, 0x00, 0x00, 0x00, 0x00, 0x00, 0x00, 0x00, 0x00, 0x00, 0x00, 0x00, 0x00,
  0x00, 0x00, 0x00, 0x00, 0x00, 0x00, 0x00, 0x00, 0x00, 0x00, 0x00, 0x00, 0x00, 0x00, 0x00, 0x00,
  0x00, 0x00, 0x00, 0x00, 0x00, 0x00, 0x00, 0x00, 0x00, 0x00, 0x00, 0x00, 0x00, 0x00, 0x00, 0x00,
  0x00, 0x00, 0x00, 0x00, 0x00, 0x00, 0x00, 0x00, 0x00, 0x00, 0x00, 0x00, 0x00, 0x00, 0x00, 0x00,
  0x00, 0x00, 0x00, 0x00, 0x00, 0x00, 0x00, 0x00, 0x00, 0x00, 0x00, 0x00, 0x00, 0x00, 0x00, 0x00,
  0x00, 0x00, 0x00, 0x00, 0x00, 0x00, 0x00, 0x00, 0x00, 0x00, 0x00, 0x00, 0x00, 0x00, 0x00, 0x00,
  0x00, 0x00, 0x00, 0x00, 0x00, 0x00, 0x00, 0x00, 0x00, 0x00, 0x00, 0x00, 0x00, 0x00, 0x00, 0x00,
  0x00, 0x00, 0x00, 0x00, 0x00, 0x00, 0x00, 0x00, 0x00, 0x00, 0x00, 0x00, 0x00, 0x00, 0x00, 0x00,
  0x00, 0x00, 0x00, 0x00, 0x00, 0x00, 0x00, 0x00, 0x00, 0x00, 0x00, 0x00, 0x00, 0x00, 0x00, 0x00,
  0x00, 0x00, 0x00, 0x00, 0x00, 0x00, 0x00, 0x00, 0x00, 0x00, 0x00, 0x00, 0x00, 0x00, 0x00, 0x00,
  0x00, 0x00, 0x00, 0x00, 0x00, 0x00, 0x00, 0x00, 0x00, 0x00, 0x00, 0x00, 0x00, 0x00, 0x00, 0x00,
  0x00, 0x00, 0x00, 0x00, 0x00, 0x00, 0x00, 0x00, 0x00, 0x00, 0x00, 0x00, 0x00, 0x00, 0x00, 0x00,
  0x00, 0x00, 0x00, 0x00, 0x00, 0x00, 0x00, 0x00, 0x00, 0x00, 0x00, 0x00, 0x00, 0x00, 0x00, 0x00,
  0x00, 0x00, 0x00, 0x00, 0x00, 0x00, 0x00, 0x00, 0x00, 0x00, 0x00, 0x00, 0x00, 0x00, 0x00, 0x00,
  0x00, 0x00, 0x00, 0x00, 0x00, 0x00, 0x00, 0x00, 0x00, 0x00, 0x00, 0x00, 0x00, 0x00, 0x00, 0x00,
  0x00, 0x00, 0x00, 0x00, 0x00, 0x00, 0x00, 0x00, 0x00, 0x00, 0x00, 0x00, 0x00, 0x08, 0xa3, 0x38,
  0x24, 0x39, 0x45, 0x31, 0x45, 0x31, 0x45, 0x31, 0x65, 0x31, 0x65, 0x31, 0x65, 0x29, 0x65, 0x29,
  0x45, 0x29, 0x65, 0x29, 0x86, 0x31, 0xa6, 0x39, 0xa7, 0x41, 0xa7, 0x41, 0xa7, 0x49, 0x87, 0x49,
  0x05, 0x39, 0x6a, 0x6a, 0xab, 0x72, 0xd0, 0x93, 0x51, 0x9c, 0x92, 0x9c, 0xb2, 0x9c, 0x92, 0x94,
  0x51, 0x8c, 0x51, 0x8c, 0x71, 0x8c, 0x71, 0x8c, 0x71, 0x94, 0x71, 0x94, 0x71, 0x94, 0x71, 0x94,
  0x10, 0x8c, 0xcf, 0x8b, 0x8b, 0x6a, 0x05, 0x41, 0xc4, 0x30, 0xc4, 0x30, 0x66, 0x41, 0x49, 0x5a,
  0x6a, 0x5a, 0xcb, 0x62, 0xaa, 0x5a, 0xcb, 0x5a, 0x8a, 0x52, 0x8a, 0x52, 0x8a, 0x52, 0x8a, 0x52,
  0x6a, 0x52, 0x6a, 0x52, 0x6a, 0x52, 0x6a, 0x52, 0x49, 0x52, 0x49, 0x52, 0x49, 0x52, 0x49, 0x52,
  0x29, 0x52, 0x09, 0x52, 0x09, 0x52, 0x09, 0x52, 0x49, 0x52, 0x08, 0x4a, 0xa7, 0x41, 0x46, 0x39,
  0xe4, 0x30, 0x46, 0x41, 0xa7, 0x49, 0xa7, 0x49, 0x08, 0x4a, 0x08, 0x42, 0xe7, 0x41, 0xc7, 0x39,
  0x08, 0x42, 0x0c, 0x63, 0x96, 0xb5, 0x18, 0xc6, 0xf7, 0xc5, 0xd7, 0xbd, 0x79, 0xce, 0x59, 0xce,
  0x38, 0xc6, 0x8e, 0x73, 0xaa, 0x52, 0xaa, 0x52, 0xb2, 0x9c, 0xfb, 0xe6, 0xb2, 0xa4, 0x28, 0x52,
  0x05, 0x39, 0xe8, 0x51, 0x49, 0x52, 0x49, 0x4a, 0x49, 0x4a, 0xa6, 0x49, 0x26, 0x62, 0x46, 0x72,
  0x24, 0x72, 0x66, 0x7a, 0x22, 0x41, 0x07, 0x5a, 0xea, 0x62, 0x0b, 0x63, 0x0b, 0x63, 0xeb, 0x62,
  0xeb, 0x62, 0xeb, 0x62, 0xeb, 0x62, 0xeb, 0x62, 0x0c, 0x6b, 0xec, 0x6a, 0xa6, 0x49, 0x82, 0x30,
  0x62, 0x28, 0x00, 0x00, 0x00, 0x00, 0x00, 0x00, 0x00, 0x00, 0x00, 0x00, 0x00, 0x00, 0x00, 0x00,
  0x00, 0x00, 0x00, 0x00, 0x00, 0x00, 0x00, 0x00, 0x00, 0x00, 0x00, 0x00, 0x00, 0x00, 0x00, 0x00,
  0x00, 0x00, 0x00, 0x00, 0x00, 0x00, 0x00, 0x00, 0x00, 0x00, 0x00, 0x00, 0x00, 0x00, 0x00, 0x00,
  0x00, 0x00, 0x00, 0x00, 0x00, 0x00, 0x00, 0x00, 0x00, 0x00, 0x00, 0x00, 0x00, 0x00, 0x00, 0x00,
  0x00, 0x00, 0x00, 0x00, 0x00, 0x00, 0x00, 0x00, 0x00, 0x00, 0x00, 0x00, 0x00, 0x00, 0x00, 0x00,
  0x00, 0x00, 0x00, 0x00, 0x00, 0x00, 0x00, 0x00, 0x00, 0x00, 0x00, 0x00, 0x00, 0x00, 0x00, 0x00,
  0x00, 0x00, 0x00, 0x00, 0x00, 0x00, 0x00, 0x00, 0x00, 0x00, 0x00, 0x00, 0x00, 0x00, 0x00, 0x00,
  0x00, 0x00, 0x00, 0x00, 0x00, 0x00, 0x00, 0x00, 0x00, 0x00, 0x00, 0x00, 0x00, 0x00, 0x00, 0x00,
  0x00, 0x00, 0x00, 0x00, 0x00, 0x00, 0x00, 0x00, 0x00, 0x00, 0x00, 0x00, 0x00, 0x00, 0x00, 0x00,
  0x00, 0x00, 0x00, 0x00, 0x00, 0x00, 0x00, 0x00, 0x00, 0x00, 0x00, 0x00, 0x00, 0x00, 0x00, 0x00,
  0x00, 0x00, 0x00, 0x00, 0x00, 0x00, 0x00, 0x00, 0x00, 0x00, 0x00, 0x00, 0x00, 0x00, 0x00, 0x00,
  0x00, 0x00, 0x00, 0x00, 0x00, 0x00, 0x00, 0x00, 0x00, 0x00, 0x00, 0x00, 0x00, 0x00, 0x00, 0x00,
  0x00, 0x00, 0x00, 0x00, 0x00, 0x00, 0x00, 0x00, 0x00, 0x00, 0x00, 0x00, 0x00, 0x00, 0x00, 0x00,
  0x00, 0x00, 0x00, 0x00, 0x00, 0x00, 0x00, 0x00, 0x00, 0x00, 0x00, 0x00, 0x00, 0x00, 0x00, 0x00,
  0x00, 0x00, 0x00, 0x00, 0x00, 0x00, 0x00, 0x00, 0x00, 0x00, 0x00, 0x00, 0x00, 0x00, 0x00, 0x00,
  0x00, 0x00, 0x00, 0x00, 0x00, 0x00, 0x00, 0x00, 0x00, 0x00, 0x00, 0x00, 0x00, 0x00, 0x00, 0x00,
  0x00, 0x00, 0x00, 0x00, 0x00, 0x00, 0x00, 0x00, 0x00, 0x00, 0x00, 0x00, 0x00, 0x00, 0x00, 0x00,
  0x00, 0x00, 0x00, 0x00, 0x00, 0x00, 0x82, 0x38, 0x24, 0x39, 0x65, 0x31, 0x65, 0x31, 0x65, 0x31,
  0x65, 0x29, 0x65, 0x29, 0x65, 0x31, 0x65, 0x31, 0x45, 0x31, 0x66, 0x31, 0x86, 0x39, 0x86, 0x39,
  0x25, 0x41, 0x05, 0x41, 0xe5, 0x38, 0xc8, 0x51, 0x0d, 0x7b, 0xf0, 0x93, 0x51, 0x9c, 0x92, 0x9c,
  0xb2, 0x9c, 0x92, 0x94, 0x71, 0x8c, 0x31, 0x8c, 0x51, 0x8c, 0x51, 0x94, 0x71, 0x94, 0x51, 0x94,
  0x72, 0x9c, 0xb3, 0xac, 0xb3, 0xb4, 0xcc, 0x7a, 0xe8, 0x61, 0xc4, 0x40, 0x62, 0x30, 0x25, 0x41,
  0xe8, 0x59, 0x29, 0x5a, 0x6a, 0x62, 0x8a, 0x62, 0x8a, 0x5a, 0xaa, 0x5a, 0xaa, 0x52, 0xaa, 0x52,
  0x8a, 0x52, 0x8a, 0x5a, 0x8a, 0x52, 0x8a, 0x5a, 0x8a, 0x52, 0x8a, 0x52, 0x8a, 0x52, 0x6a, 0x52,
  0x6a, 0x52, 0x69, 0x52, 0x49, 0x52, 0x49, 0x52, 0x6a, 0x5a, 0x29, 0x5a, 0x29, 0x5a, 0xe8, 0x59,
  0x05, 0x39, 0x05, 0x39, 0x05, 0x39, 0x46, 0x39, 0x86, 0x41, 0xc7, 0x41, 0x08, 0x4a, 0x49, 0x4a,
  0x49, 0x4a, 0x49, 0x4a, 0x49, 0x4a, 0x08, 0x42, 0xaa, 0x52, 0x96, 0xb5, 0x9a, 0xd6, 0xdb, 0xde,
  0xba, 0xd6, 0x9a, 0xd6, 0x79, 0xce, 0x1b, 0xdf, 0x13, 0x9d, 0x89, 0x4a, 0xaa, 0x52, 0xeb, 0x5a,
  0x3c, 0xef, 0xd7, 0xc5, 0x4d, 0x73, 0xab, 0x62, 0x25, 0x39, 0xa7, 0x49, 0x49, 0x52, 0x69, 0x52,
  0xa6, 0x41, 0xa5, 0x49, 0xa5, 0x49, 0xa5, 0x49, 0xe2, 0x38, 0x02, 0x41, 0x42, 0x49, 0x63, 0x49,
  0x28, 0x52, 0x89, 0x52, 0xeb, 0x62, 0xeb, 0x62, 0xeb, 0x62, 0xeb, 0x62, 0xeb, 0x62, 0xeb, 0x5a,
  0x4c, 0x63, 0x0c, 0x63, 0x0b, 0x6b, 0xe3, 0x30, 0xa3, 0x38, 0x21, 0x20, 0x00, 0x00, 0x00, 0x00,
  0x00, 0x00, 0x00, 0x00, 0x00, 0x00, 0x00, 0x00, 0x00, 0x00, 0x00, 0x00, 0x00, 0x00, 0x00, 0x00,
  0x00, 0x00, 0x00, 0x00, 0x00, 0x00, 0x00, 0x00, 0x00, 0x00, 0x00, 0x00, 0x00, 0x00, 0x00, 0x00,
  0x00, 0x00, 0x00, 0x00, 0x00, 0x00, 0x00, 0x00, 0x00, 0x00, 0x00, 0x00, 0x00, 0x00, 0x00, 0x00,
  0x00, 0x00, 0x00, 0x00, 0x00, 0x00, 0x00, 0x00, 0x00, 0x00, 0x00, 0x00, 0x00, 0x00, 0x00, 0x00,
  0x00, 0x00, 0x00, 0x00, 0x00, 0x00, 0x00, 0x00, 0x00, 0x00, 0x00, 0x00, 0x00, 0x00, 0x00, 0x00,
  0x00, 0x00, 0x00, 0x00, 0x00, 0x00, 0x00, 0x00, 0x00, 0x00, 0x00, 0x00, 0x00, 0x00, 0x00, 0x00,
  0x00, 0x00, 0x00, 0x00, 0x00, 0x00, 0x00, 0x00, 0x00, 0x00, 0x00, 0x00, 0x00, 0x00, 0x00, 0x00,
  0x00, 0x00, 0x00, 0x00, 0x00, 0x00, 0x00, 0x00, 0x00, 0x00, 0x00, 0x00, 0x00, 0x00, 0x00, 0x00,
  0x00, 0x00, 0x00, 0x00, 0x00, 0x00, 0x00, 0x00, 0x00, 0x00, 0x00, 0x00, 0x00, 0x00, 0x00, 0x00,
  0x00, 0x00, 0x00, 0x00, 0x00, 0x00, 0x00, 0x00, 0x00, 0x00, 0x00, 0x00, 0x00, 0x00, 0x00, 0x00,
  0x00, 0x00, 0x00, 0x00, 0x00, 0x00, 0x00, 0x00, 0x00, 0x00, 0x00, 0x00, 0x00, 0x00, 0x00, 0x00,
  0x00, 0x00, 0x00, 0x00, 0x00, 0x00, 0x00, 0x00, 0x00, 0x00, 0x00, 0x00, 0x00, 0x00, 0x00, 0x00,
  0x00, 0x00, 0x00, 0x00, 0x00, 0x00, 0x00, 0x00, 0x00, 0x00, 0x00, 0x00, 0x00, 0x00, 0x00, 0x00,
  0x00, 0x00, 0x00, 0x00, 0x00, 0x00, 0x00, 0x00, 0x00, 0x00, 0x00, 0x00, 0x00, 0x00, 0x00, 0x00,
  0x00, 0x00, 0x00, 0x00, 0x00, 0x00, 0x00, 0x00, 0x00, 0x00, 0x00, 0x00, 0x00, 0x00, 0x00, 0x00,
  0x00, 0x00, 0x00, 0x00, 0x00, 0x00, 0x00, 0x00, 0x00, 0x00, 0x00, 0x00, 0x00, 0x00, 0x00, 0x00,
  0x00, 0x00, 0x00, 0x00, 0x00, 0x00, 0x00, 0x00, 0x00, 0x00, 0x00, 0x00, 0x00, 0x00, 0x82, 0x30,
  0x04, 0x39, 0x45, 0x31, 0x65, 0x31, 0x65, 0x29, 0x65, 0x29, 0x65, 0x29, 0x65, 0x31, 0x45, 0x31,
  0x25, 0x31, 0x86, 0x41, 0x66, 0x41, 0x05, 0x39, 0xe5, 0x38, 0x05, 0x41, 0xcc, 0x7a, 0x31, 0x9c,
  0x72, 0x9c, 0xb3, 0xa4, 0x51, 0x94, 0xb2, 0x94, 0xb2, 0x94, 0x92, 0x8c, 0x71, 0x8c, 0x71, 0x8c,
  0x51, 0x8c, 0x30, 0x8c, 0x31, 0x94, 0x72, 0x9c, 0xd3, 0xac, 0x10, 0x9c, 0x29, 0x62, 0xe4, 0x40,
  0x62, 0x30, 0x05, 0x41, 0xa7, 0x59, 0x29, 0x5a, 0x6a, 0x5a, 0x8a, 0x5a, 0xaa, 0x62, 0xaa, 0x5a,
  0xaa, 0x5a, 0xaa, 0x5a, 0xaa, 0x52, 0xaa, 0x52, 0x8a, 0x52, 0x8a, 0x5a, 0x8a, 0x5a, 0x8a, 0x5a,
  0x8a, 0x52, 0x8a, 0x52, 0x8a, 0x52, 0x8a, 0x52, 0x49, 0x4a, 0x49, 0x4a, 0x49, 0x52, 0x29, 0x52,
  0x09, 0x5a, 0x09, 0x5a, 0xa8, 0x51, 0x26, 0x41, 0xe5, 0x38, 0x26, 0x41, 0xa7, 0x49, 0x09, 0x52,
  0xe8, 0x49, 0x28, 0x4a, 0x49, 0x4a, 0x8a, 0x4a, 0x89, 0x4a, 0x8a, 0x52, 0x0c, 0x63, 0x28, 0x42,
  0xcf, 0x7b, 0x38, 0xc6, 0x9a, 0xd6, 0xba, 0xd6, 0x79, 0xce, 0xba, 0xd6, 0x3c, 0xe7, 0xf7, 0xbd,
  0x4c, 0x63, 0x69, 0x4a, 0x48, 0x4a, 0x54, 0xad, 0x5d, 0xf7, 0x10, 0x8c, 0x69, 0x5a, 0xab, 0x62,
  0x04, 0x39, 0x66, 0x41, 0x08, 0x4a, 0x28, 0x4a, 0x08, 0x4a, 0x07, 0x52, 0x08, 0x4a, 0x08, 0x52,
  0xa6, 0x49, 0x84, 0x49, 0x43, 0x49, 0x23, 0x41, 0xc6, 0x49, 0x49, 0x52, 0xeb, 0x62, 0xcb, 0x62,
  0xeb, 0x62, 0xeb, 0x62, 0x0b, 0x5b, 0x0b, 0x5b, 0x0b, 0x5b, 0x0b, 0x5b, 0x0b, 0x63, 0xcb, 0x6a,
  0xa3, 0x30, 0xa3, 0x38, 0x21, 0x20, 0x00, 0x00, 0x00, 0x00, 0x00, 0x00, 0x00, 0x00, 0x00, 0x00,
  0x00, 0x00, 0x00, 0x00, 0x00, 0x00, 0x00, 0x00, 0x00, 0x00, 0x00, 0x00, 0x00, 0x00, 0x00, 0x00,
  0x00, 0x00, 0x00, 0x00, 0x00, 0x00, 0x00, 0x00, 0x00, 0x00, 0x00, 0x00, 0x00, 0x00, 0x00, 0x00,
  0x00, 0x00, 0x00, 0x00, 0x00, 0x00, 0x00, 0x00, 0x00, 0x00, 0x00, 0x00, 0x00, 0x00, 0x00, 0x00,
  0x00, 0x00, 0x00, 0x00, 0x00, 0x00, 0x00, 0x00, 0x00, 0x00, 0x00, 0x00, 0x00, 0x00, 0x00, 0x00,
  0x00, 0x00, 0x00, 0x00, 0x00, 0x00, 0x00, 0x00, 0x00, 0x00, 0x00, 0x00, 0x00, 0x00, 0x00, 0x00,
  0x00, 0x00, 0x00, 0x00, 0x00, 0x00, 0x00, 0x00, 0x00, 0x00, 0x00, 0x00, 0x00, 0x00, 0x00, 0x00,
  0x00, 0x00, 0x00, 0x00, 0x00, 0x00, 0x00, 0x00, 0x00, 0x00, 0x00, 0x00, 0x00, 0x00, 0x00, 0x00,
  0x00, 0x00, 0x00, 0x00, 0x00, 0x00, 0x00, 0x00, 0x00, 0x00, 0x00, 0x00, 0x00, 0x00, 0x00, 0x00,
  0x00, 0x00, 0x00, 0x00, 0x00, 0x00, 0x00, 0x00, 0x00, 0x00, 0x00, 0x00, 0x00, 0x00, 0x00, 0x00,
  0x00, 0x00, 0x00, 0x00, 0x00, 0x00, 0x00, 0x00, 0x00, 0x00, 0x00, 0x00, 0x00, 0x00, 0x00, 0x00,
  0x00, 0x00, 0x00, 0x00, 0x00, 0x00, 0x00, 0x00, 0x00, 0x00, 0x00, 0x00, 0x00, 0x00, 0x00, 0x00,
  0x00, 0x00, 0x00, 0x00, 0x00, 0x00, 0x00, 0x00, 0x00, 0x00, 0x00, 0x00, 0x00, 0x00, 0x00, 0x00,
  0x00, 0x00, 0x00, 0x00, 0x00, 0x00, 0x00, 0x00, 0x00, 0x00, 0x00, 0x00, 0x00, 0x00, 0x00, 0x00,
  0x00, 0x00, 0x00, 0x00, 0x00, 0x00, 0x00, 0x00, 0x00, 0x00, 0x00, 0x00, 0x00, 0x00, 0x00, 0x00,
  0x00, 0x00, 0x00, 0x00, 0x00, 0x00, 0x00, 0x00, 0x00, 0x00, 0x00, 0x00, 0x00, 0x00, 0x00, 0x00,
  0x00, 0x00, 0x00, 0x00, 0x00, 0x00, 0x00, 0x00, 0x00, 0x00, 0x00, 0x00, 0x00, 0x00, 0x00, 0x00,
  0x00, 0x00, 0x00, 0x00, 0x00, 0x00, 0x62, 0x30, 0xe3, 0x38, 0x45, 0x31, 0x85, 0x31, 0x85, 0x29,
  0x65, 0x29, 0x65, 0x31, 0x45, 0x31, 0x45, 0x39, 0x25, 0x41, 0x05, 0x41, 0xc4, 0x40, 0x83, 0x38,
  0x2a, 0x62, 0xd0, 0x93, 0x32, 0x9c, 0x72, 0x9c, 0x72, 0x94, 0xb3, 0x9c, 0x51, 0x8c, 0x92, 0x8c,
  0x71, 0x8c, 0x91, 0x8c, 0x92, 0x8c, 0x92, 0x94, 0x10, 0x84, 0x92, 0x9c, 0x72, 0x9c, 0xaf, 0x83,
  0x6a, 0x62, 0x25, 0x39, 0x41, 0x18, 0x45, 0x39, 0xa7, 0x41, 0x49, 0x5a, 0x8a, 0x5a, 0x49, 0x52,
  0x8a, 0x52, 0xaa, 0x52, 0xcb, 0x5a, 0xaa, 0x5a, 0xaa, 0x5a, 0x8a, 0x5a, 0x8a, 0x5a, 0x8a, 0x5a,
  0x8a, 0x5a, 0x8a, 0x5a, 0x8a, 0x5a, 0x8a, 0x5a, 0x8a, 0x52, 0x8a, 0x52, 0x8a, 0x52, 0x8a, 0x52,
  0xcb, 0x5a, 0x8a, 0x52, 0x49, 0x52, 0x08, 0x52, 0x86, 0x49, 0xe4, 0x38, 0xa3, 0x30, 0xe4, 0x38,
  0x09, 0x5a, 0x09, 0x52, 0x08, 0x4a, 0x08, 0x4a, 0x28, 0x4a, 0x69, 0x4a, 0x8a, 0x52, 0xaa, 0x52,
  0xcb, 0x5a, 0xcb, 0x5a, 0x0c, 0x63, 0xeb, 0x5a, 0x55, 0xad, 0xdb, 0xde, 0x99, 0xd6, 0x9a, 0xd6,
  0x9a, 0xd6, 0x79, 0xce, 0xfb, 0xde, 0xd2, 0x9c, 0x89, 0x52, 0x69, 0x4a, 0x2c, 0x63, 0xdb, 0xde,
  0x95, 0xb5, 0xe7, 0x41, 0xcb, 0x62, 0xaa, 0x62, 0x04, 0x39, 0x66, 0x41, 0x08, 0x4a, 0x29, 0x4a,
  0x49, 0x4a, 0x49, 0x4a, 0x49, 0x4a, 0x29, 0x52, 0x28, 0x52, 0xe7, 0x49, 0x85, 0x41, 0x44, 0x39,
  0x45, 0x39, 0x08, 0x4a, 0xeb, 0x6a, 0xcb, 0x62, 0xeb, 0x62, 0xeb, 0x5a, 0xeb, 0x5a, 0x0b, 0x5b,
  0x4d, 0x63, 0x2c, 0x5b, 0xaa, 0x5a, 0x2c, 0x6b, 0xaa, 0x6a, 0xc3, 0x38, 0xc3, 0x38, 0x00, 0x08,
  0x00, 0x00, 0x00, 0x00, 0x00, 0x00, 0x00, 0x00, 0x00, 0x00, 0x00, 0x00, 0x00, 0x00, 0x00, 0x00,
  0x00, 0x00, 0x00, 0x00, 0x00, 0x00, 0x00, 0x00, 0x00, 0x00, 0x00, 0x00, 0x00, 0x00, 0x00, 0x00,
  0x00, 0x00, 0x00, 0x00, 0x00, 0x00, 0x00, 0x00, 0x00, 0x00, 0x00, 0x00, 0x00, 0x00, 0x00, 0x00,
  0x00, 0x00, 0x00, 0x00, 0x00, 0x00, 0x00, 0x00, 0x00, 0x00, 0x00, 0x00, 0x00, 0x00, 0x00, 0x00,
  0x00, 0x00, 0x00, 0x00, 0x00, 0x00, 0x00, 0x00, 0x00, 0x00, 0x00, 0x00, 0x00, 0x00, 0x00, 0x00,
  0x00, 0x00, 0x00, 0x00, 0x00, 0x00, 0x00, 0x00, 0x00, 0x00, 0x00, 0x00, 0x00, 0x00, 0x00, 0x00,
  0x00, 0x00, 0x00, 0x00, 0x00, 0x00, 0x00, 0x00, 0x00, 0x00, 0x00, 0x00, 0x00, 0x00, 0x00, 0x00,
  0x00, 0x00, 0x00, 0x00, 0x00, 0x00, 0x00, 0x00, 0x00, 0x00, 0x00, 0x00, 0x00, 0x00, 0x00, 0x00,
  0x00, 0x00, 0x00, 0x00, 0x00, 0x00, 0x00, 0x00, 0x00, 0x00, 0x00, 0x00, 0x00, 0x00, 0x00, 0x00,
  0x00, 0x00, 0x00, 0x00, 0x00, 0x00, 0x00, 0x00, 0x00, 0x00, 0x00, 0x00, 0x00, 0x00, 0x00, 0x00,
  0x00, 0x00, 0x00, 0x00, 0x00, 0x00, 0x00, 0x00, 0x00, 0x00, 0x00, 0x00, 0x00, 0x00, 0x00, 0x00,
  0x00, 0x00, 0x00, 0x00, 0x00, 0x00, 0x00, 0x00, 0x00, 0x00, 0x00, 0x00, 0x00, 0x00, 0x00, 0x00,
  0x00, 0x00, 0x00, 0x00, 0x00, 0x00, 0x00, 0x00, 0x00, 0x00, 0x00, 0x00, 0x00, 0x00, 0x00, 0x00,
  0x00, 0x00, 0x00, 0x00, 0x00, 0x00, 0x00, 0x00, 0x00, 0x00, 0x00, 0x00, 0x00, 0x00, 0x00, 0x00,
  0x00, 0x00, 0x00, 0x00, 0x00, 0x00, 0x00, 0x00, 0x00, 0x00, 0x00, 0x00, 0x00, 0x00, 0x00, 0x00,
  0x00, 0x00, 0x00, 0x00, 0x00, 0x00, 0x00, 0x00, 0x00, 0x00, 0x00, 0x00, 0x00, 0x00, 0x00, 0x00,
  0x00, 0x00, 0x00, 0x00, 0x00, 0x00, 0x00, 0x00, 0x00, 0x00, 0x00, 0x00, 0x00, 0x00, 0x41, 0x28,
  0xe3, 0x38, 0x24, 0x31, 0x65, 0x31, 0x85, 0x31, 0x65, 0x29, 0x65, 0x31, 0x45, 0x39, 0x25, 0x41,
  0xe5, 0x38, 0xa4, 0x38, 0x46, 0x51, 0x2a, 0x6a, 0x31, 0x9c, 0x52, 0x9c, 0x92, 0x9c, 0x52, 0x8c,
  0x52, 0x8c, 0xb3, 0x94, 0x51, 0x8c, 0x92, 0x94, 0x51, 0x84, 0x71, 0x8c, 0x92, 0x94, 0xb2, 0x9c,
  0x92, 0x9c, 0x11, 0x94, 0xcc, 0x6a, 0x66, 0x41, 0xc4, 0x30, 0xa3, 0x28, 0x86, 0x39, 0xe7, 0x41,
  0x8a, 0x52, 0xaa, 0x5a, 0xcb, 0x5a, 0xca, 0x5a, 0xaa, 0x52, 0xca, 0x52, 0xaa, 0x52, 0xaa, 0x52,
  0xaa, 0x52, 0xaa, 0x5a, 0x8a, 0x5a, 0x8a, 0x5a, 0x8a, 0x5a, 0x8a, 0x52, 0x8a, 0x52, 0x8a, 0x52,
  0x8a, 0x52, 0x8a, 0x52, 0x8a, 0x5a, 0x8a, 0x5a, 0xab, 0x62, 0x49, 0x52, 0x86, 0x39, 0x04, 0x31,
  0x25, 0x41, 0x46, 0x49, 0x26, 0x49, 0x25, 0x41, 0x09, 0x52, 0x29, 0x4a, 0x49, 0x4a, 0x49, 0x4a,
  0x69, 0x4a, 0x8a, 0x4a, 0xca, 0x52, 0xcb, 0x52, 0x0c, 0x63, 0x0c, 0x63, 0x69, 0x52, 0xce, 0x7b,
  0x79, 0xd6, 0x9a, 0xd6, 0x79, 0xd6, 0x99, 0xd6, 0xf8, 0xc5, 0x1c, 0xe7, 0x58, 0xce, 0x8d, 0x73,
  0x08, 0x42, 0x8a, 0x52, 0x38, 0xc6, 0x59, 0xce, 0xe7, 0x41, 0x8a, 0x5a, 0x0c, 0x6b, 0xe7, 0x49,
  0x46, 0x41, 0xc7, 0x49, 0x49, 0x52, 0x6a, 0x52, 0x29, 0x42, 0x29, 0x42, 0x08, 0x42, 0x28, 0x4a,
  0x28, 0x4a, 0x08, 0x4a, 0xe7, 0x49, 0xc6, 0x49, 0x04, 0x31, 0xa6, 0x41, 0xeb, 0x62, 0xeb, 0x62,
  0xeb, 0x62, 0xeb, 0x5a, 0xeb, 0x5a, 0xeb, 0x5a, 0xeb, 0x52, 0xca, 0x52, 0xaa, 0x52, 0xcb, 0x62,
  0xaa, 0x62, 0xaa, 0x6a, 0xc2, 0x30, 0x82, 0x28, 0x20, 0x10, 0x00, 0x00, 0x00, 0x00, 0x00, 0x00,
  0x00, 0x00, 0x00, 0x00, 0x00, 0x00, 0x00, 0x00, 0x00, 0x00, 0x00, 0x00, 0x00, 0x00, 0x00, 0x00,
  0x00, 0x00, 0x00, 0x00, 0x00, 0x00, 0x00, 0x00, 0x00, 0x00, 0x00, 0x00, 0x00, 0x00, 0x00, 0x00,
  0x00, 0x00, 0x00, 0x00, 0x00, 0x00, 0x00, 0x00, 0x00, 0x00, 0x00, 0x00, 0x00, 0x00, 0x00, 0x00,
  0x00, 0x00, 0x00, 0x00, 0x00, 0x00, 0x00, 0x00, 0x00, 0x00, 0x00, 0x00, 0x00, 0x00, 0x00, 0x00,
  0x00, 0x00, 0x00, 0x00, 0x00, 0x00, 0x00, 0x00, 0x00, 0x00, 0x00, 0x00, 0x00, 0x00, 0x00, 0x00,
  0x00, 0x00, 0x00, 0x00, 0x00, 0x00, 0x00, 0x00, 0x00, 0x00, 0x00, 0x00, 0x00, 0x00, 0x00, 0x00,
  0x00, 0x00, 0x00, 0x00, 0x00, 0x00, 0x00, 0x00, 0x00, 0x00, 0x00, 0x00, 0x00, 0x00, 0x00, 0x00,
  0x00, 0x00, 0x00, 0x00, 0x00, 0x00, 0x00, 0x00, 0x00, 0x00, 0x00, 0x00, 0x00, 0x00, 0x00, 0x00,
  0x00, 0x00, 0x00, 0x00, 0x00, 0x00, 0x00, 0x00, 0x00, 0x00, 0x00, 0x00, 0x00, 0x00, 0x00, 0x00,
  0x00, 0x00, 0x00, 0x00, 0x00, 0x00, 0x00, 0x00, 0x00, 0x00, 0x00, 0x00, 0x00, 0x00, 0x00, 0x00,
  0x00, 0x00, 0x00, 0x00, 0x00, 0x00, 0x00, 0x00, 0x00, 0x00, 0x00, 0x00, 0x00, 0x00, 0x00, 0x00,
  0x00, 0x00, 0x00, 0x00, 0x00, 0x00, 0x00, 0x00, 0x00, 0x00, 0x00, 0x00, 0x00, 0x00, 0x00, 0x00,
  0x00, 0x00, 0x00, 0x00, 0x00, 0x00, 0x00, 0x00, 0x00, 0x00, 0x00, 0x00, 0x00, 0x00, 0x00, 0x00,
  0x00, 0x00, 0x00, 0x00, 0x00, 0x00, 0x00, 0x00, 0x00, 0x00, 0x00, 0x00, 0x00, 0x00, 0x00, 0x00,
  0x00, 0x00, 0x00, 0x00, 0x00, 0x00, 0x00, 0x00, 0x00, 0x00, 0x00, 0x00, 0x00, 0x00, 0x00, 0x00,
  0x00, 0x00, 0x00, 0x00, 0x00, 0x00, 0x00, 0x00, 0x00, 0x00, 0x00, 0x00, 0x00, 0x00, 0x00, 0x00,
  0x00, 0x00, 0x00, 0x00, 0x00, 0x00, 0x21, 0x20, 0xa3, 0x40, 0xe4, 0x40, 0x25, 0x39, 0x45, 0x39,
  0x66, 0x31, 0x45, 0x31, 0xe5, 0x38, 0xe5, 0x40, 0xc5, 0x40, 0x0a, 0x62, 0x0d, 0x73, 0x52, 0x94,
  0x52, 0x94, 0x52, 0x94, 0x72, 0x8c, 0x92, 0x8c, 0xb3, 0x94, 0x72, 0x84, 0x72, 0x8c, 0xb3, 0x9c,
  0x92, 0x94, 0x93, 0x9c, 0x92, 0x9c, 0x11, 0x94, 0x0d, 0x73, 0x87, 0x49, 0x62, 0x28, 0xe5, 0x38,
  0x66, 0x41, 0xc7, 0x41, 0x28, 0x4a, 0x49, 0x4a, 0x89, 0x52, 0x89, 0x52, 0x8a, 0x52, 0x8a, 0x52,
  0x8a, 0x52, 0xaa, 0x52, 0xaa, 0x52, 0xaa, 0x52, 0xaa, 0x52, 0xaa, 0x52, 0xaa, 0x52, 0xaa, 0x52,
  0xca, 0x5a, 0x8a, 0x52, 0x89, 0x52, 0x89, 0x52, 0x69, 0x52, 0x8a, 0x5a, 0x69, 0x5a, 0x29, 0x52,
  0xa7, 0x49, 0x04, 0x39, 0x05, 0x39, 0xc7, 0x51, 0xe8, 0x51, 0xc8, 0x51, 0x66, 0x49, 0x05, 0x39,
  0x28, 0x52, 0x69, 0x52, 0x89, 0x52, 0x8a, 0x52, 0xeb, 0x5a, 0x0b, 0x53, 0x0b, 0x53, 0xeb, 0x52,
  0xeb, 0x5a, 0xeb, 0x62, 0xe7, 0x41, 0xd2, 0xa4, 0xda, 0xde, 0x99, 0xd6, 0x79, 0xce, 0x9a, 0xd6,
  0x18, 0xce, 0x79, 0xd6, 0x14, 0xa5, 0xaa, 0x5a, 0x29, 0x4a, 0xf0, 0x83, 0x1c, 0xe7, 0x55, 0xad,
  0xcb, 0x5a, 0xeb, 0x62, 0x69, 0x5a, 0x04, 0x29, 0x66, 0x41, 0x49, 0x5a, 0x69, 0x52, 0xeb, 0x62,
  0xcb, 0x5a, 0x48, 0x4a, 0xe7, 0x41, 0x08, 0x42, 0x07, 0x4a, 0xc7, 0x41, 0xc7, 0x41, 0xc7, 0x41,
  0x04, 0x39, 0x66, 0x41, 0xeb, 0x62, 0xeb, 0x62, 0xcb, 0x5a, 0xcb, 0x5a, 0xeb, 0x5a, 0xeb, 0x5a,
  0xaa, 0x52, 0x89, 0x52, 0x8a, 0x52, 0xca, 0x5a, 0xeb, 0x62, 0xca, 0x62, 0xe6, 0x41, 0x24, 0x39,
  0x41, 0x20, 0x00, 0x08, 0x00, 0x00, 0x00, 0x00, 0x00, 0x00, 0x00, 0x00, 0x00, 0x00, 0x00, 0x00,
  0x00, 0x00, 0x00, 0x00, 0x00, 0x00, 0x00, 0x00, 0x00, 0x00, 0x00, 0x00, 0x00, 0x00, 0x00, 0x00,
  0x00, 0x00, 0x00, 0x00, 0x00, 0x00, 0x00, 0x00, 0x00, 0x00, 0x00, 0x00, 0x00, 0x00, 0x00, 0x00,
  0x00, 0x00, 0x00, 0x00, 0x00, 0x00, 0x00, 0x00, 0x00, 0x00, 0x00, 0x00, 0x00, 0x00, 0x00, 0x00,
  0x00, 0x00, 0x00, 0x00, 0x00, 0x00, 0x00, 0x00, 0x00, 0x00, 0x00, 0x00, 0x00, 0x00, 0x00, 0x00,
  0x00, 0x00, 0x00, 0x00, 0x00, 0x00, 0x00, 0x00, 0x00, 0x00, 0x00, 0x00, 0x00, 0x00, 0x00, 0x00,
  0x00, 0x00, 0x00, 0x00, 0x00, 0x00, 0x00, 0x00, 0x00, 0x00, 0x00, 0x00, 0x00, 0x00, 0x00, 0x00,
  0x00, 0x00, 0x00, 0x00, 0x00, 0x00, 0x00, 0x00, 0x00, 0x00, 0x00, 0x00, 0x00, 0x00, 0x00, 0x00,
  0x00, 0x00, 0x00, 0x00, 0x00, 0x00, 0x00, 0x00, 0x00, 0x00, 0x00, 0x00, 0x00, 0x00, 0x00, 0x00,
  0x00, 0x00, 0x00, 0x00, 0x00, 0x00, 0x00, 0x00, 0x00, 0x00, 0x00, 0x00, 0x00, 0x00, 0x00, 0x00,
  0x00, 0x00, 0x00, 0x00, 0x00, 0x00, 0x00, 0x00, 0x00, 0x00, 0x00, 0x00, 0x00, 0x00, 0x00, 0x00,
  0x00, 0x00, 0x00, 0x00, 0x00, 0x00, 0x00, 0x00, 0x00, 0x00, 0x00, 0x00, 0x00, 0x00, 0x00, 0x00,
  0x00, 0x00, 0x00, 0x00, 0x00, 0x00, 0x00, 0x00, 0x00, 0x00, 0x00, 0x00, 0x00, 0x00, 0x00, 0x00,
  0x00, 0x00, 0x00, 0x00, 0x00, 0x00, 0x00, 0x00, 0x00, 0x00, 0x00, 0x00, 0x00, 0x00, 0x00, 0x00,
  0x00, 0x00, 0x00, 0x00, 0x00, 0x00, 0x00, 0x00, 0x00, 0x00, 0x00, 0x00, 0x00, 0x00, 0x00, 0x00,
  0x00, 0x00, 0x00, 0x00, 0x00, 0x00, 0x00, 0x00, 0x00, 0x00, 0x00, 0x00, 0x00, 0x00, 0x00, 0x00,
  0x00, 0x00, 0x00, 0x00, 0x00, 0x00, 0x00, 0x00, 0x00, 0x00, 0x00, 0x00, 0x00, 0x00, 0x20, 0x10,
  0x83, 0x40, 0xc3, 0x40, 0x04, 0x41, 0x25, 0x39, 0x66, 0x39, 0x25, 0x31, 0xa4, 0x30, 0xe5, 0x40,
  0x8b, 0x72, 0xd0, 0x93, 0x52, 0x8c, 0x72, 0x8c, 0x72, 0x94, 0x72, 0x94, 0x72, 0x8c, 0x92, 0x8c,
  0xb3, 0x8c, 0x72, 0x84, 0x31, 0x8c, 0x11, 0x8c, 0x52, 0x9c, 0xb3, 0xac, 0x8f, 0x83, 0x66, 0x41,
  0xa3, 0x28, 0x83, 0x28, 0xc4, 0x38, 0xa7, 0x49, 0x69, 0x5a, 0x49, 0x52, 0x28, 0x4a, 0x08, 0x42,
  0x89, 0x52, 0x89, 0x52, 0x8a, 0x52, 0x8a, 0x52, 0x8a, 0x52, 0x8a, 0x52, 0xaa, 0x52, 0xaa, 0x52,
  0xaa, 0x52, 0xaa, 0x52, 0xaa, 0x52, 0xaa, 0x52, 0xaa, 0x52, 0xaa, 0x52, 0xcb, 0x5a, 0xeb, 0x62,
  0x8a, 0x5a, 0xe8, 0x49, 0x65, 0x39, 0x25, 0x39, 0x46, 0x41, 0x66, 0x49, 0xa7, 0x49, 0x08, 0x52,
  0x6a, 0x5a, 0x29, 0x5a, 0x87, 0x49, 0xe4, 0x30, 0x8a, 0x5a, 0xcb, 0x5a, 0xeb, 0x5a, 0xeb, 0x5a,
  0xeb, 0x5a, 0xeb, 0x5a, 0xeb, 0x52, 0xeb, 0x5a, 0xaa, 0x62, 0xcb, 0x6a, 0x28, 0x4a, 0x92, 0x9c,
  0xba, 0xde, 0x79, 0xd6, 0x79, 0xd6, 0xba, 0xde, 0x59, 0xd6, 0x59, 0xd6, 0x4c, 0x73, 0x29, 0x52,
  0xcc, 0x62, 0x7b, 0xde, 0x9b, 0xde, 0x2c, 0x73, 0xaa, 0x5a, 0xcb, 0x62, 0xa6, 0x41, 0xe4, 0x28,
  0x28, 0x52, 0x28, 0x52, 0x28, 0x4a, 0x2c, 0x6b, 0x8a, 0x52, 0x28, 0x4a, 0x07, 0x42, 0x28, 0x4a,
  0x07, 0x42, 0xe7, 0x41, 0xe7, 0x41, 0xc7, 0x41, 0xe4, 0x38, 0x86, 0x49, 0xeb, 0x6a, 0xca, 0x5a,
  0xcb, 0x62, 0xcb, 0x62, 0xeb, 0x5a, 0xeb, 0x5a, 0xca, 0x5a, 0x8a, 0x52, 0x89, 0x52, 0xaa, 0x5a,
  0xeb, 0x62, 0xeb, 0x62, 0x2b, 0x63, 0xe6, 0x49, 0x41, 0x30, 0x41, 0x20, 0x00, 0x00, 0x00, 0x00,
  0x00, 0x00, 0x00, 0x00, 0x00, 0x00, 0x00, 0x00, 0x00, 0x00, 0x00, 0x00, 0x00, 0x00, 0x00, 0x00,
  0x00, 0x00, 0x00, 0x00, 0x00, 0x00, 0x00, 0x00, 0x00, 0x00, 0x00, 0x00, 0x00, 0x00, 0x00, 0x00,
  0x00, 0x00, 0x00, 0x00, 0x00, 0x00, 0x00, 0x00, 0x00, 0x00, 0x00, 0x00, 0x00, 0x00, 0x00, 0x00,
  0x00, 0x00, 0x00, 0x00, 0x00, 0x00, 0x00, 0x00, 0x00, 0x00, 0x00, 0x00, 0x00, 0x00, 0x00, 0x00,
  0x00, 0x00, 0x00, 0x00, 0x00, 0x00, 0x00, 0x00, 0x00, 0x00, 0x00, 0x00, 0x00, 0x00, 0x00, 0x00,
  0x00, 0x00, 0x00, 0x00, 0x00, 0x00, 0x00, 0x00, 0x00, 0x00, 0x00, 0x00, 0x00, 0x00, 0x00, 0x00,
  0x00, 0x00, 0x00, 0x00, 0x00, 0x00, 0x00, 0x00, 0x00, 0x00, 0x00, 0x00, 0x00, 0x00, 0x00, 0x00,
  0x00, 0x00, 0x00, 0x00, 0x00, 0x00, 0x00, 0x00, 0x00, 0x00, 0x00, 0x00, 0x00, 0x00, 0x00, 0x00,
  0x00, 0x00, 0x00, 0x00, 0x00, 0x00, 0x00, 0x00, 0x00, 0x00, 0x00, 0x00, 0x00, 0x00, 0x00, 0x00,
  0x00, 0x00, 0x00, 0x00, 0x00, 0x00, 0x00, 0x00, 0x00, 0x00, 0x00, 0x00, 0x00, 0x00, 0x00, 0x00,
  0x00, 0x00, 0x00, 0x00, 0x00, 0x00, 0x00, 0x00, 0x00, 0x00, 0x00, 0x00, 0x00, 0x00, 0x00, 0x00,
  0x00, 0x00, 0x00, 0x00, 0x00, 0x00, 0x00, 0x00, 0x00, 0x00, 0x00, 0x00, 0x00, 0x00, 0x00, 0x00,
  0x00, 0x00, 0x00, 0x00, 0x00, 0x00, 0x00, 0x00, 0x00, 0x00, 0x00, 0x00, 0x00, 0x00, 0x00, 0x00,
  0x00, 0x00, 0x00, 0x00, 0x00, 0x00, 0x00, 0x00, 0x00, 0x00, 0x00, 0x00, 0x00, 0x00, 0x00, 0x00,
  0x00, 0x00, 0x00, 0x00, 0x00, 0x00, 0x00, 0x00, 0x00, 0x00, 0x00, 0x00, 0x00, 0x00, 0x00, 0x00,
  0x00, 0x00, 0x00, 0x00, 0x00, 0x00, 0x00, 0x00, 0x00, 0x00, 0x00, 0x00, 0x00, 0x00, 0x00, 0x00,
  0x00, 0x00, 0x00, 0x00, 0x00, 0x00, 0x00, 0x08, 0x82, 0x40, 0xc3, 0x40, 0xe4, 0x38, 0x25, 0x39,
  0x25, 0x39, 0x25, 0x39, 0x4a, 0x62, 0x6a, 0x6a, 0xf0, 0x93, 0xf0, 0x8b, 0xcf, 0x83, 0x51, 0x8c,
  0x72, 0x94, 0x72, 0x94, 0x72, 0x94, 0x72, 0x8c, 0x72, 0x8c, 0x92, 0x94, 0x72, 0x94, 0x11, 0x94,
  0x4e, 0x8b, 0xa8, 0x59, 0xa3, 0x30, 0xc4, 0x38, 0x87, 0x51, 0xa7, 0x49, 0xc8, 0x51, 0xe8, 0x51,
  0x28, 0x52, 0x49, 0x52, 0x69, 0x52, 0x8a, 0x52, 0x8a, 0x52, 0x69, 0x52, 0x8a, 0x52, 0x8a, 0x52,
  0x8a, 0x52, 0x8a, 0x52, 0x8a, 0x52, 0xaa, 0x52, 0xaa, 0x52, 0xaa, 0x52, 0xaa, 0x52, 0xaa, 0x52,
  0xaa, 0x52, 0xeb, 0x5a, 0x69, 0x52, 0x86, 0x41, 0x25, 0x39, 0x25, 0x39, 0x86, 0x49, 0xe8, 0x51,
  0xe8, 0x51, 0x28, 0x52, 0x28, 0x52, 0x07, 0x4a, 0x48, 0x4a, 0x8a, 0x5a, 0x28, 0x52, 0x65, 0x39,
  0xca, 0x5a, 0x0b, 0x5b, 0x0b, 0x63, 0x0b, 0x63, 0xeb, 0x62, 0xca, 0x62, 0xca, 0x62, 0xca, 0x62,
  0xaa, 0x6a, 0xa6, 0x49, 0x65, 0x41, 0xb2, 0xa4, 0xfb, 0xe6, 0x99, 0xd6, 0x58, 0xce, 0x79, 0xd6,
  0xdb, 0xee, 0x14, 0xbd, 0xc7, 0x51, 0xe7, 0x51, 0x72, 0xa4, 0x1d, 0xff, 0xcf, 0x8b, 0xc7, 0x49,
  0xc7, 0x49, 0x65, 0x39, 0x65, 0x39, 0x69, 0x5a, 0x49, 0x52, 0x28, 0x52, 0x08, 0x4a, 0x2c, 0x6b,
  0x69, 0x52, 0x28, 0x4a, 0x28, 0x4a, 0x48, 0x4a, 0x07, 0x42, 0xe7, 0x41, 0xe7, 0x41, 0xc7, 0x41,
  0xc3, 0x30, 0xe8, 0x51, 0xeb, 0x62, 0xca, 0x5a, 0xcb, 0x62, 0xcb, 0x62, 0xcb, 0x5a, 0xeb, 0x5a,
  0xeb, 0x62, 0xaa, 0x52, 0x69, 0x52, 0x89, 0x52, 0x4c, 0x6b, 0xca, 0x5a, 0xea, 0x62, 0xca, 0x62,
  0xc3, 0x38, 0xa3, 0x48, 0x00, 0x00, 0x00, 0x00, 0x00, 0x00, 0x00, 0x00, 0x00, 0x00, 0x00, 0x00,
  0x00, 0x00, 0x00, 0x00, 0x00, 0x00, 0x00, 0x00, 0x00, 0x00, 0x00, 0x00, 0x00, 0x00, 0x00, 0x00,
  0x00, 0x00, 0x00, 0x00, 0x00, 0x00, 0x00, 0x00, 0x00, 0x00, 0x00, 0x00, 0x00, 0x00, 0x00, 0x00,
  0x00, 0x00, 0x00, 0x00, 0x00, 0x00, 0x00, 0x00, 0x00, 0x00, 0x00, 0x00, 0x00, 0x00, 0x00, 0x00,
  0x00, 0x00, 0x00, 0x00, 0x00, 0x00, 0x00, 0x00, 0x00, 0x00, 0x00, 0x00, 0x00, 0x00, 0x00, 0x00,
  0x00, 0x00, 0x00, 0x00, 0x00, 0x00, 0x00, 0x00, 0x00, 0x00, 0x00, 0x00, 0x00, 0x00, 0x00, 0x00,
  0x00, 0x00, 0x00, 0x00, 0x00, 0x00, 0x00, 0x00, 0x00, 0x00, 0x00, 0x00, 0x00, 0x00, 0x00, 0x00,
  0x00, 0x00, 0x00, 0x00, 0x00, 0x00, 0x00, 0x00, 0x00, 0x00, 0x00, 0x00, 0x00, 0x00, 0x00, 0x00,
  0x00, 0x00, 0x00, 0x00, 0x00, 0x00, 0x00, 0x00, 0x00, 0x00, 0x00, 0x00, 0x00, 0x00, 0x00, 0x00,
  0x00, 0x00, 0x00, 0x00, 0x00, 0x00, 0x00, 0x00, 0x00, 0x00, 0x00, 0x00, 0x00, 0x00, 0x00, 0x00,
  0x00, 0x00, 0x00, 0x00, 0x00, 0x00, 0x00, 0x00, 0x00, 0x00, 0x00, 0x00, 0x00, 0x00, 0x00, 0x00,
  0x00, 0x00, 0x00, 0x00, 0x00, 0x00, 0x00, 0x00, 0x00, 0x00, 0x00, 0x00, 0x00, 0x00, 0x00, 0x00,
  0x00, 0x00, 0x00, 0x00, 0x00, 0x00, 0x00, 0x00, 0x00, 0x00, 0x00, 0x00, 0x00, 0x00, 0x00, 0x00,
  0x00, 0x00, 0x00, 0x00, 0x00, 0x00, 0x00, 0x00, 0x00, 0x00, 0x00, 0x00, 0x00, 0x00, 0x00, 0x00,
  0x00, 0x00, 0x00, 0x00, 0x00, 0x00, 0x00, 0x00, 0x00, 0x00, 0x00, 0x00, 0x00, 0x00, 0x00, 0x00,
  0x00, 0x00, 0x00, 0x00, 0x00, 0x00, 0x00, 0x00, 0x00, 0x00, 0x00, 0x00, 0x00, 0x00, 0x00, 0x00,
  0x00, 0x00, 0x00, 0x00, 0x00, 0x00, 0x00, 0x00, 0x00, 0x00, 0x00, 0x00, 0x00, 0x00, 0x00, 0x00,
  0x82, 0x40, 0xa3, 0x40, 0xe4, 0x38, 0x04, 0x39, 0x45, 0x39, 0xec, 0x72, 0x6e, 0x83, 0xaf, 0x8b,
  0x6e, 0x7b, 0xd0, 0x83, 0x10, 0x84, 0xb3, 0x9c, 0x72, 0x94, 0x72, 0x94, 0x72, 0x94, 0x72, 0x94,
  0x92, 0x9c, 0x31, 0x94, 0x4e, 0x7b, 0x4a, 0x5a, 0x26, 0x41, 0xa3, 0x30, 0xc4, 0x38, 0x87, 0x49,
  0xe8, 0x51, 0x08, 0x52, 0x08, 0x4a, 0xe8, 0x49, 0x8a, 0x5a, 0x69, 0x52, 0x69, 0x52, 0x69, 0x52,
  0x69, 0x52, 0x69, 0x52, 0x8a, 0x52, 0x69, 0x52, 0x8a, 0x52, 0x8a, 0x52, 0x8a, 0x52, 0x8a, 0x52,
  0xaa, 0x5a, 0xaa, 0x5a, 0xaa, 0x5a, 0xaa, 0x5a, 0x8a, 0x52, 0xc7, 0x41, 0x24, 0x31, 0x04, 0x31,
  0x45, 0x41, 0xa7, 0x49, 0xe8, 0x51, 0xe8, 0x51, 0x28, 0x52, 0x28, 0x52, 0x69, 0x52, 0xca, 0x52,
  0xa9, 0x52, 0xeb, 0x62, 0x69, 0x52, 0x44, 0x31, 0xa9, 0x5a, 0xea, 0x5a, 0xea, 0x5a, 0xca, 0x62,
  0xca, 0x62, 0xaa, 0x6a, 0xaa, 0x6a, 0xaa, 0x6a, 0xa6, 0x51, 0xa6, 0x49, 0xcb, 0x6a, 0x59, 0xde,
  0x38, 0xd6, 0x38, 0xce, 0xb9, 0xde, 0x3c, 0xef, 0x38, 0xde, 0xcb, 0x72, 0xa6, 0x51, 0x6a, 0x72,
  0x96, 0xd5, 0xf4, 0xbc, 0xa3, 0x30, 0x45, 0x41, 0x65, 0x39, 0x65, 0x39, 0x08, 0x52, 0xe7, 0x49,
  0xe8, 0x49, 0x69, 0x5a, 0x49, 0x52, 0xcb, 0x62, 0x48, 0x4a, 0x28, 0x4a, 0x28, 0x4a, 0x48, 0x4a,
  0x07, 0x42, 0xe7, 0x41, 0xe7, 0x41, 0xc7, 0x41, 0x83, 0x28, 0x29, 0x5a, 0x0b, 0x63, 0xca, 0x5a,
  0xcb, 0x62, 0xcb, 0x62, 0xcb, 0x5a, 0xcb, 0x5a, 0x0c, 0x63, 0xca, 0x5a, 0x69, 0x52, 0x49, 0x4a,
  0xca, 0x5a, 0x4c, 0x6b, 0xeb, 0x62, 0xea, 0x62, 0x08, 0x62, 0x83, 0x40, 0x21, 0x18, 0x00, 0x00,
  0x00, 0x00, 0x00, 0x00, 0x00, 0x00, 0x00, 0x00, 0x00, 0x00, 0x00, 0x00, 0x00, 0x00, 0x00, 0x00,
  0x00, 0x00, 0x00, 0x00, 0x00, 0x00, 0x00, 0x00, 0x00, 0x00, 0x00, 0x00, 0x00, 0x00, 0x00, 0x00,
  0x00, 0x00, 0x00, 0x00, 0x00, 0x00, 0x00, 0x00, 0x00, 0x00, 0x00, 0x00, 0x00, 0x00, 0x00, 0x00,
  0x00, 0x00, 0x00, 0x00, 0x00, 0x00, 0x00, 0x00, 0x00, 0x00, 0x00, 0x00, 0x00, 0x00, 0x00, 0x00,
  0x00, 0x00, 0x00, 0x00, 0x00, 0x00, 0x00, 0x00, 0x00, 0x00, 0x00, 0x00, 0x00, 0x00, 0x00, 0x00,
  0x00, 0x00, 0x00, 0x00, 0x00, 0x00, 0x00, 0x00, 0x00, 0x00, 0x00, 0x00, 0x00, 0x00, 0x00, 0x00,
  0x00, 0x00, 0x00, 0x00, 0x00, 0x00, 0x00, 0x00, 0x00, 0x00, 0x00, 0x00, 0x00, 0x00, 0x00, 0x00,
  0x00, 0x00, 0x00, 0x00, 0x00, 0x00, 0x00, 0x00, 0x00, 0x00, 0x00, 0x00, 0x00, 0x00, 0x00, 0x00,
  0x00, 0x00, 0x00, 0x00, 0x00, 0x00, 0x00, 0x00, 0x00, 0x00, 0x00, 0x00, 0x00, 0x00, 0x00, 0x00,
  0x00, 0x00, 0x00, 0x00, 0x00, 0x00, 0x00, 0x00, 0x00, 0x00, 0x00, 0x00, 0x00, 0x00, 0x00, 0x00,
  0x00, 0x00, 0x00, 0x00, 0x00, 0x00, 0x00, 0x00, 0x00, 0x00, 0x00, 0x00, 0x00, 0x00, 0x00, 0x00,
  0x00, 0x00, 0x00, 0x00, 0x00, 0x00, 0x00, 0x00, 0x00, 0x00, 0x00, 0x00, 0x00, 0x00, 0x00, 0x00,
  0x00, 0x00, 0x00, 0x00, 0x00, 0x00, 0x00, 0x00, 0x00, 0x00, 0x00, 0x00, 0x00, 0x00, 0x00, 0x00,
  0x00, 0x00, 0x00, 0x00, 0x00, 0x00, 0x00, 0x00, 0x00, 0x00, 0x00, 0x00, 0x00, 0x00, 0x00, 0x00,
  0x00, 0x00, 0x00, 0x00, 0x00, 0x00, 0x00, 0x00, 0x00, 0x00, 0x00, 0x00, 0x00, 0x00, 0x00, 0x00,
  0x00, 0x00, 0x00, 0x00, 0x00, 0x00, 0x00, 0x00, 0x00, 0x00, 0x00, 0x00, 0x00, 0x00, 0x00, 0x00,
  0x00, 0x00, 0x00, 0x00, 0x00, 0x00, 0x00, 0x00, 0x62, 0x30, 0xa3, 0x40, 0xc7, 0x59, 0xc7, 0x51,
  0x6a, 0x62, 0x4e, 0x7b, 0x2d, 0x73, 0x6e, 0x73, 0x6d, 0x73, 0x8e, 0x73, 0x51, 0x8c, 0x92, 0x94,
  0x92, 0x8c, 0x92, 0x8c, 0x92, 0x94, 0x92, 0x9c, 0x52, 0x9c, 0xab, 0x6a, 0x46, 0x41, 0xc4, 0x30,
  0x05, 0x39, 0x45, 0x39, 0xa6, 0x41, 0xc7, 0x41, 0x28, 0x4a, 0x48, 0x4a, 0x48, 0x4a, 0x48, 0x4a,
  0x48, 0x4a, 0x49, 0x4a, 0x49, 0x4a, 0x49, 0x52, 0x69, 0x52, 0x69, 0x5a, 0x69, 0x5a, 0x69, 0x5a,
  0x69, 0x5a, 0x8a, 0x52, 0x8a, 0x5a, 0x8a, 0x5a, 0xcb, 0x62, 0xcb, 0x62, 0x69, 0x52, 0xc7, 0x41,
  0x25, 0x39, 0x45, 0x41, 0x86, 0x41, 0xe7, 0x49, 0x08, 0x4a, 0x08, 0x4a, 0x08, 0x52, 0x28, 0x52,
  0x69, 0x52, 0x8a, 0x5a, 0xca, 0x5a, 0xea, 0x5a, 0xea, 0x5a, 0xeb, 0x5a, 0xa9, 0x5a, 0x65, 0x39,
  0xe6, 0x41, 0xca, 0x62, 0xca, 0x6a, 0xca, 0x6a, 0x8a, 0x6a, 0xca, 0x72, 0x89, 0x6a, 0x65, 0x49,
  0x86, 0x49, 0x8a, 0x6a, 0xae, 0x8b, 0x38, 0xde, 0x1b, 0xf7, 0xfb, 0xee, 0xda, 0xee, 0x18, 0xd6,
  0xae, 0x93, 0xe3, 0x38, 0x86, 0x51, 0x08, 0x6a, 0x8e, 0x93, 0xa6, 0x59, 0x86, 0x51, 0x45, 0x49,
  0xa6, 0x41, 0xc7, 0x41, 0x6a, 0x5a, 0x28, 0x52, 0xe8, 0x49, 0x49, 0x52, 0x49, 0x52, 0x08, 0x4a,
  0x28, 0x4a, 0x28, 0x4a, 0x48, 0x4a, 0x28, 0x4a, 0xc6, 0x39, 0xe7, 0x41, 0xe7, 0x41, 0xa6, 0x41,
  0xc3, 0x30, 0x6a, 0x6a, 0x0c, 0x6b, 0x0b, 0x63, 0xeb, 0x62, 0xcb, 0x62, 0xeb, 0x62, 0xeb, 0x62,
  0x0b, 0x63, 0xeb, 0x5a, 0x89, 0x52, 0x48, 0x4a, 0x69, 0x52, 0x4c, 0x6b, 0xeb, 0x5a, 0x0b, 0x6b,
  0xeb, 0x72, 0x04, 0x41, 0x82, 0x40, 0x00, 0x08, 0x00, 0x00, 0x00, 0x00, 0x00, 0x00, 0x00, 0x00,
  0x00, 0x00, 0x00, 0x00, 0x00, 0x00, 0x00, 0x00, 0x00, 0x00, 0x00, 0x00, 0x00, 0x00, 0x00, 0x00,
  0x00, 0x00, 0x00, 0x00, 0x00, 0x00, 0x00, 0x00, 0x00, 0x00, 0x00, 0x00, 0x00, 0x00, 0x00, 0x00,
  0x00, 0x00, 0x00, 0x00, 0x00, 0x00, 0x00, 0x00, 0x00, 0x00, 0x00, 0x00, 0x00, 0x00, 0x00, 0x00,
  0x00, 0x00, 0x00, 0x00, 0x00, 0x00, 0x00, 0x00, 0x00, 0x00, 0x00, 0x00, 0x00, 0x00, 0x00, 0x00,
  0x00, 0x00, 0x00, 0x00, 0x00, 0x00, 0x00, 0x00, 0x00, 0x00, 0x00, 0x00, 0x00, 0x00, 0x00, 0x00,
  0x00, 0x00, 0x00, 0x00, 0x00, 0x00, 0x00, 0x00, 0x00, 0x00, 0x00, 0x00, 0x00, 0x00, 0x00, 0x00,
  0x00, 0x00, 0x00, 0x00, 0x00, 0x00, 0x00, 0x00, 0x00, 0x00, 0x00, 0x00, 0x00, 0x00, 0x00, 0x00,
  0x00, 0x00, 0x00, 0x00, 0x00, 0x00, 0x00, 0x00, 0x00, 0x00, 0x00, 0x00, 0x00, 0x00, 0x00, 0x00,
  0x00, 0x00, 0x00, 0x00, 0x00, 0x00, 0x00, 0x00, 0x00, 0x00, 0x00, 0x00, 0x00, 0x00, 0x00, 0x00,
  0x00, 0x00, 0x00, 0x00, 0x00, 0x00, 0x00, 0x00, 0x00, 0x00, 0x00, 0x00, 0x00, 0x00, 0x00, 0x00,
  0x00, 0x00, 0x00, 0x00, 0x00, 0x00, 0x00, 0x00, 0x00, 0x00, 0x00, 0x00, 0x00, 0x00, 0x00, 0x00,
  0x00, 0x00, 0x00, 0x00, 0x00, 0x00, 0x00, 0x00, 0x00, 0x00, 0x00, 0x00, 0x00, 0x00, 0x00, 0x00,
  0x00, 0x00, 0x00, 0x00, 0x00, 0x00, 0x00, 0x00, 0x00, 0x00, 0x00, 0x00, 0x00, 0x00, 0x00, 0x00,
  0x00, 0x00, 0x00, 0x00, 0x00, 0x00, 0x00, 0x00, 0x00, 0x00, 0x00, 0x00, 0x00, 0x00, 0x00, 0x00,
  0x00, 0x00, 0x00, 0x00, 0x00, 0x00, 0x00, 0x00, 0x00, 0x00, 0x00, 0x00, 0x00, 0x00, 0x00, 0x00,
  0x00, 0x00, 0x00, 0x00, 0x00, 0x00, 0x00, 0x00, 0x00, 0x00, 0x00, 0x00, 0x00, 0x00, 0x00, 0x00,
  0x41, 0x20, 0xa3, 0x40, 0x29, 0x6a, 0xaa, 0x72, 0x2d, 0x7b, 0x8e, 0x7b, 0x2d, 0x6b, 0x6d, 0x73,
  0x8e, 0x73, 0xae, 0x73, 0x71, 0x8c, 0x91, 0x8c, 0xd2, 0x94, 0xb2, 0x94, 0x10, 0x8c, 0x2d, 0x7b,
  0xe4, 0x30, 0x83, 0x28, 0x83, 0x28, 0x25, 0x39, 0xa6, 0x41, 0xe7, 0x41, 0x08, 0x4a, 0x08, 0x4a,
  0x28, 0x42, 0x28, 0x42, 0x48, 0x4a, 0x48, 0x4a, 0x48, 0x4a, 0x49, 0x4a, 0x49, 0x4a, 0x49, 0x52,
  0x69, 0x52, 0x69, 0x5a, 0x69, 0x5a, 0x8a, 0x5a, 0x8a, 0x5a, 0x8a, 0x5a, 0x8a, 0x5a, 0x8a, 0x5a,
  0x8a, 0x5a, 0xe7, 0x49, 0x66, 0x39, 0x45, 0x39, 0x45, 0x41, 0x86, 0x51, 0x08, 0x52, 0x28, 0x52,
  0x48, 0x4a, 0x49, 0x4a, 0x69, 0x52, 0x8a, 0x5a, 0xaa, 0x5a, 0xca, 0x62, 0xea, 0x5a, 0x0b, 0x5b,
  0x0b, 0x5b, 0x0b, 0x63, 0xca, 0x5a, 0x85, 0x39, 0x85, 0x41, 0xe7, 0x51, 0x69, 0x62, 0xca, 0x72,
  0x0b, 0x7b, 0x48, 0x62, 0xc6, 0x51, 0x85, 0x49, 0x6d, 0x83, 0x89, 0x62, 0x69, 0x62, 0xbe, 0xff,
  0x1c, 0xff, 0xba, 0xf6, 0x55, 0xc5, 0x0b, 0x7b, 0x44, 0x41, 0xe7, 0x59, 0xaa, 0x72, 0x66, 0x51,
  0xc6, 0x59, 0x68, 0x6a, 0x89, 0x72, 0x45, 0x41, 0x66, 0x41, 0xe8, 0x49, 0x29, 0x52, 0xe8, 0x49,
  0x28, 0x52, 0xaa, 0x62, 0x8a, 0x5a, 0x08, 0x4a, 0x28, 0x4a, 0x28, 0x4a, 0x28, 0x4a, 0x07, 0x4a,
  0xc6, 0x39, 0xc6, 0x39, 0xc6, 0x39, 0x65, 0x39, 0x25, 0x41, 0x8a, 0x6a, 0x0b, 0x6b, 0xeb, 0x62,
  0xeb, 0x62, 0xcb, 0x62, 0xeb, 0x62, 0xeb, 0x62, 0xeb, 0x62, 0xeb, 0x5a, 0x89, 0x52, 0x28, 0x4a,
  0x69, 0x52, 0xeb, 0x62, 0xeb, 0x62, 0x0b, 0x63, 0x0c, 0x73, 0xc7, 0x51, 0xa2, 0x38, 0x41, 0x28,
  0x00, 0x00, 0x00, 0x00, 0x00, 0x00, 0x00, 0x00, 0x00, 0x00, 0x00, 0x00, 0x00, 0x00, 0x00, 0x00,
  0x00, 0x00, 0x00, 0x00, 0x00, 0x00, 0x00, 0x00, 0x00, 0x00, 0x00, 0x00, 0x00, 0x00, 0x00, 0x00,
  0x00, 0x00, 0x00, 0x00, 0x00, 0x00, 0x00, 0x00, 0x00, 0x00, 0x00, 0x00, 0x00, 0x00, 0x00, 0x00,
  0x00, 0x00, 0x00, 0x00, 0x00, 0x00, 0x00, 0x00, 0x00, 0x00, 0x00, 0x00, 0x00, 0x00, 0x00, 0x00,
  0x00, 0x00, 0x00, 0x00, 0x00, 0x00, 0x00, 0x00, 0x00, 0x00, 0x00, 0x00, 0x00, 0x00, 0x00, 0x00,
  0x00, 0x00, 0x00, 0x00, 0x00, 0x00, 0x00, 0x00, 0x00, 0x00, 0x00, 0x00, 0x00, 0x00, 0x00, 0x00,
  0x00, 0x00, 0x00, 0x00, 0x00, 0x00, 0x00, 0x00, 0x00, 0x00, 0x00, 0x00, 0x00, 0x00, 0x00, 0x00,
  0x00, 0x00, 0x00, 0x00, 0x00, 0x00, 0x00, 0x00, 0x00, 0x00, 0x00, 0x00, 0x00, 0x00, 0x00, 0x00,
  0x00, 0x00, 0x00, 0x00, 0x00, 0x00, 0x00, 0x00, 0x00, 0x00, 0x00, 0x00, 0x00, 0x00, 0x00, 0x00,
  0x00, 0x00, 0x00, 0x00, 0x00, 0x00, 0x00, 0x00, 0x00, 0x00, 0x00, 0x00, 0x00, 0x00, 0x00, 0x00,
  0x00, 0x00, 0x00, 0x00, 0x00, 0x00, 0x00, 0x00, 0x00, 0x00, 0x00, 0x00, 0x00, 0x00, 0x00, 0x00,
  0x00, 0x00, 0x00, 0x00, 0x00, 0x00, 0x00, 0x00, 0x00, 0x00, 0x00, 0x00, 0x00, 0x00, 0x00, 0x00,
  0x00, 0x00, 0x00, 0x00, 0x00, 0x00, 0x00, 0x00, 0x00, 0x00, 0x00, 0x00, 0x00, 0x00, 0x00, 0x00,
  0x00, 0x00, 0x00, 0x00, 0x00, 0x00, 0x00, 0x00, 0x00, 0x00, 0x00, 0x00, 0x00, 0x00, 0x00, 0x00,
  0x00, 0x00, 0x00, 0x00, 0x00, 0x00, 0x00, 0x00, 0x00, 0x00, 0x00, 0x00, 0x00, 0x00, 0x00, 0x00,
  0x00, 0x00, 0x00, 0x00, 0x00, 0x00, 0x00, 0x00, 0x00, 0x00, 0x00, 0x00, 0x00, 0x00, 0x00, 0x00,
  0x00, 0x00, 0x00, 0x00, 0x00, 0x00, 0x00, 0x00, 0x20, 0x10, 0xa3, 0x38, 0x69, 0x6a, 0x4d, 0x83,
  0x6e, 0x83, 0x8e, 0x7b, 0x2c, 0x6b, 0x6d, 0x73, 0xcf, 0x7b, 0xef, 0x7b, 0x91, 0x8c, 0x91, 0x8c,
  0x30, 0x8c, 0xcf, 0x8b, 0x6a, 0x62, 0xa3, 0x30, 0x62, 0x20, 0x04, 0x31, 0xa6, 0x39, 0xe7, 0x39,
  0x08, 0x42, 0x08, 0x42, 0x28, 0x4a, 0x28, 0x4a, 0x08, 0x4a, 0x08, 0x4a, 0x08, 0x4a, 0x28, 0x52,
  0x28, 0x52, 0x49, 0x52, 0x49, 0x4a, 0x49, 0x52, 0x69, 0x52, 0x69, 0x5a, 0x69, 0x5a, 0x6a, 0x5a,
  0x8a, 0x5a, 0x69, 0x5a, 0x28, 0x52, 0x08, 0x4a, 0x86, 0x41, 0x66, 0x39, 0xa6, 0x41, 0x08, 0x4a,
  0x49, 0x5a, 0x29, 0x52, 0x28, 0x52, 0x08, 0x4a, 0x89, 0x52, 0xaa, 0x5a, 0xeb, 0x5a, 0xeb, 0x5a,
  0xcb, 0x62, 0xcb, 0x62, 0xeb, 0x62, 0xeb, 0x5a, 0xeb, 0x5a, 0x0b, 0x63, 0xaa, 0x62, 0x65, 0x41,
  0xc6, 0x59, 0x81, 0x38, 0xa5, 0x51, 0x68, 0x6a, 0x89, 0x72, 0xa5, 0x51, 0xa5, 0x51, 0xa9, 0x6a,
  0xad, 0x83, 0xa5, 0x39, 0xef, 0x8b, 0xb2, 0xac, 0xae, 0x93, 0x31, 0xac, 0x49, 0x72, 0x08, 0x62,
  0xcb, 0x7a, 0x6d, 0x8b, 0xe8, 0x59, 0x65, 0x49, 0x88, 0x6a, 0x8c, 0x8b, 0xea, 0x72, 0x04, 0x39,
  0x08, 0x5a, 0x29, 0x5a, 0xe8, 0x49, 0xc8, 0x49, 0x6e, 0x83, 0xec, 0x6a, 0x29, 0x52, 0xa6, 0x41,
  0x28, 0x4a, 0x48, 0x4a, 0x28, 0x4a, 0xe7, 0x41, 0xe7, 0x41, 0xa6, 0x39, 0x85, 0x31, 0x04, 0x29,
  0xe8, 0x59, 0xab, 0x72, 0xeb, 0x62, 0xeb, 0x5a, 0xeb, 0x62, 0xcb, 0x62, 0xeb, 0x62, 0xeb, 0x62,
  0xeb, 0x62, 0xeb, 0x5a, 0x89, 0x52, 0x28, 0x4a, 0x48, 0x4a, 0x89, 0x52, 0x2c, 0x63, 0x0b, 0x63,
  0x2c, 0x73, 0x8a, 0x62, 0x65, 0x51, 0xa3, 0x40, 0x00, 0x08, 0x00, 0x00, 0x00, 0x00, 0x00, 0x00,
  0x00, 0x00, 0x00, 0x00, 0x00, 0x00, 0x00, 0x00, 0x00, 0x00, 0x00, 0x00, 0x00, 0x00, 0x00, 0x00,
  0x00, 0x00, 0x00, 0x00, 0x00, 0x00, 0x00, 0x00, 0x00, 0x00, 0x00, 0x00, 0x00, 0x00, 0x00, 0x00,
  0x00, 0x00, 0x00, 0x00, 0x00, 0x00, 0x00, 0x00, 0x00, 0x00, 0x00, 0x00, 0x00, 0x00, 0x00, 0x00,
  0x00, 0x00, 0x00, 0x00, 0x00, 0x00, 0x00, 0x00, 0x00, 0x00, 0x00, 0x00, 0x00, 0x00, 0x00, 0x00,
  0x00, 0x00, 0x00, 0x00, 0x00, 0x00, 0x00, 0x00, 0x00, 0x00, 0x00, 0x00, 0x00, 0x00, 0x00, 0x00,
  0x00, 0x00, 0x00, 0x00, 0x00, 0x00, 0x00, 0x00, 0x00, 0x00, 0x00, 0x00, 0x00, 0x00, 0x00, 0x00,
  0x00, 0x00, 0x00, 0x00, 0x00, 0x00, 0x00, 0x00, 0x00, 0x00, 0x00, 0x00, 0x00, 0x00, 0x00, 0x00,
  0x00, 0x00, 0x00, 0x00, 0x00, 0x00, 0x00, 0x00, 0x00, 0x00, 0x00, 0x00, 0x00, 0x00, 0x00, 0x00,
  0x00, 0x00, 0x00, 0x00, 0x00, 0x00, 0x00, 0x00, 0x00, 0x00, 0x00, 0x00, 0x00, 0x00, 0x00, 0x00,
  0x00, 0x00, 0x00, 0x00, 0x00, 0x00, 0x00, 0x00, 0x00, 0x00, 0x00, 0x00, 0x00, 0x00, 0x00, 0x00,
  0x00, 0x00, 0x00, 0x00, 0x00, 0x00, 0x00, 0x00, 0x00, 0x00, 0x00, 0x00, 0x00, 0x00, 0x00, 0x00,
  0x00, 0x00, 0x00, 0x00, 0x00, 0x00, 0x00, 0x00, 0x00, 0x00, 0x00, 0x00, 0x00, 0x00, 0x00, 0x00,
  0x00, 0x00, 0x00, 0x00, 0x00, 0x00, 0x00, 0x00, 0x00, 0x00, 0x00, 0x00, 0x00, 0x00, 0x00, 0x00,
  0x00, 0x00, 0x00, 0x00, 0x00, 0x00, 0x00, 0x00, 0x00, 0x00, 0x00, 0x00, 0x00, 0x00, 0x00, 0x00,
  0x00, 0x00, 0x00, 0x00, 0x00, 0x00, 0x00, 0x00, 0x00, 0x00, 0x00, 0x00, 0x00, 0x00, 0x00, 0x00,
  0x00, 0x00, 0x00, 0x00, 0x00, 0x00, 0x00, 0x00, 0x00, 0x00, 0x00, 0x00, 0x00, 0x00, 0x00, 0x00,
  0x20, 0x10, 0x82, 0x38, 0x29, 0x6a, 0x2d, 0x83, 0x8e, 0x7b, 0xae, 0x7b, 0x4d, 0x6b, 0xae, 0x7b,
  0x10, 0x84, 0x0f, 0x84, 0x91, 0x8c, 0x71, 0x94, 0xec, 0x6a, 0x45, 0x41, 0x62, 0x28, 0xc3, 0x30,
  0xc3, 0x28, 0x86, 0x39, 0x07, 0x42, 0x07, 0x42, 0x28, 0x42, 0x28, 0x42, 0x28, 0x42, 0x28, 0x4a,
  0x08, 0x4a, 0x08, 0x4a, 0x08, 0x4a, 0x08, 0x4a, 0x28, 0x52, 0x29, 0x52, 0x29, 0x52, 0x49, 0x52,
  0x49, 0x52, 0x69, 0x5a, 0x69, 0x5a, 0x6a, 0x5a, 0x29, 0x52, 0x08, 0x4a, 0xa6, 0x41, 0x66, 0x39,
  0xc7, 0x41, 0x28, 0x52, 0x49, 0x52, 0x28, 0x52, 0xe7, 0x49, 0x28, 0x4a, 0x69, 0x5a, 0xaa, 0x5a,
  0xeb, 0x62, 0xeb, 0x62, 0xeb, 0x5a, 0xeb, 0x5a, 0xeb, 0x62, 0xcb, 0x62, 0xeb, 0x62, 0xeb, 0x62,
  0xeb, 0x62, 0x0b, 0x63, 0xaa, 0x62, 0x65, 0x41, 0xcb, 0x82, 0xca, 0x82, 0x44, 0x51, 0xc2, 0x40,
  0x89, 0x72, 0xa5, 0x51, 0x64, 0x49, 0x0e, 0x94, 0xee, 0x8b, 0xa6, 0x41, 0xae, 0x83, 0xcb, 0x72,
  0x04, 0x39, 0xc7, 0x59, 0x86, 0x59, 0x28, 0x6a, 0xb2, 0xac, 0x91, 0xac, 0x49, 0x62, 0x64, 0x49,
  0x2d, 0x9c, 0xaf, 0xac, 0x23, 0x41, 0x03, 0x39, 0x08, 0x5a, 0x29, 0x5a, 0x09, 0x5a, 0x6e, 0x83,
  0xd0, 0x8b, 0xab, 0x62, 0x08, 0x52, 0x29, 0x52, 0x28, 0x4a, 0x28, 0x4a, 0x07, 0x4a, 0xc6, 0x41,
  0xc7, 0x41, 0xa6, 0x41, 0x45, 0x31, 0xc3, 0x28, 0x49, 0x62, 0xcb, 0x6a, 0xca, 0x62, 0xca, 0x5a,
  0xeb, 0x62, 0xcb, 0x62, 0xeb, 0x62, 0xeb, 0x62, 0xeb, 0x62, 0xeb, 0x5a, 0x89, 0x52, 0x28, 0x4a,
  0x48, 0x4a, 0x28, 0x4a, 0x0b, 0x63, 0xeb, 0x62, 0xeb, 0x62, 0xcb, 0x6a, 0xaa, 0x72, 0xc3, 0x40,
  0x62, 0x30, 0x00, 0x00, 0x00, 0x00, 0x00, 0x00, 0x00, 0x00, 0x00, 0x00, 0x00, 0x00, 0x00, 0x00,
  0x00, 0x00, 0x00, 0x00, 0x00, 0x00, 0x00, 0x00, 0x00, 0x00, 0x00, 0x00, 0x00, 0x00, 0x00, 0x00,
  0x00, 0x00, 0x00, 0x00, 0x00, 0x00, 0x00, 0x00, 0x00, 0x00, 0x00, 0x00, 0x00, 0x00, 0x00, 0x00,
  0x00, 0x00, 0x00, 0x00, 0x00, 0x00, 0x00, 0x00, 0x00, 0x00, 0x00, 0x00, 0x00, 0x00, 0x00, 0x00,
  0x00, 0x00, 0x00, 0x00, 0x00, 0x00, 0x00, 0x00, 0x00, 0x00, 0x00, 0x00, 0x00, 0x00, 0x00, 0x00,
  0x00, 0x00, 0x00, 0x00, 0x00, 0x00, 0x00, 0x00, 0x00, 0x00, 0x00, 0x00, 0x00, 0x00, 0x00, 0x00,
  0x00, 0x00, 0x00, 0x00, 0x00, 0x00, 0x00, 0x00, 0x00, 0x00, 0x00, 0x00, 0x00, 0x00, 0x00, 0x00,
  0x00, 0x00, 0x00, 0x00, 0x00, 0x00, 0x00, 0x00, 0x00, 0x00, 0x00, 0x00, 0x00, 0x00, 0x00, 0x00,
  0x00, 0x00, 0x00, 0x00, 0x00, 0x00, 0x00, 0x00, 0x00, 0x00, 0x00, 0x00, 0x00, 0x00, 0x00, 0x00,
  0x00, 0x00, 0x00, 0x00, 0x00, 0x00, 0x00, 0x00, 0x00, 0x00, 0x00, 0x00, 0x00, 0x00, 0x00, 0x00,
  0x00, 0x00, 0x00, 0x00, 0x00, 0x00, 0x00, 0x00, 0x00, 0x00, 0x00, 0x00, 0x00, 0x00, 0x00, 0x00,
  0x00, 0x00, 0x00, 0x00, 0x00, 0x00, 0x00, 0x00, 0x00, 0x00, 0x00, 0x00, 0x00, 0x00, 0x00, 0x00,
  0x00, 0x00, 0x00, 0x00, 0x00, 0x00, 0x00, 0x00, 0x00, 0x00, 0x00, 0x00, 0x00, 0x00, 0x00, 0x00,
  0x00, 0x00, 0x00, 0x00, 0x00, 0x00, 0x00, 0x00, 0x00, 0x00, 0x00, 0x00, 0x00, 0x00, 0x00, 0x00,
  0x00, 0x00, 0x00, 0x00, 0x00, 0x00, 0x00, 0x00, 0x00, 0x00, 0x00, 0x00, 0x00, 0x00, 0x00, 0x00,
  0x00, 0x00, 0x00, 0x00, 0x00, 0x00, 0x00, 0x00, 0x00, 0x00, 0x00, 0x00, 0x00, 0x00, 0x00, 0x00,
  0x00, 0x00, 0x00, 0x00, 0x00, 0x00, 0x00, 0x00, 0x00, 0x00, 0xa3, 0x40, 0xc7, 0x59, 0x0c, 0x7b,
  0x8e, 0x73, 0x8e, 0x73, 0x6e, 0x6b, 0xcf, 0x7b, 0xaf, 0x7b, 0xaf, 0x83, 0x0d, 0x73, 0xe8, 0x51,
  0xa3, 0x20, 0xe4, 0x28, 0x45, 0x31, 0x66, 0x39, 0xc7, 0x41, 0xc7, 0x41, 0xe7, 0x39, 0xe7, 0x39,
  0xe7, 0x39, 0x07, 0x42, 0x08, 0x42, 0x08, 0x42, 0x28, 0x42, 0x28, 0x42, 0x28, 0x42, 0x28, 0x4a,
  0x8a, 0x62, 0x29, 0x5a, 0x08, 0x52, 0x69, 0x5a, 0x29, 0x52, 0x6a, 0x62, 0x29, 0x5a, 0xa7, 0x49,
  0xa7, 0x41, 0x86, 0x39, 0xa6, 0x39, 0xe7, 0x41, 0x49, 0x52, 0x28, 0x52, 0x28, 0x4a, 0x49, 0x52,
  0xcb, 0x62, 0xeb, 0x62, 0x0c, 0x63, 0x0c, 0x63, 0xeb, 0x62, 0xeb, 0x62, 0xeb, 0x5a, 0xeb, 0x5a,
  0xeb, 0x62, 0xeb, 0x62, 0xeb, 0x62, 0xeb, 0x62, 0x0b, 0x5b, 0x0b, 0x63, 0x8a, 0x62, 0x04, 0x41,
  0xeb, 0x82, 0x30, 0xb4, 0x48, 0x72, 0x03, 0x41, 0x85, 0x51, 0x27, 0x5a, 0x6c, 0x83, 0x91, 0xa4,
  0x70, 0x9c, 0xe7, 0x49, 0x04, 0x31, 0x04, 0x39, 0x08, 0x5a, 0xe7, 0x59, 0x10, 0x9c, 0xf3, 0xbc,
  0xb2, 0xa4, 0xd2, 0xac, 0x88, 0x6a, 0x25, 0x62, 0xc9, 0x93, 0x50, 0xcd, 0x47, 0x7a, 0x82, 0x40,
  0x08, 0x62, 0x8b, 0x6a, 0x0c, 0x73, 0xaf, 0x8b, 0xec, 0x72, 0x08, 0x52, 0xe8, 0x51, 0x49, 0x5a,
  0x08, 0x4a, 0xc7, 0x41, 0xa6, 0x41, 0x86, 0x41, 0xc7, 0x49, 0xc7, 0x51, 0x05, 0x39, 0xe4, 0x38,
  0xab, 0x62, 0xeb, 0x62, 0xcb, 0x5a, 0xeb, 0x5a, 0xeb, 0x62, 0xcb, 0x62, 0xeb, 0x62, 0xeb, 0x5a,
  0xeb, 0x62, 0xeb, 0x5a, 0x89, 0x52, 0x28, 0x4a, 0x48, 0x4a, 0x28, 0x4a, 0x69, 0x5a, 0xeb, 0x6a,
  0xcb, 0x62, 0x0c, 0x6b, 0x0c, 0x6b, 0xa7, 0x49, 0xc3, 0x38, 0x20, 0x08, 0x00, 0x00, 0x00, 0x00,
  0x00, 0x00, 0x00, 0x00, 0x00, 0x00, 0x00, 0x00, 0x00, 0x00, 0x00, 0x00, 0x00, 0x00, 0x00, 0x00,
  0x00, 0x00, 0x00, 0x00, 0x00, 0x00, 0x00, 0x00, 0x00, 0x00, 0x00, 0x00, 0x00, 0x00, 0x00, 0x00,
  0x00, 0x00, 0x00, 0x00, 0x00, 0x00, 0x00, 0x00, 0x00, 0x00, 0x00, 0x00, 0x00, 0x00, 0x00, 0x00,
  0x00, 0x00, 0x00, 0x00, 0x00, 0x00, 0x00, 0x00, 0x00, 0x00, 0x00, 0x00, 0x00, 0x00, 0x00, 0x00,
  0x00, 0x00, 0x00, 0x00, 0x00, 0x00, 0x00, 0x00, 0x00, 0x00, 0x00, 0x00, 0x00, 0x00, 0x00, 0x00,
  0x00, 0x00, 0x00, 0x00, 0x00, 0x00, 0x00, 0x00, 0x00, 0x00, 0x00, 0x00, 0x00, 0x00, 0x00, 0x00,
  0x00, 0x00, 0x00, 0x00, 0x00, 0x00, 0x00, 0x00, 0x00, 0x00, 0x00, 0x00, 0x00, 0x00, 0x00, 0x00,
  0x00, 0x00, 0x00, 0x00, 0x00, 0x00, 0x00, 0x00, 0x00, 0x00, 0x00, 0x00, 0x00, 0x00, 0x00, 0x00,
  0x00, 0x00, 0x00, 0x00, 0x00, 0x00, 0x00, 0x00, 0x00, 0x00, 0x00, 0x00, 0x00, 0x00, 0x00, 0x00,
  0x00, 0x00, 0x00, 0x00, 0x00, 0x00, 0x00, 0x00, 0x00, 0x00, 0x00, 0x00, 0x00, 0x00, 0x00, 0x00,
  0x00, 0x00, 0x00, 0x00, 0x00, 0x00, 0x00, 0x00, 0x00, 0x00, 0x00, 0x00, 0x00, 0x00, 0x00, 0x00,
  0x00, 0x00, 0x00, 0x00, 0x00, 0x00, 0x00, 0x00, 0x00, 0x00, 0x00, 0x00, 0x00, 0x00, 0x00, 0x00,
  0x00, 0x00, 0x00, 0x00, 0x00, 0x00, 0x00, 0x00, 0x00, 0x00, 0x00, 0x00, 0x00, 0x00, 0x00, 0x00,
  0x00, 0x00, 0x00, 0x00, 0x00, 0x00, 0x00, 0x00, 0x00, 0x00, 0x00, 0x00, 0x00, 0x00, 0x00, 0x00,
  0x00, 0x00, 0x00, 0x00, 0x00, 0x00, 0x00, 0x00, 0x00, 0x00, 0x00, 0x00, 0x00, 0x00, 0x00, 0x00,
  0x00, 0x00, 0x00, 0x00, 0x00, 0x00, 0x00, 0x00, 0x00, 0x00, 0x00, 0x00, 0x00, 0x00, 0x00, 0x00,
  0x00, 0x00, 0x41, 0x20, 0x04, 0x41, 0x48, 0x5a, 0x8d, 0x73, 0xae, 0x73, 0x8e, 0x73, 0x8e, 0x7b,
  0x6e, 0x7b, 0xc8, 0x49, 0x63, 0x28, 0x83, 0x28, 0x86, 0x39, 0xa6, 0x39, 0xe7, 0x41, 0x08, 0x4a,
  0xc7, 0x41, 0xc7, 0x41, 0xe7, 0x41, 0xe7, 0x39, 0xe7, 0x41, 0x07, 0x42, 0x08, 0x42, 0x08, 0x42,
  0x28, 0x42, 0x28, 0x42, 0x28, 0x42, 0x28, 0x4a, 0x08, 0x52, 0xe8, 0x51, 0x08, 0x52, 0x29, 0x5a,
  0x49, 0x5a, 0xc8, 0x51, 0x05, 0x39, 0x25, 0x39, 0x65, 0x39, 0xe7, 0x41, 0x28, 0x4a, 0x28, 0x4a,
  0x08, 0x42, 0x49, 0x4a, 0xaa, 0x5a, 0xeb, 0x62, 0xeb, 0x62, 0xeb, 0x62, 0xeb, 0x62, 0xeb, 0x62,
  0xeb, 0x62, 0xeb, 0x62, 0xeb, 0x5a, 0xeb, 0x5a, 0xeb, 0x62, 0xeb, 0x62, 0xeb, 0x62, 0xeb, 0x62,
  0x0b, 0x5b, 0x0b, 0x63, 0x89, 0x62, 0x04, 0x41, 0x08, 0x62, 0x50, 0xb4, 0xef, 0xa3, 0x0b, 0x83,
  0x89, 0x72, 0x6c, 0x8b, 0x70, 0xa4, 0xd2, 0xb4, 0x74, 0xc5, 0x0b, 0x73, 0x65, 0x41, 0xcf, 0x93,
  0x51, 0xa4, 0x51, 0xa4, 0x75, 0xc5, 0x55, 0xc5, 0x91, 0xa4, 0x90, 0xa4, 0xc4, 0x51, 0xaa, 0x93,
  0x6f, 0xc5, 0x53, 0xee, 0x4a, 0x9b, 0xa1, 0x40, 0xeb, 0x7a, 0x2d, 0x7b, 0xcf, 0x8b, 0x4d, 0x7b,
  0x08, 0x52, 0x49, 0x5a, 0x49, 0x5a, 0xe8, 0x49, 0xc7, 0x49, 0xa7, 0x41, 0xa7, 0x41, 0x86, 0x41,
  0xa7, 0x49, 0x46, 0x41, 0x46, 0x49, 0x29, 0x62, 0xcb, 0x62, 0xeb, 0x62, 0xeb, 0x5a, 0xeb, 0x62,
  0xcb, 0x62, 0xcb, 0x62, 0xeb, 0x62, 0xeb, 0x5a, 0x0b, 0x5b, 0xeb, 0x5a, 0x89, 0x52, 0x28, 0x4a,
  0x28, 0x4a, 0x28, 0x4a, 0x49, 0x52, 0x69, 0x5a, 0xaa, 0x5a, 0xeb, 0x62, 0x2c, 0x6b, 0xaa, 0x5a,
  0x04, 0x39, 0x82, 0x28, 0x00, 0x00, 0x00, 0x00, 0x00, 0x00, 0x00, 0x00, 0x00, 0x00, 0x00, 0x00,
  0x00, 0x00, 0x00, 0x00, 0x00, 0x00, 0x00, 0x00, 0x00, 0x00, 0x00, 0x00, 0x00, 0x00, 0x00, 0x00,
  0x00, 0x00, 0x00, 0x00, 0x00, 0x00, 0x00, 0x00, 0x00, 0x00, 0x00, 0x00, 0x00, 0x00, 0x00, 0x00,
  0x00, 0x00, 0x00, 0x00, 0x00, 0x00, 0x00, 0x00, 0x00, 0x00, 0x00, 0x00, 0x00, 0x00, 0x00, 0x00,
  0x00, 0x00, 0x00, 0x00, 0x00, 0x00, 0x00, 0x00, 0x00, 0x00, 0x00, 0x00, 0x00, 0x00, 0x00, 0x00,
  0x00, 0x00, 0x00, 0x00, 0x00, 0x00, 0x00, 0x00, 0x00, 0x00, 0x00, 0x00, 0x00, 0x00, 0x00, 0x00,
  0x00, 0x00, 0x00, 0x00, 0x00, 0x00, 0x00, 0x00, 0x00, 0x00, 0x00, 0x00, 0x00, 0x00, 0x00, 0x00,
  0x00, 0x00, 0x00, 0x00, 0x00, 0x00, 0x00, 0x00, 0x00, 0x00, 0x00, 0x00, 0x00, 0x00, 0x00, 0x00,
  0x00, 0x00, 0x00, 0x00, 0x00, 0x00, 0x00, 0x00, 0x00, 0x00, 0x00, 0x00, 0x00, 0x00, 0x00, 0x00,
  0x00, 0x00, 0x00, 0x00, 0x00, 0x00, 0x00, 0x00, 0x00, 0x00, 0x00, 0x00, 0x00, 0x00, 0x00, 0x00,
  0x00, 0x00, 0x00, 0x00, 0x00, 0x00, 0x00, 0x00, 0x00, 0x00, 0x00, 0x00, 0x00, 0x00, 0x00, 0x00,
  0x00, 0x00, 0x00, 0x00, 0x00, 0x00, 0x00, 0x00, 0x00, 0x00, 0x00, 0x00, 0x00, 0x00, 0x00, 0x00,
  0x00, 0x00, 0x00, 0x00, 0x00, 0x00, 0x00, 0x00, 0x00, 0x00, 0x00, 0x00, 0x00, 0x00, 0x00, 0x00,
  0x00, 0x00, 0x00, 0x00, 0x00, 0x00, 0x00, 0x00, 0x00, 0x00, 0x00, 0x00, 0x00, 0x00, 0x00, 0x00,
  0x00, 0x00, 0x00, 0x00, 0x00, 0x00, 0x00, 0x00, 0x00, 0x00, 0x00, 0x00, 0x00, 0x00, 0x00, 0x00,
  0x00, 0x00, 0x00, 0x00, 0x00, 0x00, 0x00, 0x00, 0x00, 0x00, 0x00, 0x00, 0x00, 0x00, 0x00, 0x00,
  0x00, 0x00, 0x00, 0x00, 0x00, 0x00, 0x00, 0x00, 0x00, 0x00, 0x20, 0x10, 0xc3, 0x40, 0x28, 0x5a,
  0x8d, 0x7b, 0x6c, 0x73, 0x2c, 0x7b, 0x04, 0x39, 0xe4, 0x38, 0x82, 0x28, 0xa3, 0x30, 0x86, 0x41,
  0xa6, 0x41, 0xc7, 0x39, 0xc7, 0x41, 0xc7, 0x41, 0xc7, 0x41, 0xc7, 0x41, 0xe7, 0x41, 0xe7, 0x41,
  0xe7, 0x41, 0x07, 0x42, 0x07, 0x42, 0x07, 0x42, 0x08, 0x42, 0x08, 0x42, 0x28, 0x42, 0x08, 0x4a,
  0xe8, 0x49, 0xe8, 0x49, 0xc7, 0x51, 0x87, 0x49, 0x04, 0x39, 0x25, 0x39, 0x2d, 0x73, 0xcb, 0x62,
  0x28, 0x4a, 0x69, 0x52, 0x49, 0x52, 0x08, 0x4a, 0xcb, 0x62, 0xcb, 0x5a, 0xeb, 0x62, 0xaa, 0x5a,
  0xcb, 0x5a, 0xeb, 0x62, 0xeb, 0x62, 0xeb, 0x62, 0xeb, 0x62, 0xeb, 0x5a, 0xeb, 0x5a, 0xeb, 0x5a,
  0xeb, 0x62, 0xeb, 0x62, 0xeb, 0x62, 0xeb, 0x62, 0x0b, 0x5b, 0x0b, 0x63, 0x89, 0x62, 0x04, 0x41,
  0x49, 0x72, 0x8e, 0x9b, 0xae, 0x9b, 0x8d, 0x93, 0xef, 0x9b, 0xd2, 0xb4, 0x75, 0xc5, 0x95, 0xc5,
  0x74, 0xc5, 0x13, 0xbd, 0x34, 0xbd, 0x34, 0xc5, 0x55, 0xc5, 0x55, 0xc5, 0x95, 0xcd, 0x55, 0xc5,
  0x54, 0xc5, 0x73, 0xcd, 0xe0, 0x40, 0xcd, 0xbc, 0xb5, 0xf6, 0x38, 0xff, 0xcf, 0xbc, 0xe1, 0x40,
  0x8d, 0x83, 0xef, 0x83, 0x8e, 0x7b, 0x69, 0x5a, 0x08, 0x4a, 0x69, 0x52, 0x49, 0x52, 0xe7, 0x41,
  0xa6, 0x41, 0xa6, 0x41, 0xa7, 0x49, 0x86, 0x41, 0x66, 0x41, 0xe4, 0x38, 0x87, 0x51, 0xab, 0x6a,
  0xcb, 0x62, 0xcb, 0x5a, 0xeb, 0x5a, 0xeb, 0x62, 0xcb, 0x62, 0xcb, 0x62, 0xeb, 0x62, 0xeb, 0x5a,
  0x0b, 0x63, 0xeb, 0x5a, 0x89, 0x52, 0x28, 0x4a, 0x28, 0x4a, 0x28, 0x52, 0x08, 0x4a, 0xc7, 0x49,
  0xaa, 0x5a, 0xcb, 0x5a, 0x0c, 0x63, 0x2d, 0x73, 0x08, 0x52, 0x04, 0x41, 0x00, 0x08, 0x00, 0x00,
  0x00, 0x00, 0x00, 0x00, 0x00, 0x00, 0x00, 0x00, 0x00, 0x00, 0x00, 0x00, 0x00, 0x00, 0x00, 0x00,
  0x00, 0x00, 0x00, 0x00, 0x00, 0x00, 0x00, 0x00, 0x00, 0x00, 0x00, 0x00, 0x00, 0x00, 0x00, 0x00,
  0x00, 0x00, 0x00, 0x00, 0x00, 0x00, 0x00, 0x00, 0x00, 0x00, 0x00, 0x00, 0x00, 0x00, 0x00, 0x00,
  0x00, 0x00, 0x00, 0x00, 0x00, 0x00, 0x00, 0x00, 0x00, 0x00, 0x00, 0x00, 0x00, 0x00, 0x00, 0x00,
  0x00, 0x00, 0x00, 0x00, 0x00, 0x00, 0x00, 0x00, 0x00, 0x00, 0x00, 0x00, 0x00, 0x00, 0x00, 0x00,
  0x00, 0x00, 0x00, 0x00, 0x00, 0x00, 0x00, 0x00, 0x00, 0x00, 0x00, 0x00, 0x00, 0x00, 0x00, 0x00,
  0x00, 0x00, 0x00, 0x00, 0x00, 0x00, 0x00, 0x00, 0x00, 0x00, 0x00, 0x00, 0x00, 0x00, 0x00, 0x00,
  0x00, 0x00, 0x00, 0x00, 0x00, 0x00, 0x00, 0x00, 0x00, 0x00, 0x00, 0x00, 0x00, 0x00, 0x00, 0x00,
  0x00, 0x00, 0x00, 0x00, 0x00, 0x00, 0x00, 0x00, 0x00, 0x00, 0x00, 0x00, 0x00, 0x00, 0x00, 0x00,
  0x00, 0x00, 0x00, 0x00, 0x00, 0x00, 0x00, 0x00, 0x00, 0x00, 0x00, 0x00, 0x00, 0x00, 0x00, 0x00,
  0x00, 0x00, 0x00, 0x00, 0x00, 0x00, 0x00, 0x00, 0x00, 0x00, 0x00, 0x00, 0x00, 0x00, 0x00, 0x00,
  0x00, 0x00, 0x00, 0x00, 0x00, 0x00, 0x00, 0x00, 0x00, 0x00, 0x00, 0x00, 0x00, 0x00, 0x00, 0x00,
  0x00, 0x00, 0x00, 0x00, 0x00, 0x00, 0x00, 0x00, 0x00, 0x00, 0x00, 0x00, 0x00, 0x00, 0x00, 0x00,
  0x00, 0x00, 0x00, 0x00, 0x00, 0x00, 0x00, 0x00, 0x00, 0x00, 0x00, 0x00, 0x00, 0x00, 0x00, 0x00,
  0x00, 0x00, 0x00, 0x00, 0x00, 0x00, 0x00, 0x00, 0x00, 0x00, 0x00, 0x00, 0x00, 0x00, 0x00, 0x00,
  0x00, 0x00, 0x00, 0x00, 0x00, 0x00, 0x00, 0x00, 0x00, 0x00, 0x00, 0x00, 0x00, 0x00, 0x00, 0x00,
  0x00, 0x00, 0x00, 0x00, 0x82, 0x28, 0x85, 0x49, 0xa9, 0x6a, 0x89, 0x62, 0x04, 0x39, 0xa2, 0x30,
  0xa2, 0x30, 0x45, 0x41, 0x66, 0x41, 0x24, 0x31, 0x07, 0x4a, 0x07, 0x42, 0xe7, 0x41, 0xe7, 0x41,
  0xc7, 0x41, 0xc7, 0x41, 0xc7, 0x41, 0xc7, 0x41, 0xe7, 0x41, 0x07, 0x42, 0x07, 0x42, 0x07, 0x42,
  0x08, 0x42, 0x08, 0x42, 0x08, 0x4a, 0x08, 0x4a, 0x28, 0x4a, 0x08, 0x4a, 0x86, 0x41, 0xe4, 0x30,
  0x29, 0x5a, 0x8e, 0x83, 0x51, 0x94, 0x49, 0x52, 0x49, 0x52, 0x28, 0x4a, 0x69, 0x52, 0xcb, 0x62,
  0xcb, 0x5a, 0xeb, 0x62, 0xeb, 0x62, 0xeb, 0x62, 0xeb, 0x62, 0xeb, 0x62, 0xeb, 0x62, 0xeb, 0x62,
  0xeb, 0x5a, 0xeb, 0x5a, 0xeb, 0x5a, 0xeb, 0x5a, 0xeb, 0x62, 0xeb, 0x62, 0xcb, 0x62, 0xeb, 0x62,
  0x0b, 0x5b, 0x0b, 0x63, 0x89, 0x62, 0x04, 0x41, 0xab, 0x7a, 0x8e, 0x9b, 0x6d, 0x93, 0xae, 0x93,
  0xd2, 0xbc, 0x33, 0xbd, 0x74, 0xc5, 0x95, 0xc5, 0x33, 0xbd, 0x13, 0xb5, 0x54, 0xc5, 0x34, 0xbd,
  0x75, 0xc5, 0x55, 0xc5, 0x34, 0xbd, 0x74, 0xc5, 0x34, 0xc5, 0x32, 0xc5, 0x20, 0x49, 0xad, 0xbc,
  0x37, 0xff, 0x99, 0xff, 0xd3, 0xdd, 0x62, 0x49, 0xe9, 0x6a, 0xee, 0x83, 0xea, 0x62, 0xc6, 0x41,
  0x69, 0x52, 0x07, 0x42, 0xe7, 0x41, 0x07, 0x4a, 0x86, 0x41, 0x86, 0x41, 0x86, 0x41, 0x66, 0x41,
  0xe4, 0x30, 0x46, 0x41, 0xc8, 0x51, 0xc7, 0x49, 0xcb, 0x62, 0xcb, 0x5a, 0xeb, 0x62, 0xeb, 0x62,
  0xeb, 0x62, 0xeb, 0x62, 0xeb, 0x5a, 0xeb, 0x5a, 0x0b, 0x63, 0xeb, 0x5a, 0x89, 0x52, 0x28, 0x4a,
  0x28, 0x4a, 0x28, 0x52, 0xc7, 0x49, 0x45, 0x39, 0xaa, 0x5a, 0xcb, 0x5a, 0xcb, 0x5a, 0x0c, 0x6b,
  0x8a, 0x62, 0x03, 0x39, 0x61, 0x18, 0x00, 0x00, 0x00, 0x00, 0x00, 0x00, 0x00, 0x00, 0x00, 0x00,
  0x00, 0x00, 0x00, 0x00, 0x00, 0x00, 0x00, 0x00, 0x00, 0x00, 0x00, 0x00, 0x00, 0x00, 0x00, 0x00,
  0x00, 0x00, 0x00, 0x00, 0x00, 0x00, 0x00, 0x00, 0x00, 0x00, 0x00, 0x00, 0x00, 0x00, 0x00, 0x00,
  0x00, 0x00, 0x00, 0x00, 0x00, 0x00, 0x00, 0x00, 0x00, 0x00, 0x00, 0x00, 0x00, 0x00, 0x00, 0x00,
  0x00, 0x00, 0x00, 0x00, 0x00, 0x00, 0x00, 0x00, 0x00, 0x00, 0x00, 0x00, 0x00, 0x00, 0x00, 0x00,
  0x00, 0x00, 0x00, 0x00, 0x00, 0x00, 0x00, 0x00, 0x00, 0x00, 0x00, 0x00, 0x00, 0x00, 0x00, 0x00,
  0x00, 0x00, 0x00, 0x00, 0x00, 0x00, 0x00, 0x00, 0x00, 0x00, 0x00, 0x00, 0x00, 0x00, 0x00, 0x00,
  0x00, 0x00, 0x00, 0x00, 0x00, 0x00, 0x00, 0x00, 0x00, 0x00, 0x00, 0x00, 0x00, 0x00, 0x00, 0x00,
  0x00, 0x00, 0x00, 0x00, 0x00, 0x00, 0x00, 0x00, 0x00, 0x00, 0x00, 0x00, 0x00, 0x00, 0x00, 0x00,
  0x00, 0x00, 0x00, 0x00, 0x00, 0x00, 0x00, 0x00, 0x00, 0x00, 0x00, 0x00, 0x00, 0x00, 0x00, 0x00,
  0x00, 0x00, 0x00, 0x00, 0x00, 0x00, 0x00, 0x00, 0x00, 0x00, 0x00, 0x00, 0x00, 0x00, 0x00, 0x00,
  0x00, 0x00, 0x00, 0x00, 0x00, 0x00, 0x00, 0x00, 0x00, 0x00, 0x00, 0x00, 0x00, 0x00, 0x00, 0x00,
  0x00, 0x00, 0x00, 0x00, 0x00, 0x00, 0x00, 0x00, 0x00, 0x00, 0x00, 0x00, 0x00, 0x00, 0x00, 0x00,
  0x00, 0x00, 0x00, 0x00, 0x00, 0x00, 0x00, 0x00, 0x00, 0x00, 0x00, 0x00, 0x00, 0x00, 0x00, 0x00,
  0x00, 0x00, 0x00, 0x00, 0x00, 0x00, 0x00, 0x00, 0x00, 0x00, 0x00, 0x00, 0x00, 0x00, 0x00, 0x00,
  0x00, 0x00, 0x00, 0x00, 0x00, 0x00, 0x00, 0x00, 0x00, 0x00, 0x00, 0x00, 0x00, 0x00, 0x00, 0x00,
  0x00, 0x00, 0x00, 0x00, 0x00, 0x00, 0x00, 0x00, 0x00, 0x00, 0x00, 0x00, 0x61, 0x20, 0xa3, 0x38,
  0x65, 0x59, 0xa3, 0x40, 0xa2, 0x30, 0x24, 0x39, 0x65, 0x39, 0x85, 0x39, 0xa6, 0x39, 0xc6, 0x41,
  0xe7, 0x41, 0xe7, 0x41, 0xc7, 0x41, 0xc7, 0x41, 0xc7, 0x41, 0xc7, 0x41, 0xc7, 0x41, 0xc7, 0x41,
  0xc7, 0x41, 0x07, 0x42, 0x28, 0x4a, 0x49, 0x52, 0xc7, 0x41, 0xe7, 0x49, 0x08, 0x4a, 0x28, 0x4a,
  0xe7, 0x49, 0x86, 0x39, 0x24, 0x29, 0xca, 0x5a, 0x0f, 0x84, 0xef, 0x83, 0x6d, 0x7b, 0xa7, 0x41,
  0x08, 0x4a, 0x49, 0x52, 0xcb, 0x62, 0x0c, 0x6b, 0xeb, 0x62, 0xeb, 0x62, 0x0c, 0x63, 0x0c, 0x63,
  0xeb, 0x62, 0xeb, 0x62, 0xeb, 0x62, 0xeb, 0x62, 0xeb, 0x62, 0xeb, 0x62, 0xeb, 0x62, 0xeb, 0x5a,
  0xeb, 0x5a, 0xeb, 0x62, 0xcb, 0x62, 0xeb, 0x62, 0xca, 0x5a, 0x0b, 0x6b, 0x49, 0x5a, 0x04, 0x41,
  0xcb, 0x82, 0xef, 0xa3, 0xef, 0xa3, 0x10, 0xa4, 0x54, 0xcd, 0x54, 0xc5, 0x74, 0xc5, 0x54, 0xc5,
  0x54, 0xc5, 0x54, 0xc5, 0x54, 0xc5, 0x54, 0xc5, 0x54, 0xc5, 0x54, 0xc5, 0x54, 0xc5, 0x54, 0xc5,
  0x33, 0xc5, 0x32, 0xcd, 0xe3, 0x61, 0x89, 0x93, 0x58, 0xff, 0x37, 0xff, 0x94, 0xee, 0xa5, 0x6a,
  0xa4, 0x41, 0x4b, 0x6b, 0x27, 0x4a, 0x27, 0x4a, 0x07, 0x42, 0xe6, 0x41, 0xe6, 0x41, 0xa6, 0x41,
  0x65, 0x41, 0x45, 0x41, 0x45, 0x41, 0x45, 0x41, 0x08, 0x52, 0x8a, 0x62, 0x86, 0x41, 0x66, 0x39,
  0xcb, 0x62, 0xcb, 0x62, 0xeb, 0x62, 0xeb, 0x62, 0xeb, 0x62, 0xeb, 0x62, 0xeb, 0x5a, 0xeb, 0x5a,
  0x0b, 0x63, 0x0b, 0x5b, 0xaa, 0x52, 0x48, 0x4a, 0x28, 0x4a, 0x28, 0x52, 0x29, 0x52, 0x45, 0x39,
  0x49, 0x52, 0xec, 0x62, 0xeb, 0x62, 0xcb, 0x5a, 0x8a, 0x5a, 0x65, 0x41, 0xa2, 0x28, 0x00, 0x00,
  0x00, 0x00, 0x00, 0x00, 0x00, 0x00, 0x00, 0x00, 0x00, 0x00, 0x00, 0x00, 0x00, 0x00, 0x00, 0x00,
  0x00, 0x00, 0x00, 0x00, 0x00, 0x00, 0x00, 0x00, 0x00, 0x00, 0x00, 0x00, 0x00, 0x00, 0x00, 0x00,
  0x00, 0x00, 0x00, 0x00, 0x00, 0x00, 0x00, 0x00, 0x00, 0x00, 0x00, 0x00, 0x00, 0x00, 0x00, 0x00,
  0x00, 0x00, 0x00, 0x00, 0x00, 0x00, 0x00, 0x00, 0x00, 0x00, 0x00, 0x00, 0x00, 0x00, 0x00, 0x00,
  0x00, 0x00, 0x00, 0x00, 0x00, 0x00, 0x00, 0x00, 0x00, 0x00, 0x00, 0x00, 0x00, 0x00, 0x00, 0x00,
  0x00, 0x00, 0x00, 0x00, 0x00, 0x00, 0x00, 0x00, 0x00, 0x00, 0x00, 0x00, 0x00, 0x00, 0x00, 0x00,
  0x00, 0x00, 0x00, 0x00, 0x00, 0x00, 0x00, 0x00, 0x00, 0x00, 0x00, 0x00, 0x00, 0x00, 0x00, 0x00,
  0x00, 0x00, 0x00, 0x00, 0x00, 0x00, 0x00, 0x00, 0x00, 0x00, 0x00, 0x00, 0x00, 0x00, 0x00, 0x00,
  0x00, 0x00, 0x00, 0x00, 0x00, 0x00, 0x00, 0x00, 0x00, 0x00, 0x00, 0x00, 0x00, 0x00, 0x00, 0x00,
  0x00, 0x00, 0x00, 0x00, 0x00, 0x00, 0x00, 0x00, 0x00, 0x00, 0x00, 0x00, 0x00, 0x00, 0x00, 0x00,
  0x00, 0x00, 0x00, 0x00, 0x00, 0x00, 0x00, 0x00, 0x00, 0x00, 0x00, 0x00, 0x00, 0x00, 0x00, 0x00,
  0x00, 0x00, 0x00, 0x00, 0x00, 0x00, 0x00, 0x00, 0x00, 0x00, 0x00, 0x00, 0x00, 0x00, 0x00, 0x00,
  0x00, 0x00, 0x00, 0x00, 0x00, 0x00, 0x00, 0x00, 0x00, 0x00, 0x00, 0x00, 0x00, 0x00, 0x00, 0x00,
  0x00, 0x00, 0x00, 0x00, 0x00, 0x00, 0x00, 0x00, 0x00, 0x00, 0x00, 0x00, 0x00, 0x00, 0x00, 0x00,
  0x00, 0x00, 0x00, 0x00, 0x00, 0x00, 0x00, 0x00, 0x00, 0x00, 0x00, 0x00, 0x00, 0x00, 0x00, 0x00,
  0x00, 0x00, 0x00, 0x00, 0x00, 0x00, 0x00, 0x00, 0x00, 0x00, 0x00, 0x00, 0x00, 0x00, 0x00, 0x00,
  0x00, 0x00, 0x00, 0x00, 0x61, 0x20, 0xa3, 0x40, 0x42, 0x38, 0xa3, 0x40, 0x24, 0x41, 0x65, 0x39,
  0x65, 0x31, 0xa5, 0x39, 0xc6, 0x39, 0xc6, 0x39, 0xe7, 0x41, 0xe7, 0x41, 0xc7, 0x41, 0xc7, 0x41,
  0xc7, 0x41, 0xc7, 0x41, 0xc7, 0x41, 0xc7, 0x41, 0xe7, 0x41, 0xe7, 0x49, 0x07, 0x4a, 0x08, 0x4a,
  0x28, 0x52, 0xa6, 0x41, 0x65, 0x39, 0xa6, 0x41, 0x08, 0x4a, 0xeb, 0x6a, 0x4c, 0x6b, 0x0b, 0x63,
  0xef, 0x7b, 0x8e, 0x73, 0x49, 0x52, 0xe7, 0x49, 0x49, 0x52, 0xaa, 0x5a, 0xeb, 0x62, 0x0c, 0x63,
  0xcb, 0x5a, 0xeb, 0x62, 0xeb, 0x62, 0xeb, 0x62, 0xeb, 0x62, 0xeb, 0x62, 0xeb, 0x62, 0xeb, 0x62,
  0xeb, 0x62, 0xeb, 0x62, 0xeb, 0x62, 0xeb, 0x5a, 0xeb, 0x5a, 0xcb, 0x5a, 0xcb, 0x62, 0xcb, 0x5a,
  0xea, 0x5a, 0x0b, 0x63, 0x48, 0x5a, 0x24, 0x41, 0x2c, 0x8b, 0xcf, 0xa3, 0xcf, 0x9b, 0x51, 0xac,
  0x54, 0xcd, 0x54, 0xc5, 0x54, 0xc5, 0x54, 0xc5, 0x54, 0xc5, 0x54, 0xc5, 0x54, 0xc5, 0x54, 0xc5,
  0x54, 0xc5, 0x54, 0xc5, 0x54, 0xc5, 0x54, 0xc5, 0x33, 0xbd, 0x32, 0xc5, 0x04, 0x62, 0x65, 0x72,
  0xd9, 0xff, 0x76, 0xff, 0x55, 0xff, 0xe9, 0x9b, 0xe0, 0x28, 0xe5, 0x41, 0x27, 0x52, 0x27, 0x4a,
  0xc5, 0x41, 0xa5, 0x41, 0x85, 0x39, 0x85, 0x41, 0x65, 0x41, 0x04, 0x39, 0x24, 0x41, 0xa7, 0x49,
  0xeb, 0x72, 0x28, 0x52, 0x66, 0x39, 0xa7, 0x41, 0xcb, 0x62, 0xcb, 0x62, 0xeb, 0x62, 0xeb, 0x62,
  0xeb, 0x62, 0xeb, 0x5a, 0xeb, 0x5a, 0xeb, 0x5a, 0x0b, 0x63, 0x0b, 0x5b, 0xaa, 0x52, 0x48, 0x4a,
  0x48, 0x4a, 0x28, 0x52, 0x29, 0x52, 0x45, 0x39, 0x29, 0x4a, 0xcb, 0x62, 0xeb, 0x62, 0xcb, 0x5a,
  0xca, 0x62, 0x89, 0x62, 0xa2, 0x20, 0xc2, 0x30, 0x00, 0x00, 0x00, 0x00, 0x00, 0x00, 0x00, 0x00,
  0x00, 0x00, 0x00, 0x00, 0x00, 0x00, 0x00, 0x00, 0x00, 0x00, 0x00, 0x00, 0x00, 0x00, 0x00, 0x00,
  0x00, 0x00, 0x00, 0x00, 0x00, 0x00, 0x00, 0x00, 0x00, 0x00, 0x00, 0x00, 0x00, 0x00, 0x00, 0x00,
  0x00, 0x00, 0x00, 0x00, 0x00, 0x00, 0x00, 0x00, 0x00, 0x00, 0x00, 0x00, 0x00, 0x00, 0x00, 0x00,
  0x00, 0x00, 0x00, 0x00, 0x00, 0x00, 0x00, 0x00, 0x00, 0x00, 0x00, 0x00, 0x00, 0x00, 0x00, 0x00,
  0x00, 0x00, 0x00, 0x00, 0x00, 0x00, 0x00, 0x00, 0x00, 0x00, 0x00, 0x00, 0x00, 0x00, 0x00, 0x00,
  0x00, 0x00, 0x00, 0x00, 0x00, 0x00, 0x00, 0x00, 0x00, 0x00, 0x00, 0x00, 0x00, 0x00, 0x00, 0x00,
  0x00, 0x00, 0x00, 0x00, 0x00, 0x00, 0x00, 0x00, 0x00, 0x00, 0x00, 0x00, 0x00, 0x00, 0x00, 0x00,
  0x00, 0x00, 0x00, 0x00, 0x00, 0x00, 0x00, 0x00, 0x00, 0x00, 0x00, 0x00, 0x00, 0x00, 0x00, 0x00,
  0x00, 0x00, 0x00, 0x00, 0x00, 0x00, 0x00, 0x00, 0x00, 0x00, 0x00, 0x00, 0x00, 0x00, 0x00, 0x00,
  0x00, 0x00, 0x00, 0x00, 0x00, 0x00, 0x00, 0x00, 0x00, 0x00, 0x00, 0x00, 0x00, 0x00, 0x00, 0x00,
  0x00, 0x00, 0x00, 0x00, 0x00, 0x00, 0x00, 0x00, 0x00, 0x00, 0x00, 0x00, 0x00, 0x00, 0x00, 0x00,
  0x00, 0x00, 0x00, 0x00, 0x00, 0x00, 0x00, 0x00, 0x00, 0x00, 0x00, 0x00, 0x00, 0x00, 0x00, 0x00,
  0x00, 0x00, 0x00, 0x00, 0x00, 0x00, 0x00, 0x00, 0x00, 0x00, 0x00, 0x00, 0x00, 0x00, 0x00, 0x00,
  0x00, 0x00, 0x00, 0x00, 0x00, 0x00, 0x00, 0x00, 0x00, 0x00, 0x00, 0x00, 0x00, 0x00, 0x00, 0x00,
  0x00, 0x00, 0x00, 0x00, 0x00, 0x00, 0x00, 0x00, 0x00, 0x00, 0x00, 0x00, 0x00, 0x00, 0x00, 0x00,
  0x00, 0x00, 0x00, 0x00, 0x00, 0x00, 0x00, 0x00, 0x00, 0x00, 0x41, 0x18, 0xa2, 0x38, 0xc3, 0x38,
  0x45, 0x41, 0xa7, 0x49, 0xa7, 0x41, 0x45, 0x31, 0x66, 0x39, 0x86, 0x39, 0xa7, 0x39, 0xc7, 0x41,
  0xc7, 0x41, 0xc7, 0x41, 0xc7, 0x41, 0xc8, 0x41, 0xc8, 0x41, 0xc8, 0x41, 0xc8, 0x41, 0xc7, 0x41,
  0xe7, 0x49, 0xe7, 0x41, 0xc6, 0x41, 0xc6, 0x41, 0x86, 0x41, 0x24, 0x31, 0xa6, 0x41, 0xca, 0x62,
  0xce, 0x83, 0x30, 0x84, 0x89, 0x52, 0xae, 0x7b, 0x30, 0x8c, 0xeb, 0x62, 0xe7, 0x41, 0x89, 0x52,
  0xcb, 0x5a, 0xeb, 0x62, 0xcb, 0x62, 0xcb, 0x62, 0xcb, 0x5a, 0xcb, 0x5a, 0xcb, 0x5a, 0xeb, 0x62,
  0xeb, 0x62, 0xeb, 0x62, 0xeb, 0x62, 0xeb, 0x62, 0xeb, 0x62, 0xeb, 0x62, 0xeb, 0x62, 0xeb, 0x62,
  0xeb, 0x62, 0xeb, 0x62, 0xcb, 0x62, 0xcb, 0x5a, 0x0b, 0x63, 0xea, 0x62, 0x28, 0x5a, 0x45, 0x41,
  0x8e, 0x93, 0xae, 0x9b, 0xae, 0x9b, 0xd2, 0xbc, 0x54, 0xcd, 0x54, 0xc5, 0x54, 0xc5, 0x54, 0xc5,
  0x54, 0xc5, 0x54, 0xc5, 0x54, 0xc5, 0x54, 0xc5, 0x54, 0xc5, 0x54, 0xc5, 0x54, 0xc5, 0x54, 0xc5,
  0x74, 0xbd, 0x94, 0xc5, 0xcd, 0x9b, 0x82, 0x51, 0x4a, 0xa4, 0xd2, 0xf6, 0x6c, 0xd5, 0x6e, 0xd5,
  0x65, 0x62, 0x22, 0x31, 0x43, 0x39, 0xa4, 0x41, 0x84, 0x41, 0x84, 0x41, 0x64, 0x41, 0x64, 0x41,
  0xe3, 0x38, 0x66, 0x49, 0x6a, 0x6a, 0x4d, 0x83, 0x08, 0x52, 0x28, 0x52, 0x28, 0x52, 0xa6, 0x39,
  0xcb, 0x62, 0xcb, 0x62, 0xeb, 0x62, 0xeb, 0x62, 0xeb, 0x5a, 0xeb, 0x5a, 0xeb, 0x5a, 0xeb, 0x5a,
  0x2b, 0x63, 0x0b, 0x63, 0xaa, 0x52, 0x48, 0x4a, 0x48, 0x4a, 0x28, 0x52, 0x29, 0x52, 0x45, 0x39,
  0xe8, 0x49, 0xaa, 0x5a, 0xeb, 0x62, 0xeb, 0x5a, 0x0b, 0x63, 0xca, 0x62, 0xe7, 0x49, 0xe2, 0x30,
  0x41, 0x18, 0x00, 0x00, 0x00, 0x00, 0x00, 0x00, 0x00, 0x00, 0x00, 0x00, 0x00, 0x00, 0x00, 0x00,
  0x00, 0x00, 0x00, 0x00, 0x00, 0x00, 0x00, 0x00, 0x00, 0x00, 0x00, 0x00, 0x00, 0x00, 0x00, 0x00,
  0x00, 0x00, 0x00, 0x00, 0x00, 0x00, 0x00, 0x00, 0x00, 0x00, 0x00, 0x00, 0x00, 0x00, 0x00, 0x00,
  0x00, 0x00, 0x00, 0x00, 0x00, 0x00, 0x00, 0x00, 0x00, 0x00, 0x00, 0x00, 0x00, 0x00, 0x00, 0x00,
  0x00, 0x00, 0x00, 0x00, 0x00, 0x00, 0x00, 0x00, 0x00, 0x00, 0x00, 0x00, 0x00, 0x00, 0x00, 0x00,
  0x00, 0x00, 0x00, 0x00, 0x00, 0x00, 0x00, 0x00, 0x00, 0x00, 0x00, 0x00, 0x00, 0x00, 0x00, 0x00,
  0x00, 0x00, 0x00, 0x00, 0x00, 0x00, 0x00, 0x00, 0x00, 0x00, 0x00, 0x00, 0x00, 0x00, 0x00, 0x00,
  0x00, 0x00, 0x00, 0x00, 0x00, 0x00, 0x00, 0x00, 0x00, 0x00, 0x00, 0x00, 0x00, 0x00, 0x00, 0x00,
  0x00, 0x00, 0x00, 0x00, 0x00, 0x00, 0x00, 0x00, 0x00, 0x00, 0x00, 0x00, 0x00, 0x00, 0x00, 0x00,
  0x00, 0x00, 0x00, 0x00, 0x00, 0x00, 0x00, 0x00, 0x00, 0x00, 0x00, 0x00, 0x00, 0x00, 0x00, 0x00,
  0x00, 0x00, 0x00, 0x00, 0x00, 0x00, 0x00, 0x00, 0x00, 0x00, 0x00, 0x00, 0x00, 0x00, 0x00, 0x00,
  0x00, 0x00, 0x00, 0x00, 0x00, 0x00, 0x00, 0x00, 0x00, 0x00, 0x00, 0x00, 0x00, 0x00, 0x00, 0x00,
  0x00, 0x00, 0x00, 0x00, 0x00, 0x00, 0x00, 0x00, 0x00, 0x00, 0x00, 0x00, 0x00, 0x00, 0x00, 0x00,
  0x00, 0x00, 0x00, 0x00, 0x00, 0x00, 0x00, 0x00, 0x00, 0x00, 0x00, 0x00, 0x00, 0x00, 0x00, 0x00,
  0x00, 0x00, 0x00, 0x00, 0x00, 0x00, 0x00, 0x00, 0x00, 0x00, 0x00, 0x00, 0x00, 0x00, 0x00, 0x00,
  0x00, 0x00, 0x00, 0x00, 0x00, 0x00, 0x00, 0x00, 0x00, 0x00, 0x00, 0x00, 0x00, 0x00, 0x00, 0x00,
  0x41, 0x18, 0xa3, 0x38, 0xc3, 0x38, 0xc3, 0x30, 0x66, 0x39, 0x86, 0x31, 0x66, 0x31, 0x46, 0x31,
  0x46, 0x31, 0x86, 0x39, 0xa7, 0x41, 0xc7, 0x41, 0xc8, 0x41, 0xc8, 0x41, 0xc8, 0x41, 0xc8, 0x41,
  0xc8, 0x41, 0xc8, 0x41, 0xc8, 0x41, 0xc7, 0x41, 0xe7, 0x49, 0xc6, 0x41, 0xa6, 0x41, 0x85, 0x39,
  0xc7, 0x41, 0x4c, 0x73, 0xef, 0x8b, 0x8d, 0x7b, 0xce, 0x7b, 0x4c, 0x6b, 0x69, 0x52, 0x71, 0x94,
  0x30, 0x8c, 0x08, 0x4a, 0x69, 0x52, 0x2c, 0x6b, 0x2c, 0x63, 0x0c, 0x63, 0xeb, 0x62, 0xcb, 0x5a,
  0xaa, 0x52, 0xaa, 0x5a, 0xaa, 0x5a, 0xcb, 0x62, 0xcb, 0x62, 0xeb, 0x62, 0xeb, 0x62, 0xeb, 0x62,
  0xeb, 0x62, 0xeb, 0x62, 0xeb, 0x62, 0xeb, 0x62, 0xeb, 0x62, 0xeb, 0x5a, 0xcb, 0x62, 0xca, 0x62,
  0x0b, 0x63, 0xca, 0x62, 0x07, 0x52, 0x45, 0x49, 0xce, 0x9b, 0x8d, 0x93, 0x8d, 0x93, 0x13, 0xc5,
  0x54, 0xcd, 0x54, 0xc5, 0x54, 0xc5, 0x54, 0xc5, 0x54, 0xc5, 0x54, 0xc5, 0x54, 0xc5, 0x54, 0xc5,
  0x54, 0xc5, 0x54, 0xc5, 0x54, 0xc5, 0x55, 0xbd, 0x75, 0xbd, 0xf7, 0xcd, 0xd6, 0xd5, 0x46, 0x6a,
  0x88, 0x8b, 0x2c, 0xc5, 0x6d, 0xd5, 0x8e, 0xd5, 0x69, 0x8b, 0x42, 0x41, 0xa4, 0x49, 0x84, 0x49,
  0x63, 0x49, 0x63, 0x49, 0x63, 0x49, 0x44, 0x49, 0xa6, 0x59, 0x49, 0x6a, 0x49, 0x6a, 0xc7, 0x51,
  0x6a, 0x6a, 0x08, 0x5a, 0xe7, 0x51, 0x24, 0x31, 0xcb, 0x62, 0xcb, 0x62, 0xcb, 0x62, 0xeb, 0x62,
  0xeb, 0x5a, 0xeb, 0x5a, 0xeb, 0x5a, 0xeb, 0x5a, 0x2b, 0x63, 0x0b, 0x63, 0xaa, 0x52, 0x48, 0x4a,
  0x48, 0x4a, 0x28, 0x52, 0x29, 0x52, 0x45, 0x39, 0xa7, 0x41, 0x6a, 0x5a, 0xcb, 0x5a, 0xeb, 0x62,
  0xaa, 0x5a, 0xca, 0x62, 0xea, 0x62, 0x65, 0x41, 0xe2, 0x38, 0x00, 0x00, 0x00, 0x00, 0x00, 0x00,
  0x00, 0x00, 0x00, 0x00, 0x00, 0x00, 0x00, 0x00, 0x00, 0x00, 0x00, 0x00, 0x00, 0x00, 0x00, 0x00,
  0x00, 0x00, 0x00, 0x00, 0x00, 0x00, 0x00, 0x00, 0x00, 0x00, 0x00, 0x00, 0x00, 0x00, 0x00, 0x00,
  0x00, 0x00, 0x00, 0x00, 0x00, 0x00, 0x00, 0x00, 0x00, 0x00, 0x00, 0x00, 0x00, 0x00, 0x00, 0x00,
  0x00, 0x00, 0x00, 0x00, 0x00, 0x00, 0x00, 0x00, 0x00, 0x00, 0x00, 0x00, 0x00, 0x00, 0x00, 0x00,
  0x00, 0x00, 0x00, 0x00, 0x00, 0x00, 0x00, 0x00, 0x00, 0x00, 0x00, 0x00, 0x00, 0x00, 0x00, 0x00,
  0x00, 0x00, 0x00, 0x00, 0x00, 0x00, 0x00, 0x00, 0x00, 0x00, 0x00, 0x00, 0x00, 0x00, 0x00, 0x00,
  0x00, 0x00, 0x00, 0x00, 0x00, 0x00, 0x00, 0x00, 0x00, 0x00, 0x00, 0x00, 0x00, 0x00, 0x00, 0x00,
  0x00, 0x00, 0x00, 0x00, 0x00, 0x00, 0x00, 0x00, 0x00, 0x00, 0x00, 0x00, 0x00, 0x00, 0x00, 0x00,
  0x00, 0x00, 0x00, 0x00, 0x00, 0x00, 0x00, 0x00, 0x00, 0x00, 0x00, 0x00, 0x00, 0x00, 0x00, 0x00,
  0x00, 0x00, 0x00, 0x00, 0x00, 0x00, 0x00, 0x00, 0x00, 0x00, 0x00, 0x00, 0x00, 0x00, 0x00, 0x00,
  0x00, 0x00, 0x00, 0x00, 0x00, 0x00, 0x00, 0x00, 0x00, 0x00, 0x00, 0x00, 0x00, 0x00, 0x00, 0x00,
  0x00, 0x00, 0x00, 0x00, 0x00, 0x00, 0x00, 0x00, 0x00, 0x00, 0x00, 0x00, 0x00, 0x00, 0x00, 0x00,
  0x00, 0x00, 0x00, 0x00, 0x00, 0x00, 0x00, 0x00, 0x00, 0x00, 0x00, 0x00, 0x00, 0x00, 0x00, 0x00,
  0x00, 0x00, 0x00, 0x00, 0x00, 0x00, 0x00, 0x00, 0x00, 0x00, 0x00, 0x00, 0x00, 0x00, 0x00, 0x00,
  0x00, 0x00, 0x00, 0x00, 0x00, 0x00, 0x00, 0x00, 0x00, 0x00, 0x00, 0x00, 0x00, 0x00, 0x00, 0x00,
  0x00, 0x00, 0x00, 0x00, 0x00, 0x00, 0x00, 0x00, 0xa3, 0x40, 0xc3, 0x38, 0xe3, 0x38, 0x45, 0x39,
  0x65, 0x31, 0x66, 0x31, 0x66, 0x31, 0x66, 0x31, 0x46, 0x31, 0x86, 0x39, 0xc8, 0x41, 0x09, 0x4a,
  0x66, 0x39, 0xa7, 0x39, 0xc8, 0x41, 0xe8, 0x49, 0x09, 0x4a, 0xa7, 0x41, 0xe8, 0x49, 0x08, 0x4a,
  0x65, 0x31, 0x23, 0x29, 0x85, 0x39, 0xa9, 0x5a, 0xee, 0x83, 0xee, 0x83, 0xef, 0x83, 0xef, 0x83,
  0xce, 0x7b, 0xeb, 0x62, 0x69, 0x52, 0xae, 0x7b, 0xca, 0x5a, 0x48, 0x4a, 0xaa, 0x5a, 0x2c, 0x6b,
  0xeb, 0x5a, 0xcb, 0x5a, 0xaa, 0x5a, 0x8a, 0x5a, 0x28, 0x4a, 0xc7, 0x41, 0x87, 0x49, 0xcb, 0x6a,
  0xcb, 0x62, 0xeb, 0x5a, 0xeb, 0x5a, 0xeb, 0x5a, 0xeb, 0x62, 0xeb, 0x62, 0xeb, 0x62, 0xeb, 0x62,
  0x0b, 0x5b, 0xeb, 0x62, 0xcb, 0x62, 0xca, 0x5a, 0xea, 0x62, 0xca, 0x62, 0xa6, 0x51, 0x85, 0x51,
  0xae, 0x9b, 0x6d, 0x93, 0x6c, 0x8b, 0xd2, 0xbc, 0x95, 0xd5, 0x33, 0xc5, 0x54, 0xc5, 0xf3, 0xbc,
  0x95, 0xcd, 0x13, 0xbd, 0x54, 0xc5, 0x13, 0xbd, 0x54, 0xc5, 0x54, 0xc5, 0x54, 0xc5, 0x34, 0xbd,
  0x35, 0xbd, 0x15, 0xbd, 0x14, 0xbd, 0x13, 0xbd, 0xc3, 0x51, 0x64, 0x6a, 0x0a, 0x9c, 0x0b, 0xa4,
  0x8b, 0x93, 0x2a, 0x83, 0x47, 0x62, 0x43, 0x41, 0x43, 0x49, 0x43, 0x49, 0x23, 0x41, 0xe2, 0x38,
  0xc6, 0x59, 0x8a, 0x7a, 0xaa, 0x7a, 0x45, 0x49, 0x86, 0x51, 0x86, 0x51, 0x65, 0x51, 0x45, 0x41,
  0x49, 0x5a, 0xcb, 0x62, 0xcb, 0x62, 0xeb, 0x62, 0xeb, 0x5a, 0xeb, 0x5a, 0xeb, 0x5a, 0xeb, 0x5a,
  0xeb, 0x62, 0xca, 0x5a, 0x69, 0x52, 0x28, 0x4a, 0x28, 0x4a, 0x28, 0x52, 0xe7, 0x51, 0xe4, 0x30,
  0xe7, 0x49, 0x6a, 0x5a, 0xcb, 0x62, 0xeb, 0x62, 0xca, 0x5a, 0xca, 0x5a, 0xca, 0x5a, 0xca, 0x62,
  0x03, 0x39, 0xe2, 0x40, 0x00, 0x00, 0x00, 0x00, 0x00, 0x00, 0x00, 0x00, 0x00, 0x00, 0x00, 0x00,
  0x00, 0x00, 0x00, 0x00, 0x00, 0x00, 0x00, 0x00, 0x00, 0x00, 0x00, 0x00, 0x00, 0x00, 0x00, 0x00,
  0x00, 0x00, 0x00, 0x00, 0x00, 0x00, 0x00, 0x00, 0x00, 0x00, 0x00, 0x00, 0x00, 0x00, 0x00, 0x00,
  0x00, 0x00, 0x00, 0x00, 0x00, 0x00, 0x00, 0x00, 0x00, 0x00, 0x00, 0x00, 0x00, 0x00, 0x00, 0x00,
  0x00, 0x00, 0x00, 0x00, 0x00, 0x00, 0x00, 0x00, 0x00, 0x00, 0x00, 0x00, 0x00, 0x00, 0x00, 0x00,
  0x00, 0x00, 0x00, 0x00, 0x00, 0x00, 0x00, 0x00, 0x00, 0x00, 0x00, 0x00, 0x00, 0x00, 0x00, 0x00,
  0x00, 0x00, 0x00, 0x00, 0x00, 0x00, 0x00, 0x00, 0x00, 0x00, 0x00, 0x00, 0x00, 0x00, 0x00, 0x00,
  0x00, 0x00, 0x00, 0x00, 0x00, 0x00, 0x00, 0x00, 0x00, 0x00, 0x00, 0x00, 0x00, 0x00, 0x00, 0x00,
  0x00, 0x00, 0x00, 0x00, 0x00, 0x00, 0x00, 0x00, 0x00, 0x00, 0x00, 0x00, 0x00, 0x00, 0x00, 0x00,
  0x00, 0x00, 0x00, 0x00, 0x00, 0x00, 0x00, 0x00, 0x00, 0x00, 0x00, 0x00, 0x00, 0x00, 0x00, 0x00,
  0x00, 0x00, 0x00, 0x00, 0x00, 0x00, 0x00, 0x00, 0x00, 0x00, 0x00, 0x00, 0x00, 0x00, 0x00, 0x00,
  0x00, 0x00, 0x00, 0x00, 0x00, 0x00, 0x00, 0x00, 0x00, 0x00, 0x00, 0x00, 0x00, 0x00, 0x00, 0x00,
  0x00, 0x00, 0x00, 0x00, 0x00, 0x00, 0x00, 0x00, 0x00, 0x00, 0x00, 0x00, 0x00, 0x00, 0x00, 0x00,
  0x00, 0x00, 0x00, 0x00, 0x00, 0x00, 0x00, 0x00, 0x00, 0x00, 0x00, 0x00, 0x00, 0x00, 0x00, 0x00,
  0x00, 0x00, 0x00, 0x00, 0x00, 0x00, 0x00, 0x00, 0x00, 0x00, 0x00, 0x00, 0x00, 0x00, 0x00, 0x00,
  0x00, 0x00, 0x00, 0x00, 0x00, 0x00, 0x00, 0x00, 0x00, 0x00, 0x00, 0x00, 0x41, 0x20, 0xc3, 0x40,
  0xa3, 0x38, 0xe3, 0x38, 0x44, 0x39, 0x65, 0x39, 0x65, 0x31, 0x85, 0x31, 0x66, 0x31, 0x66, 0x31,
  0x66, 0x31, 0xa7, 0x39, 0xc8, 0x41, 0xe8, 0x49, 0xe8, 0x41, 0xe8, 0x49, 0x09, 0x4a, 0x09, 0x4a,
  0x09, 0x4a, 0x09, 0x4a, 0x25, 0x31, 0x45, 0x31, 0xa6, 0x39, 0x88, 0x52, 0x4c, 0x73, 0xce, 0x7b,
  0xee, 0x83, 0xee, 0x83, 0xef, 0x83, 0xef, 0x83, 0xee, 0x83, 0x48, 0x4a, 0x28, 0x4a, 0xca, 0x5a,
  0x89, 0x52, 0xca, 0x62, 0xeb, 0x62, 0xeb, 0x62, 0xaa, 0x5a, 0xaa, 0x5a, 0x69, 0x52, 0x69, 0x52,
  0x48, 0x4a, 0xc7, 0x41, 0x66, 0x41, 0x6a, 0x6a, 0xcb, 0x62, 0xeb, 0x5a, 0xeb, 0x5a, 0xeb, 0x5a,
  0xeb, 0x62, 0xeb, 0x62, 0xeb, 0x62, 0xeb, 0x62, 0x0b, 0x5b, 0xeb, 0x62, 0xcb, 0x62, 0xaa, 0x5a,
  0xca, 0x5a, 0xa9, 0x5a, 0x65, 0x49, 0xa6, 0x59, 0xae, 0x9b, 0x8d, 0x93, 0x8d, 0x93, 0x33, 0xc5,
  0x13, 0xbd, 0xf3, 0xbc, 0x54, 0xc5, 0x13, 0xbd, 0x54, 0xc5, 0xd6, 0xd5, 0xf3, 0xb4, 0x2f, 0x9c,
  0x71, 0xa4, 0x14, 0xbd, 0x75, 0xc5, 0x14, 0xbd, 0x15, 0xbd, 0x15, 0xbd, 0x14, 0xbd, 0x13, 0xbd,
  0xd1, 0xb4, 0x01, 0x39, 0x86, 0x6a, 0x66, 0x62, 0x4a, 0x83, 0x2a, 0x83, 0x4b, 0x8b, 0x4b, 0x8b,
  0xe6, 0x61, 0x23, 0x49, 0x07, 0x62, 0x07, 0x62, 0x03, 0x49, 0xc2, 0x38, 0xc2, 0x40, 0xe2, 0x40,
  0x03, 0x49, 0x44, 0x51, 0x24, 0x51, 0xe3, 0x38, 0x49, 0x5a, 0xcb, 0x62, 0xcb, 0x62, 0xeb, 0x62,
  0xeb, 0x5a, 0xeb, 0x5a, 0xeb, 0x5a, 0xeb, 0x5a, 0xcb, 0x62, 0xca, 0x62, 0x69, 0x52, 0x28, 0x4a,
  0x28, 0x4a, 0x08, 0x52, 0xe7, 0x51, 0xe4, 0x30, 0xc7, 0x49, 0x6a, 0x5a, 0xcb, 0x62, 0xcb, 0x62,
  0xca, 0x5a, 0xca, 0x5a, 0xea, 0x5a, 0xea, 0x5a, 0xc5, 0x41, 0x64, 0x41, 0x03, 0x49, 0x00, 0x00,
  0x00, 0x08, 0x00, 0x00, 0x00, 0x00, 0x00, 0x00, 0x00, 0x00, 0x00, 0x00, 0x00, 0x00, 0x00, 0x00,
  0x00, 0x00, 0x00, 0x00, 0x00, 0x00, 0x00, 0x00, 0x00, 0x00, 0x00, 0x00, 0x00, 0x00, 0x00, 0x00,
  0x00, 0x00, 0x00, 0x00, 0x00, 0x00, 0x00, 0x00, 0x00, 0x00, 0x00, 0x00, 0x00, 0x00, 0x00, 0x00,
  0x00, 0x00, 0x00, 0x00, 0x00, 0x00, 0x00, 0x00, 0x00, 0x00, 0x00, 0x00, 0x00, 0x00, 0x00, 0x00,
  0x00, 0x00, 0x00, 0x00, 0x00, 0x00, 0x00, 0x00, 0x00, 0x00, 0x00, 0x00, 0x00, 0x00, 0x00, 0x00,
  0x00, 0x00, 0x00, 0x00, 0x00, 0x00, 0x00, 0x00, 0x00, 0x00, 0x00, 0x00, 0x00, 0x00, 0x00, 0x00,
  0x00, 0x00, 0x00, 0x00, 0x00, 0x00, 0x00, 0x00, 0x00, 0x00, 0x00, 0x00, 0x00, 0x00, 0x00, 0x00,
  0x00, 0x00, 0x00, 0x00, 0x00, 0x00, 0x00, 0x00, 0x00, 0x00, 0x00, 0x00, 0x00, 0x00, 0x00, 0x00,
  0x00, 0x00, 0x00, 0x00, 0x00, 0x00, 0x00, 0x00, 0x00, 0x00, 0x00, 0x00, 0x00, 0x00, 0x00, 0x00,
  0x00, 0x00, 0x00, 0x00, 0x00, 0x00, 0x00, 0x00, 0x00, 0x00, 0x00, 0x00, 0x00, 0x00, 0x00, 0x00,
  0x00, 0x00, 0x00, 0x00, 0x00, 0x00, 0x00, 0x00, 0x00, 0x00, 0x00, 0x00, 0x00, 0x00, 0x00, 0x00,
  0x00, 0x00, 0x00, 0x00, 0x00, 0x00, 0x00, 0x00, 0x00, 0x00, 0x00, 0x00, 0x00, 0x00, 0x00, 0x00,
  0x00, 0x00, 0x00, 0x00, 0x00, 0x00, 0x00, 0x00, 0x00, 0x00, 0x00, 0x00, 0x00, 0x00, 0x00, 0x00,
  0x00, 0x00, 0x00, 0x00, 0x00, 0x00, 0x00, 0x00, 0x00, 0x00, 0x00, 0x00, 0x00, 0x00, 0x00, 0x00,
  0x00, 0x00, 0x00, 0x00, 0x00, 0x00, 0x00, 0x00, 0x00, 0x00, 0x00, 0x00, 0x00, 0x00, 0x00, 0x00,
  0x00, 0x00, 0x82, 0x38, 0xc3, 0x40, 0xc3, 0x40, 0xe3, 0x38, 0x24, 0x41, 0x65, 0x41, 0x65, 0x39,
  0x65, 0x31, 0x85, 0x31, 0x66, 0x31, 0x86, 0x31, 0xa6, 0x39, 0xa7, 0x39, 0xc7, 0x41, 0xc7, 0x41,
  0x08, 0x4a, 0x08, 0x4a, 0xe8, 0x49, 0xe8, 0x41, 0x66, 0x39, 0xc4, 0x20, 0x46, 0x39, 0xa6, 0x39,
  0x4c, 0x6b, 0xee, 0x83, 0x2f, 0x8c, 0xee, 0x83, 0xee, 0x83, 0xee, 0x83, 0xee, 0x83, 0xee, 0x83,
  0x8d, 0x73, 0x07, 0x42, 0xe7, 0x41, 0x69, 0x52, 0xca, 0x62, 0x0b, 0x6b, 0xeb, 0x62, 0xaa, 0x5a,
  0x69, 0x52, 0x49, 0x52, 0x28, 0x4a, 0x28, 0x4a, 0x49, 0x4a, 0xc7, 0x39, 0x25, 0x41, 0x29, 0x62,
  0xcb, 0x62, 0xeb, 0x62, 0xeb, 0x62, 0xeb, 0x62, 0xeb, 0x62, 0xeb, 0x62, 0xeb, 0x62, 0xeb, 0x62,
  0x0b, 0x63, 0xeb, 0x62, 0xcb, 0x62, 0xaa, 0x5a, 0xa9, 0x52, 0x89, 0x5a, 0x24, 0x41, 0xe7, 0x61,
  0xae, 0x9b, 0xad, 0x93, 0xee, 0x9b, 0x95, 0xcd, 0x74, 0xcd, 0x95, 0xcd, 0xd6, 0xd5, 0x33, 0xbd,
  0x71, 0xa4, 0x89, 0x6a, 0xe6, 0x51, 0x07, 0x5a, 0x71, 0xa4, 0x14, 0xbd, 0x75, 0xc5, 0x14, 0xbd,
  0x14, 0xbd, 0x34, 0xbd, 0x34, 0xbd, 0x13, 0xbd, 0xb0, 0xac, 0x6f, 0xa4, 0x42, 0x41, 0xc4, 0x51,
  0x67, 0x6a, 0x67, 0x6a, 0x67, 0x6a, 0x27, 0x62, 0x07, 0x62, 0x0b, 0x83, 0x95, 0xd5, 0xd6, 0xdd,
  0x0f, 0xac, 0xa6, 0x59, 0x48, 0x72, 0xeb, 0x82, 0x0c, 0x8b, 0x6d, 0x93, 0x0c, 0x8b, 0x29, 0x6a,
  0x49, 0x5a, 0xcb, 0x62, 0xeb, 0x62, 0xeb, 0x62, 0xeb, 0x62, 0xeb, 0x5a, 0x0b, 0x5b, 0xeb, 0x5a,
  0xcb, 0x62, 0xca, 0x62, 0x69, 0x52, 0x28, 0x4a, 0x28, 0x4a, 0x08, 0x52, 0xe7, 0x51, 0xe4, 0x30,
  0xc7, 0x49, 0x69, 0x5a, 0xcb, 0x62, 0xeb, 0x62, 0xea, 0x5a, 0xea, 0x5a, 0xea, 0x5a, 0xea, 0x5a,
  0x2b, 0x63, 0xc9, 0x62, 0x85, 0x51, 0x45, 0x51, 0x41, 0x18, 0x00, 0x00, 0x00, 0x00, 0x00, 0x00,
  0x00, 0x00, 0x00, 0x00, 0x00, 0x00, 0x00, 0x00, 0x00, 0x00, 0x00, 0x00, 0x00, 0x00, 0x00, 0x00,
  0x00, 0x00, 0x00, 0x00, 0x00, 0x00, 0x00, 0x00, 0x00, 0x00, 0x00, 0x00, 0x00, 0x00, 0x00, 0x00,
  0x00, 0x00, 0x00, 0x00, 0x00, 0x00, 0x00, 0x00, 0x00, 0x00, 0x00, 0x00, 0x00, 0x00, 0x00, 0x00,
  0x00, 0x00, 0x00, 0x00, 0x00, 0x00, 0x00, 0x00, 0x00, 0x00, 0x00, 0x00, 0x00, 0x00, 0x00, 0x00,
  0x00, 0x00, 0x00, 0x00, 0x00, 0x00, 0x00, 0x00, 0x00, 0x00, 0x00, 0x00, 0x00, 0x00, 0x00, 0x00,
  0x00, 0x00, 0x00, 0x00, 0x00, 0x00, 0x00, 0x00, 0x00, 0x00, 0x00, 0x00, 0x00, 0x00, 0x00, 0x00,
  0x00, 0x00, 0x00, 0x00, 0x00, 0x00, 0x00, 0x00, 0x00, 0x00, 0x00, 0x00, 0x00, 0x00, 0x00, 0x00,
  0x00, 0x00, 0x00, 0x00, 0x00, 0x00, 0x00, 0x00, 0x00, 0x00, 0x00, 0x00, 0x00, 0x00, 0x00, 0x00,
  0x00, 0x00, 0x00, 0x00, 0x00, 0x00, 0x00, 0x00, 0x00, 0x00, 0x00, 0x00, 0x00, 0x00, 0x00, 0x00,
  0x00, 0x00, 0x00, 0x00, 0x00, 0x00, 0x00, 0x00, 0x00, 0x00, 0x00, 0x00, 0x00, 0x00, 0x00, 0x00,
  0x00, 0x00, 0x00, 0x00, 0x00, 0x00, 0x00, 0x00, 0x00, 0x00, 0x00, 0x00, 0x00, 0x00, 0x00, 0x00,
  0x00, 0x00, 0x00, 0x00, 0x00, 0x00, 0x00, 0x00, 0x00, 0x00, 0x00, 0x00, 0x00, 0x00, 0x00, 0x00,
  0x00, 0x00, 0x00, 0x00, 0x00, 0x00, 0x00, 0x00, 0x00, 0x00, 0x00, 0x00, 0x00, 0x00, 0x00, 0x00,
  0x00, 0x00, 0x00, 0x00, 0x00, 0x00, 0x00, 0x00, 0x00, 0x00, 0x00, 0x00, 0x00, 0x00, 0x00, 0x00,
  0x00, 0x00, 0x00, 0x00, 0x00, 0x00, 0x00, 0x00, 0x82, 0x28, 0xc3, 0x38, 0xe3, 0x38, 0xe4, 0x38,
  0x24, 0x41, 0x65, 0x41, 0x65, 0x39, 0x45, 0x31, 0x65, 0x31, 0x85, 0x31, 0x66, 0x31, 0x66, 0x31,
  0xc7, 0x41, 0xc7, 0x39, 0xa7, 0x39, 0xa7, 0x39, 0x08, 0x42, 0xe7, 0x41, 0xa6, 0x39, 0x86, 0x39,
  0x65, 0x39, 0x69, 0x5a, 0x6a, 0x5a, 0x08, 0x4a, 0x6c, 0x73, 0xcd, 0x7b, 0x2f, 0x84, 0x4f, 0x8c,
  0xee, 0x83, 0xee, 0x83, 0xee, 0x83, 0xee, 0x83, 0x2c, 0x6b, 0x48, 0x4a, 0xc6, 0x39, 0x0b, 0x63,
  0xcb, 0x62, 0x0c, 0x6b, 0xeb, 0x62, 0x8a, 0x5a, 0x49, 0x4a, 0x29, 0x4a, 0x08, 0x4a, 0xe7, 0x41,
  0x69, 0x4a, 0xc7, 0x39, 0x05, 0x39, 0x08, 0x5a, 0xcb, 0x62, 0xeb, 0x62, 0xeb, 0x62, 0xeb, 0x62,
  0xeb, 0x62, 0xeb, 0x62, 0xeb, 0x62, 0xeb, 0x62, 0x0b, 0x63, 0xeb, 0x62, 0xcb, 0x62, 0xaa, 0x5a,
  0x68, 0x52, 0x68, 0x52, 0xe3, 0x38, 0x07, 0x62, 0xce, 0x9b, 0xce, 0x9b, 0x0f, 0xa4, 0xd6, 0xdd,
  0xd6, 0xd5, 0x33, 0xc5, 0x0f, 0x9c, 0x28, 0x62, 0xa2, 0x28, 0x40, 0x20, 0xc6, 0x51, 0x91, 0xac,
  0x54, 0xc5, 0x34, 0xbd, 0x34, 0xc5, 0x34, 0xbd, 0x34, 0xbd, 0x34, 0xbd, 0x34, 0xbd, 0x33, 0xbd,
  0x74, 0xc5, 0x53, 0xc5, 0x52, 0xc5, 0xcc, 0x93, 0x26, 0x5a, 0x43, 0x41, 0x47, 0x62, 0x70, 0xac,
  0x54, 0xcd, 0x54, 0xcd, 0x74, 0xcd, 0xb5, 0xdd, 0x95, 0xd5, 0xd6, 0xdd, 0xf3, 0xc4, 0x4c, 0x8b,
  0x92, 0xbc, 0xb2, 0xbc, 0xcf, 0xa3, 0x6a, 0x72, 0x49, 0x62, 0xca, 0x62, 0xeb, 0x62, 0xeb, 0x62,
  0xeb, 0x62, 0xeb, 0x5a, 0x0b, 0x5b, 0xeb, 0x5a, 0xcb, 0x62, 0xca, 0x62, 0x69, 0x52, 0x28, 0x4a,
  0x28, 0x4a, 0x08, 0x52, 0xe7, 0x51, 0xe4, 0x30, 0xc7, 0x49, 0x69, 0x5a, 0xca, 0x62, 0xeb, 0x62,
  0xea, 0x5a, 0xea, 0x5a, 0xea, 0x5a, 0xea, 0x5a, 0xea, 0x5a, 0xca, 0x5a, 0xa9, 0x62, 0x45, 0x49,
  0x04, 0x49, 0x21, 0x18, 0x00, 0x00, 0x00, 0x00, 0x00, 0x00, 0x00, 0x00, 0x00, 0x00, 0x00, 0x00,
  0x00, 0x00, 0x00, 0x00, 0x00, 0x00, 0x00, 0x00, 0x00, 0x00, 0x00, 0x00, 0x00, 0x00, 0x00, 0x00,
  0x00, 0x00, 0x00, 0x00, 0x00, 0x00, 0x00, 0x00, 0x00, 0x00, 0x00, 0x00, 0x00, 0x00, 0x00, 0x00,
  0x00, 0x00, 0x00, 0x00, 0x00, 0x00, 0x00, 0x00, 0x00, 0x00, 0x00, 0x00, 0x00, 0x00, 0x00, 0x00,
  0x00, 0x00, 0x00, 0x00, 0x00, 0x00, 0x00, 0x00, 0x00, 0x00, 0x00, 0x00, 0x00, 0x00, 0x00, 0x00,
  0x00, 0x00, 0x00, 0x00, 0x00, 0x00, 0x00, 0x00, 0x00, 0x00, 0x00, 0x00, 0x00, 0x00, 0x00, 0x00,
  0x00, 0x00, 0x00, 0x00, 0x00, 0x00, 0x00, 0x00, 0x00, 0x00, 0x00, 0x00, 0x00, 0x00, 0x00, 0x00,
  0x00, 0x00, 0x00, 0x00, 0x00, 0x00, 0x00, 0x00, 0x00, 0x00, 0x00, 0x00, 0x00, 0x00, 0x00, 0x00,
  0x00, 0x00, 0x00, 0x00, 0x00, 0x00, 0x00, 0x00, 0x00, 0x00, 0x00, 0x00, 0x00, 0x00, 0x00, 0x00,
  0x00, 0x00, 0x00, 0x00, 0x00, 0x00, 0x00, 0x00, 0x00, 0x00, 0x00, 0x00, 0x00, 0x00, 0x00, 0x00,
  0x00, 0x00, 0x00, 0x00, 0x00, 0x00, 0x00, 0x00, 0x00, 0x00, 0x00, 0x00, 0x00, 0x00, 0x00, 0x00,
  0x00, 0x00, 0x00, 0x00, 0x00, 0x00, 0x00, 0x00, 0x00, 0x00, 0x00, 0x00, 0x00, 0x00, 0x00, 0x00,
  0x00, 0x00, 0x00, 0x00, 0x00, 0x00, 0x00, 0x00, 0x00, 0x00, 0x00, 0x00, 0x00, 0x00, 0x00, 0x00,
  0x00, 0x00, 0x00, 0x00, 0x00, 0x00, 0x00, 0x00, 0x00, 0x00, 0x00, 0x00, 0x00, 0x00, 0x00, 0x00,
  0x00, 0x00, 0x00, 0x00, 0x00, 0x00, 0x00, 0x00, 0x00, 0x00, 0x00, 0x00, 0x00, 0x00, 0x82, 0x20,
  0xe3, 0x38, 0xe3, 0x38, 0x04, 0x39, 0x24, 0x39, 0x44, 0x39, 0x44, 0x31, 0x44, 0x31, 0x45, 0x31,
  0xc7, 0x41, 0x85, 0x31, 0x45, 0x31, 0x65, 0x31, 0xa6, 0x39, 0xe7, 0x41, 0xe7, 0x49, 0xe7, 0x41,
  0x45, 0x31, 0x24, 0x29, 0x44, 0x31, 0x24, 0x29, 0x8a, 0x5a, 0x10, 0x8c, 0x6d, 0x73, 0xa6, 0x39,
  0xca, 0x5a, 0x70, 0x8c, 0xee, 0x7b, 0xee, 0x7b, 0xce, 0x7b, 0x2f, 0x8c, 0x0f, 0x84, 0x8d, 0x73,
  0x27, 0x4a, 0x07, 0x42, 0xa9, 0x5a, 0x0b, 0x63, 0xcb, 0x62, 0xeb, 0x62, 0xaa, 0x5a, 0x49, 0x52,
  0x28, 0x4a, 0x28, 0x4a, 0x28, 0x4a, 0x28, 0x4a, 0x89, 0x52, 0x08, 0x4a, 0xc4, 0x30, 0xa7, 0x51,
  0xcb, 0x62, 0xeb, 0x62, 0xeb, 0x62, 0xeb, 0x62, 0xeb, 0x5a, 0xeb, 0x5a, 0xeb, 0x5a, 0xeb, 0x62,
  0xeb, 0x5a, 0xaa, 0x5a, 0x69, 0x52, 0x48, 0x4a, 0x89, 0x52, 0x48, 0x52, 0x03, 0x39, 0xa6, 0x59,
  0x6d, 0x93, 0xce, 0x9b, 0xf2, 0xbc, 0x33, 0xc5, 0xea, 0x7a, 0x65, 0x49, 0xc2, 0x30, 0xe2, 0x38,
  0x27, 0x5a, 0x91, 0xac, 0x33, 0xbd, 0x54, 0xc5, 0x54, 0xc5, 0x54, 0xc5, 0x34, 0xbd, 0x55, 0xc5,
  0x54, 0xbd, 0x34, 0xbd, 0x54, 0xbd, 0x33, 0xbd, 0x53, 0xbd, 0x73, 0xc5, 0x94, 0xc5, 0xb4, 0xcd,
  0xb4, 0xcd, 0x74, 0xcd, 0x74, 0xcd, 0x75, 0xcd, 0x95, 0xcd, 0x34, 0xc5, 0x95, 0xd5, 0xb6, 0xd5,
  0x95, 0xd5, 0x95, 0xd5, 0x2c, 0x8b, 0x86, 0x59, 0xae, 0x9b, 0x75, 0xd5, 0xcf, 0x9b, 0x28, 0x62,
  0x66, 0x41, 0xaa, 0x62, 0xeb, 0x62, 0xeb, 0x62, 0xeb, 0x62, 0xeb, 0x5a, 0x0b, 0x5b, 0xeb, 0x5a,
  0xcb, 0x62, 0xca, 0x62, 0x69, 0x52, 0x28, 0x4a, 0x07, 0x42, 0x49, 0x5a, 0xe8, 0x51, 0x45, 0x41,
  0x08, 0x52, 0x08, 0x52, 0xaa, 0x62, 0xeb, 0x62, 0xea, 0x62, 0xea, 0x5a, 0xea, 0x5a, 0xea, 0x5a,
  0x0b, 0x63, 0x0b, 0x63, 0x0b, 0x63, 0xa9, 0x5a, 0x69, 0x62, 0xe3, 0x38, 0xa3, 0x40, 0x62, 0x28,
  0x20, 0x10, 0x00, 0x00, 0x00, 0x00, 0x00, 0x00, 0x00, 0x00, 0x00, 0x00, 0x00, 0x00, 0x00, 0x00,
  0x00, 0x00, 0x00, 0x00, 0x00, 0x00, 0x00, 0x00, 0x00, 0x00, 0x00, 0x00, 0x00, 0x00, 0x00, 0x00,
  0x00, 0x00, 0x00, 0x00, 0x00, 0x00, 0x00, 0x00, 0x00, 0x00, 0x00, 0x00, 0x00, 0x00, 0x00, 0x00,
  0x00, 0x00, 0x00, 0x00, 0x00, 0x00, 0x00, 0x00, 0x00, 0x00, 0x00, 0x00, 0x00, 0x00, 0x00, 0x00,
  0x00, 0x00, 0x00, 0x00, 0x00, 0x00, 0x00, 0x00, 0x00, 0x00, 0x00, 0x00, 0x00, 0x00, 0x00, 0x00,
  0x00, 0x00, 0x00, 0x00, 0x00, 0x00, 0x00, 0x00, 0x00, 0x00, 0x00, 0x00, 0x00, 0x00, 0x00, 0x00,
  0x00, 0x00, 0x00, 0x00, 0x00, 0x00, 0x00, 0x00, 0x00, 0x00, 0x00, 0x00, 0x00, 0x00, 0x00, 0x00,
  0x00, 0x00, 0x00, 0x00, 0x00, 0x00, 0x00, 0x00, 0x00, 0x00, 0x00, 0x00, 0x00, 0x00, 0x00, 0x00,
  0x00, 0x00, 0x00, 0x00, 0x00, 0x00, 0x00, 0x00, 0x00, 0x00, 0x00, 0x00, 0x00, 0x00, 0x00, 0x00,
  0x00, 0x00, 0x00, 0x00, 0x00, 0x00, 0x00, 0x00, 0x00, 0x00, 0x00, 0x00, 0x00, 0x00, 0x00, 0x00,
  0x00, 0x00, 0x00, 0x00, 0x00, 0x00, 0x00, 0x00, 0x00, 0x00, 0x00, 0x00, 0x00, 0x00, 0x00, 0x00,
  0x00, 0x00, 0x00, 0x00, 0x00, 0x00, 0x00, 0x00, 0x00, 0x00, 0x00, 0x00, 0x00, 0x00, 0x00, 0x00,
  0x00, 0x00, 0x00, 0x00, 0x00, 0x00, 0x00, 0x00, 0x00, 0x00, 0x00, 0x00, 0x00, 0x00, 0x00, 0x00,
  0x00, 0x00, 0x00, 0x00, 0x00, 0x00, 0x00, 0x00, 0x00, 0x00, 0x00, 0x00, 0x00, 0x00, 0x00, 0x00,
  0x00, 0x00, 0x00, 0x00, 0xa2, 0x30, 0xc3, 0x30, 0x03, 0x31, 0x23, 0x31, 0x44, 0x31, 0x65, 0x39,
  0x44, 0x31, 0x44, 0x31, 0x45, 0x31, 0x45, 0x31, 0xc6, 0x39, 0x65, 0x31, 0x45, 0x31, 0x86, 0x39,
  0xe7, 0x41, 0x08, 0x4a, 0xc7, 0x41, 0x65, 0x31, 0x44, 0x29, 0xc6, 0x39, 0xca, 0x62, 0x2c, 0x73,
  0xaa, 0x62, 0xae, 0x83, 0xee, 0x8b, 0x27, 0x52, 0xa9, 0x5a, 0x0e, 0x84, 0xee, 0x83, 0xee, 0x83,
  0xad, 0x7b, 0xce, 0x7b, 0x0f, 0x84, 0x2c, 0x6b, 0x07, 0x42, 0x89, 0x52, 0xeb, 0x62, 0x2b, 0x63,
  0xeb, 0x62, 0xca, 0x62, 0x89, 0x52, 0x48, 0x4a, 0x28, 0x4a, 0x28, 0x4a, 0x28, 0x4a, 0x28, 0x4a,
  0x69, 0x52, 0x28, 0x52, 0xe4, 0x38, 0x86, 0x49, 0xcb, 0x62, 0xeb, 0x62, 0xeb, 0x62, 0xeb, 0x62,
  0xeb, 0x5a, 0xeb, 0x5a, 0xeb, 0x5a, 0xeb, 0x5a, 0xca, 0x52, 0x8a, 0x52, 0x69, 0x52, 0x28, 0x52,
  0x48, 0x4a, 0xe7, 0x49, 0x24, 0x41, 0x89, 0x72, 0xd2, 0xbc, 0xee, 0x9b, 0x2b, 0x83, 0x07, 0x62,
  0xc2, 0x30, 0x60, 0x28, 0xe7, 0x59, 0x71, 0xac, 0x13, 0xbd, 0xf6, 0xd5, 0x74, 0xc5, 0x13, 0xbd,
  0x54, 0xc5, 0x54, 0xc5, 0x54, 0xc5, 0x54, 0xc5, 0x54, 0xc5, 0x54, 0xbd, 0x54, 0xbd, 0x54, 0xc5,
  0x54, 0xc5, 0x74, 0xc5, 0x94, 0xc5, 0x94, 0xc5, 0xf6, 0xd5, 0x54, 0xc5, 0x13, 0xbd, 0x54, 0xc5,
  0x34, 0xc5, 0x74, 0xc5, 0xf7, 0xd5, 0x95, 0xd5, 0x54, 0xcd, 0x0b, 0x83, 0x61, 0x30, 0x61, 0x30,
  0x10, 0xac, 0x75, 0xd5, 0xf0, 0xa3, 0x69, 0x6a, 0x66, 0x41, 0xaa, 0x62, 0xeb, 0x62, 0xeb, 0x62,
  0xeb, 0x62, 0xeb, 0x5a, 0x0b, 0x5b, 0xeb, 0x62, 0xcb, 0x62, 0xca, 0x62, 0x69, 0x52, 0x28, 0x4a,
  0x49, 0x52, 0xc7, 0x49, 0x45, 0x41, 0x25, 0x39, 0x08, 0x52, 0x08, 0x52, 0xaa, 0x62, 0xeb, 0x62,
  0xea, 0x62, 0xea, 0x5a, 0xea, 0x5a, 0xeb, 0x5a, 0x0b, 0x63, 0x0b, 0x63, 0x0b, 0x5b, 0x0b, 0x5b,
  0xea, 0x62, 0xaa, 0x62, 0x04, 0x41, 0xc3, 0x40, 0x04, 0x41, 0x82, 0x28, 0x41, 0x18, 0x00, 0x00,
  0x00, 0x00, 0x00, 0x00, 0x00, 0x00, 0x00, 0x00, 0x00, 0x00, 0x00, 0x00, 0x00, 0x00, 0x00, 0x00,
  0x00, 0x00, 0x00, 0x00, 0x00, 0x00, 0x00, 0x00, 0x00, 0x00, 0x00, 0x00, 0x00, 0x00, 0x00, 0x00,
  0x00, 0x00, 0x00, 0x00, 0x00, 0x00, 0x00, 0x00, 0x00, 0x00, 0x00, 0x00, 0x00, 0x00, 0x00, 0x00,
  0x00, 0x00, 0x00, 0x00, 0x00, 0x00, 0x00, 0x00, 0x00, 0x00, 0x00, 0x00, 0x00, 0x00, 0x00, 0x00,
  0x00, 0x00, 0x00, 0x00, 0x00, 0x00, 0x00, 0x00, 0x00, 0x00, 0x00, 0x00, 0x00, 0x00, 0x00, 0x00,
  0x00, 0x00, 0x00, 0x00, 0x00, 0x00, 0x00, 0x00, 0x00, 0x00, 0x00, 0x00, 0x00, 0x00, 0x00, 0x00,
  0x00, 0x00, 0x00, 0x00, 0x00, 0x00, 0x00, 0x00, 0x00, 0x00, 0x00, 0x00, 0x00, 0x00, 0x00, 0x00,
  0x00, 0x00, 0x00, 0x00, 0x00, 0x00, 0x00, 0x00, 0x00, 0x00, 0x00, 0x00, 0x00, 0x00, 0x00, 0x00,
  0x00, 0x00, 0x00, 0x00, 0x00, 0x00, 0x00, 0x00, 0x00, 0x00, 0x00, 0x00, 0x00, 0x00, 0x00, 0x00,
  0x00, 0x00, 0x00, 0x00, 0x00, 0x00, 0x00, 0x00, 0x00, 0x00, 0x00, 0x00, 0x00, 0x00, 0x00, 0x00,
  0x00, 0x00, 0x00, 0x00, 0x00, 0x00, 0x00, 0x00, 0x00, 0x00, 0x00, 0x00, 0x00, 0x00, 0x00, 0x00,
  0x00, 0x00, 0x00, 0x00, 0x00, 0x00, 0x00, 0x00, 0x00, 0x00, 0x00, 0x00, 0x00, 0x00, 0x00, 0x00,
  0x00, 0x00, 0x00, 0x00, 0x00, 0x00, 0x00, 0x00, 0x00, 0x00, 0x00, 0x00, 0x00, 0x00, 0x00, 0x00,
  0x00, 0x00, 0x00, 0x00, 0x00, 0x00, 0x00, 0x08, 0x21, 0x20, 0xa3, 0x48, 0xe3, 0x40, 0xe3, 0x30,
  0x23, 0x31, 0x64, 0x31, 0x85, 0x31, 0x64, 0x31, 0x64, 0x31, 0x44, 0x31, 0x45, 0x31, 0x45, 0x29,
  0x86, 0x31, 0x45, 0x29, 0x65, 0x31, 0xa6, 0x39, 0x07, 0x42, 0x85, 0x31, 0x24, 0x29, 0x44, 0x31,
  0xc6, 0x39, 0x4c, 0x6b, 0x50, 0x94, 0x2c, 0x73, 0x89, 0x62, 0x6c, 0x7b, 0x8d, 0x7b, 0x27, 0x4a,
  0x48, 0x52, 0xad, 0x7b, 0x0e, 0x84, 0xee, 0x7b, 0xee, 0x83, 0xce, 0x7b, 0x8d, 0x73, 0xa9, 0x52,
  0x68, 0x52, 0xca, 0x5a, 0x0b, 0x63, 0x0b, 0x63, 0xeb, 0x62, 0xaa, 0x5a, 0x49, 0x52, 0x08, 0x4a,
  0x28, 0x4a, 0x29, 0x4a, 0x28, 0x4a, 0x28, 0x4a, 0x49, 0x4a, 0x49, 0x52, 0x05, 0x41, 0x66, 0x49,
  0xcb, 0x62, 0x0c, 0x63, 0x0b, 0x63, 0x0b, 0x63, 0xeb, 0x5a, 0xeb, 0x5a, 0xeb, 0x5a, 0xeb, 0x5a,
  0x89, 0x4a, 0x69, 0x52, 0x49, 0x52, 0x48, 0x52, 0x27, 0x4a, 0xe6, 0x49, 0x03, 0x41, 0x69, 0x72,
  0xa9, 0x72, 0xe2, 0x38, 0xa1, 0x30, 0x23, 0x41, 0x07, 0x62, 0xce, 0x9b, 0x54, 0xc5, 0xd6, 0xd5,
  0x54, 0xc5, 0x74, 0xc5, 0x54, 0xc5, 0x74, 0xc5, 0x54, 0xc5, 0x34, 0xc5, 0x54, 0xc5, 0x54, 0xc5,
  0x54, 0xc5, 0x54, 0xc5, 0x54, 0xc5, 0x54, 0xc5, 0xd5, 0xd5, 0xd5, 0xcd, 0xb5, 0xcd, 0x95, 0xc5,
  0x74, 0xc5, 0x54, 0xbd, 0x34, 0xbd, 0x54, 0xbd, 0xb6, 0xcd, 0xf7, 0xd5, 0xd6, 0xcd, 0x71, 0xac,
  0x0b, 0x83, 0x61, 0x30, 0xa2, 0x38, 0xe7, 0x61, 0x92, 0xb4, 0x75, 0xd5, 0x51, 0xac, 0xcb, 0x7a,
  0x65, 0x41, 0xaa, 0x62, 0xeb, 0x62, 0xeb, 0x62, 0xeb, 0x62, 0x0b, 0x5b, 0x0b, 0x5b, 0xeb, 0x62,
  0xcb, 0x62, 0xca, 0x62, 0x69, 0x52, 0x28, 0x42, 0x49, 0x52, 0x49, 0x5a, 0x08, 0x5a, 0xe8, 0x51,
  0x08, 0x52, 0x08, 0x52, 0xaa, 0x62, 0x0b, 0x63, 0xeb, 0x62, 0xeb, 0x62, 0xeb, 0x5a, 0xeb, 0x5a,
  0xeb, 0x62, 0xeb, 0x62, 0xeb, 0x5a, 0xeb, 0x5a, 0xca, 0x52, 0xeb, 0x62, 0xaa, 0x62, 0x08, 0x52,
  0xe7, 0x59, 0x66, 0x51, 0xe4, 0x48, 0x61, 0x28, 0x82, 0x28, 0x61, 0x20, 0x41, 0x20, 0x00, 0x08,
  0x00, 0x08, 0x41, 0x20, 0x20, 0x18, 0x00, 0x00, 0x00, 0x00, 0x00, 0x00, 0x00, 0x00, 0x00, 0x00,
  0x00, 0x00, 0x00, 0x00, 0x00, 0x00, 0x00, 0x00, 0x00, 0x00, 0x00, 0x00, 0x00, 0x00, 0x00, 0x00,
  0x00, 0x00, 0x00, 0x00, 0x00, 0x00, 0x00, 0x00, 0x00, 0x00, 0x00, 0x00, 0x00, 0x00, 0x00, 0x00,
  0x00, 0x00, 0x00, 0x00, 0x00, 0x00, 0x00, 0x00, 0x00, 0x00, 0x00, 0x00, 0x00, 0x00, 0x00, 0x00,
  0x00, 0x00, 0x00, 0x00, 0x00, 0x00, 0x00, 0x00, 0x00, 0x00, 0x00, 0x00, 0x00, 0x00, 0x00, 0x00,
  0x00, 0x00, 0x00, 0x00, 0x00, 0x00, 0x00, 0x00, 0x00, 0x00, 0x00, 0x00, 0x00, 0x00, 0x00, 0x00,
  0x00, 0x00, 0x00, 0x00, 0x00, 0x00, 0x00, 0x00, 0x00, 0x00, 0x00, 0x00, 0x00, 0x00, 0x00, 0x00,
  0x00, 0x00, 0x00, 0x00, 0x00, 0x00, 0x00, 0x00, 0x00, 0x00, 0x00, 0x00, 0x00, 0x00, 0x00, 0x00,
  0x00, 0x00, 0x00, 0x00, 0x00, 0x00, 0x00, 0x00, 0x00, 0x00, 0x00, 0x00, 0x00, 0x00, 0x00, 0x00,
  0x00, 0x00, 0x00, 0x00, 0x00, 0x00, 0x00, 0x00, 0x00, 0x00, 0x00, 0x00, 0x00, 0x00, 0x00, 0x00,
  0x00, 0x00, 0x00, 0x00, 0x00, 0x00, 0x00, 0x00, 0x00, 0x00, 0x00, 0x00, 0x00, 0x00, 0x00, 0x00,
  0x00, 0x00, 0x00, 0x00, 0x00, 0x00, 0x00, 0x00, 0x00, 0x00, 0x00, 0x00, 0x00, 0x00, 0x00, 0x00,
  0x00, 0x00, 0x00, 0x00, 0x00, 0x00, 0x00, 0x00, 0x00, 0x00, 0x00, 0x00, 0x00, 0x10, 0x41, 0x28,
  0xa3, 0x50, 0xc3, 0x48, 0x03, 0x39, 0x23, 0x31, 0x64, 0x31, 0x84, 0x31, 0x85, 0x31, 0x64, 0x31,
  0x64, 0x31, 0x65, 0x31, 0x45, 0x31, 0x45, 0x31, 0x65, 0x31, 0x44, 0x31, 0x65, 0x39, 0xc6, 0x41,
  0x64, 0x31, 0xe2, 0x20, 0xe6, 0x41, 0xce, 0x7b, 0xee, 0x7b, 0x2f, 0x8c, 0x50, 0x94, 0x4c, 0x73,
  0xaa, 0x62, 0xad, 0x83, 0xca, 0x6a, 0xe6, 0x49, 0x27, 0x4a, 0x4c, 0x73, 0x0f, 0x8c, 0xce, 0x83,
  0x2f, 0x8c, 0xee, 0x83, 0xa9, 0x52, 0x48, 0x4a, 0xc9, 0x5a, 0xea, 0x5a, 0xea, 0x5a, 0xca, 0x5a,
  0xca, 0x5a, 0x89, 0x52, 0x48, 0x4a, 0x07, 0x42, 0x28, 0x4a, 0x29, 0x4a, 0x28, 0x4a, 0x28, 0x4a,
  0x48, 0x4a, 0x69, 0x52, 0x25, 0x41, 0x45, 0x49, 0xcb, 0x62, 0x0c, 0x63, 0x0b, 0x63, 0x0b, 0x63,
  0xeb, 0x5a, 0xeb, 0x5a, 0xeb, 0x5a, 0xeb, 0x5a, 0x48, 0x4a, 0x48, 0x4a, 0x48, 0x52, 0x48, 0x52,
  0x48, 0x4a, 0x07, 0x4a, 0xa2, 0x38, 0x45, 0x51, 0x85, 0x51, 0xe2, 0x38, 0x27, 0x62, 0xad, 0x93,
  0x54, 0xcd, 0x95, 0xd5, 0x13, 0xbd, 0x33, 0xc5, 0x54, 0xc5, 0x33, 0xbd, 0x33, 0xbd, 0x33, 0xbd,
  0x34, 0xc5, 0x34, 0xc5, 0x34, 0xc5, 0x34, 0xc5, 0x54, 0xc5, 0x54, 0xc5, 0x54, 0xc5, 0x54, 0xc5,
  0x2f, 0xa4, 0x2f, 0x9c, 0xee, 0x93, 0xce, 0x8b, 0x70, 0xa4, 0x54, 0xbd, 0xb6, 0xcd, 0x34, 0xbd,
  0x95, 0xcd, 0x95, 0xcd, 0x50, 0xa4, 0xa6, 0x51, 0x82, 0x38, 0x62, 0x38, 0xe3, 0x40, 0xcb, 0x7a,
  0xf3, 0xc4, 0x75, 0xcd, 0x92, 0xb4, 0x0c, 0x83, 0x65, 0x41, 0xaa, 0x62, 0xeb, 0x62, 0xeb, 0x62,
  0xeb, 0x62, 0x0b, 0x5b, 0x0b, 0x5b, 0xeb, 0x62, 0xcb, 0x62, 0xca, 0x62, 0x69, 0x52, 0x28, 0x42,
  0x49, 0x52, 0x0c, 0x73, 0x8a, 0x6a, 0x45, 0x41, 0x08, 0x52, 0x28, 0x52, 0x8a, 0x5a, 0xeb, 0x62,
  0xeb, 0x62, 0xeb, 0x62, 0xeb, 0x62, 0xeb, 0x62, 0xcb, 0x62, 0xcb, 0x62, 0xeb, 0x5a, 0xeb, 0x5a,
  0x0b, 0x5b, 0xeb, 0x5a, 0x0c, 0x63, 0x0c, 0x6b, 0x69, 0x62, 0xe7, 0x59, 0x86, 0x51, 0x45, 0x49,
  0x46, 0x51, 0x25, 0x51, 0xc4, 0x50, 0xa3, 0x48, 0x82, 0x48, 0x82, 0x48, 0x61, 0x30, 0x00, 0x08,
  0x00, 0x00, 0x00, 0x00, 0x00, 0x00, 0x00, 0x00, 0x00, 0x00, 0x00, 0x00, 0x00, 0x00, 0x00, 0x00,
  0x00, 0x00, 0x00, 0x00, 0x00, 0x00, 0x00, 0x00, 0x00, 0x00, 0x00, 0x00, 0x00, 0x00, 0x00, 0x00,
  0x00, 0x00, 0x00, 0x00, 0x00, 0x00, 0x00, 0x00, 0x00, 0x00, 0x00, 0x00, 0x00, 0x00, 0x00, 0x00,
  0x00, 0x00, 0x00, 0x00, 0x00, 0x00, 0x00, 0x00, 0x00, 0x00, 0x00, 0x00, 0x00, 0x00, 0x00, 0x00,
  0x00, 0x00, 0x00, 0x00, 0x00, 0x00, 0x00, 0x00, 0x00, 0x00, 0x00, 0x00, 0x00, 0x00, 0x00, 0x00,
  0x00, 0x00, 0x00, 0x00, 0x00, 0x00, 0x00, 0x00, 0x00, 0x00, 0x00, 0x00, 0x00, 0x00, 0x00, 0x00,
  0x00, 0x00, 0x00, 0x00, 0x00, 0x00, 0x00, 0x00, 0x00, 0x00, 0x00, 0x00, 0x00, 0x00, 0x00, 0x00,
  0x00, 0x00, 0x00, 0x00, 0x00, 0x00, 0x00, 0x00, 0x00, 0x00, 0x00, 0x00, 0x00, 0x00, 0x00, 0x00,
  0x00, 0x00, 0x00, 0x00, 0x00, 0x00, 0x00, 0x00, 0x00, 0x00, 0x00, 0x00, 0x00, 0x00, 0x00, 0x00,
  0x00, 0x00, 0x00, 0x00, 0x00, 0x00, 0x00, 0x00, 0x00, 0x00, 0x00, 0x00, 0x00, 0x00, 0x00, 0x00,
  0x00, 0x00, 0x00, 0x00, 0x00, 0x00, 0x00, 0x00, 0x00, 0x00, 0x00, 0x00, 0x00, 0x00, 0x00, 0x00,
  0x00, 0x00, 0x00, 0x00, 0x00, 0x00, 0x00, 0x00, 0x00, 0x00, 0x00, 0x00, 0x00, 0x00, 0x00, 0x00,
  0x00, 0x00, 0x20, 0x10, 0xa3, 0x48, 0xc3, 0x48, 0xe3, 0x40, 0x04, 0x39, 0x24, 0x31, 0x44, 0x31,
  0x64, 0x31, 0x64, 0x31, 0x64, 0x31, 0x65, 0x31, 0x24, 0x29, 0x65, 0x31, 0x86, 0x39, 0x66, 0x39,
  0x24, 0x39, 0x65, 0x41, 0x24, 0x41, 0xe3, 0x30, 0xc1, 0x28, 0x67, 0x52, 0xed, 0x73, 0xed, 0x73,
  0x6f, 0x8c, 0x50, 0x94, 0x0f, 0x8c, 0xca, 0x62, 0xea, 0x6a, 0x6c, 0x7b, 0x07, 0x4a, 0x65, 0x39,
  0x07, 0x52, 0x48, 0x52, 0x0f, 0x8c, 0xae, 0x7b, 0x50, 0x94, 0x4c, 0x6b, 0x48, 0x4a, 0x69, 0x4a,
  0x0b, 0x5b, 0xca, 0x5a, 0xa9, 0x52, 0xa9, 0x52, 0xaa, 0x52, 0x69, 0x4a, 0x28, 0x42, 0x28, 0x42,
  0x28, 0x42, 0x29, 0x4a, 0x28, 0x4a, 0x28, 0x4a, 0x48, 0x4a, 0x48, 0x52, 0x87, 0x51, 0x25, 0x41,
  0x69, 0x5a, 0x0b, 0x63, 0xeb, 0x62, 0xeb, 0x62, 0xeb, 0x5a, 0xeb, 0x5a, 0xca, 0x5a, 0x69, 0x52,
  0x48, 0x4a, 0x28, 0x4a, 0x28, 0x52, 0x28, 0x52, 0x27, 0x4a, 0xc6, 0x41, 0xa2, 0x38, 0x03, 0x49,
  0x23, 0x41, 0x2b, 0x83, 0x91, 0xac, 0x74, 0xcd, 0x74, 0xcd, 0xb5, 0xd5, 0x13, 0xbd, 0x54, 0xc5,
  0x54, 0xc5, 0x13, 0xbd, 0x13, 0xbd, 0xf6, 0xd5, 0xb5, 0xd5, 0x34, 0xc5, 0x50, 0xac, 0xae, 0x9b,
  0x0b, 0x83, 0x48, 0x6a, 0xe6, 0x59, 0x27, 0x62, 0x07, 0x5a, 0x68, 0x6a, 0x89, 0x6a, 0x68, 0x6a,
  0xce, 0x93, 0x95, 0xcd, 0xd6, 0xd5, 0x95, 0xcd, 0x92, 0xb4, 0x4d, 0x93, 0xa6, 0x61, 0xa2, 0x40,
  0x82, 0x40, 0x82, 0x38, 0x82, 0x38, 0x91, 0xb4, 0x54, 0xcd, 0x75, 0xcd, 0x34, 0xc5, 0x6e, 0x8b,
  0x65, 0x41, 0x28, 0x52, 0xeb, 0x62, 0xeb, 0x62, 0xeb, 0x5a, 0x0b, 0x5b, 0xeb, 0x5a, 0xeb, 0x62,
  0x2c, 0x6b, 0xca, 0x62, 0x69, 0x52, 0x28, 0x4a, 0x69, 0x52, 0xcf, 0x83, 0x29, 0x5a, 0xc7, 0x51,
  0x49, 0x5a, 0x28, 0x52, 0x69, 0x5a, 0xcb, 0x6a, 0xcb, 0x62, 0xcb, 0x62, 0xcb, 0x62, 0xcb, 0x62,
  0xcb, 0x62, 0xab, 0x5a, 0xaa, 0x52, 0x8a, 0x52, 0x2c, 0x63, 0xcb, 0x5a, 0x69, 0x4a, 0x28, 0x4a,
  0x89, 0x52, 0x48, 0x52, 0x08, 0x52, 0x28, 0x5a, 0x09, 0x62, 0xa7, 0x61, 0xe5, 0x50, 0x83, 0x48,
  0x82, 0x40, 0x41, 0x20, 0x00, 0x08, 0x00, 0x00, 0x00, 0x00, 0x00, 0x00, 0x00, 0x00, 0x00, 0x00,
  0x00, 0x00, 0x00, 0x00, 0x00, 0x00, 0x00, 0x00, 0x00, 0x00, 0x00, 0x00, 0x00, 0x00, 0x00, 0x00,
  0x00, 0x00, 0x00, 0x00, 0x00, 0x00, 0x00, 0x00, 0x00, 0x00, 0x00, 0x00, 0x00, 0x00, 0x00, 0x00,
  0x00, 0x00, 0x00, 0x00, 0x00, 0x00, 0x00, 0x00, 0x00, 0x00, 0x00, 0x00, 0x00, 0x00, 0x00, 0x00,
  0x00, 0x00, 0x00, 0x00, 0x00, 0x00, 0x00, 0x00, 0x00, 0x00, 0x00, 0x00, 0x00, 0x00, 0x00, 0x00,
  0x00, 0x00, 0x00, 0x00, 0x00, 0x00, 0x00, 0x00, 0x00, 0x00, 0x00, 0x00, 0x00, 0x00, 0x00, 0x00,
  0x00, 0x00, 0x00, 0x00, 0x00, 0x00, 0x00, 0x00, 0x00, 0x00, 0x00, 0x00, 0x00, 0x00, 0x00, 0x00,
  0x00, 0x00, 0x00, 0x00, 0x00, 0x00, 0x00, 0x00, 0x00, 0x00, 0x00, 0x00, 0x00, 0x00, 0x00, 0x00,
  0x00, 0x00, 0x00, 0x00, 0x00, 0x00, 0x00, 0x00, 0x00, 0x00, 0x00, 0x00, 0x00, 0x00, 0x00, 0x00,
  0x00, 0x00, 0x00, 0x00, 0x00, 0x00, 0x00, 0x00, 0x00, 0x00, 0x00, 0x00, 0x00, 0x00, 0x00, 0x00,
  0x00, 0x00, 0x00, 0x00, 0x00, 0x00, 0x00, 0x00, 0x00, 0x00, 0x00, 0x00, 0x00, 0x00, 0x00, 0x00,
  0x00, 0x00, 0x00, 0x00, 0x00, 0x00, 0x00, 0x00, 0x00, 0x00, 0x00, 0x00, 0x00, 0x00, 0x00, 0x00,
  0x00, 0x00, 0x00, 0x00, 0x00, 0x00, 0x00, 0x00, 0x62, 0x30, 0xc3, 0x40, 0xc4, 0x40, 0x04, 0x39,
  0x04, 0x39, 0x24, 0x31, 0x44, 0x31, 0x64, 0x31, 0x64, 0x31, 0x64, 0x31, 0x65, 0x31, 0x65, 0x31,
  0x44, 0x31, 0x66, 0x39, 0x86, 0x39, 0x45, 0x39, 0x25, 0x41, 0xe3, 0x38, 0xa2, 0x28, 0x23, 0x39,
  0x0a, 0x6b, 0xed, 0x7b, 0x0d, 0x7c, 0xec, 0x73, 0x0e, 0x7c, 0x0e, 0x84, 0xcd, 0x7b, 0x68, 0x52,
  0xaa, 0x62, 0x0b, 0x73, 0xa6, 0x49, 0x65, 0x41, 0x07, 0x52, 0x48, 0x52, 0xae, 0x83, 0xef, 0x8b,
  0xae, 0x7b, 0x89, 0x52, 0x68, 0x4a, 0x2b, 0x63, 0x0b, 0x63, 0x0b, 0x63, 0xca, 0x5a, 0x69, 0x52,
  0x89, 0x52, 0x48, 0x4a, 0x28, 0x42, 0x28, 0x4a, 0x28, 0x42, 0x29, 0x4a, 0x28, 0x4a, 0x28, 0x4a,
  0x48, 0x4a, 0x28, 0x52, 0xa7, 0x51, 0x05, 0x41, 0x69, 0x5a, 0x0b, 0x63, 0xeb, 0x5a, 0xeb, 0x62,
  0xeb, 0x5a, 0xca, 0x5a, 0x69, 0x52, 0x48, 0x4a, 0x28, 0x4a, 0x28, 0x4a, 0x08, 0x52, 0x08, 0x52,
  0x07, 0x4a, 0x85, 0x41, 0xc3, 0x38, 0xc6, 0x61, 0xa5, 0x51, 0xb1, 0xb4, 0xb5, 0xd5, 0x74, 0xcd,
  0xb5, 0xd5, 0x95, 0xd5, 0x33, 0xc5, 0x13, 0xc5, 0x33, 0xc5, 0x33, 0xc5, 0xd6, 0xd5, 0x75, 0xcd,
  0xae, 0x93, 0x48, 0x6a, 0x64, 0x49, 0x48, 0x6a, 0xca, 0x7a, 0x6c, 0x8b, 0xee, 0x9b, 0x0e, 0xa4,
  0x91, 0xb4, 0xf3, 0xc4, 0x75, 0xd5, 0xd6, 0xdd, 0xb6, 0xd5, 0xf3, 0xbc, 0xef, 0xa3, 0xaa, 0x7a,
  0xe3, 0x48, 0xc3, 0x48, 0x82, 0x48, 0x62, 0x40, 0xa3, 0x48, 0x61, 0x38, 0x0b, 0x83, 0x75, 0xcd,
  0x95, 0xcd, 0x75, 0xcd, 0x14, 0xc5, 0xef, 0x9b, 0x65, 0x41, 0x28, 0x52, 0xeb, 0x62, 0xeb, 0x62,
  0xeb, 0x5a, 0x0b, 0x5b, 0xeb, 0x5a, 0xeb, 0x62, 0xaa, 0x5a, 0xca, 0x62, 0x48, 0x4a, 0xe7, 0x41,
  0xcb, 0x62, 0x51, 0x94, 0x45, 0x39, 0x86, 0x49, 0xe8, 0x51, 0x28, 0x52, 0x69, 0x5a, 0xcb, 0x62,
  0xcb, 0x62, 0xcb, 0x62, 0xcb, 0x62, 0xeb, 0x62, 0xeb, 0x62, 0xeb, 0x62, 0xcb, 0x5a, 0xaa, 0x52,
  0x0c, 0x5b, 0x69, 0x4a, 0x28, 0x4a, 0x69, 0x52, 0x89, 0x52, 0x48, 0x52, 0x28, 0x52, 0x08, 0x5a,
  0xa7, 0x59, 0xe4, 0x48, 0x62, 0x38, 0x62, 0x28, 0x20, 0x18, 0x00, 0x00, 0x00, 0x00, 0x00, 0x00,
  0x00, 0x00, 0x00, 0x00, 0x00, 0x00, 0x00, 0x00, 0x00, 0x00, 0x00, 0x00, 0x00, 0x00, 0x00, 0x00,
  0x00, 0x00, 0x00, 0x00, 0x00, 0x00, 0x00, 0x00, 0x00, 0x00, 0x00, 0x00, 0x00, 0x00, 0x00, 0x00,
  0x00, 0x00, 0x00, 0x00, 0x00, 0x00, 0x00, 0x00, 0x00, 0x00, 0x00, 0x00, 0x00, 0x00, 0x00, 0x00,
  0x00, 0x00, 0x00, 0x00, 0x00, 0x00, 0x00, 0x00, 0x00, 0x00, 0x00, 0x00, 0x00, 0x00, 0x00, 0x00,
  0x00, 0x00, 0x00, 0x00, 0x00, 0x00, 0x00, 0x00, 0x00, 0x00, 0x00, 0x00, 0x00, 0x00, 0x00, 0x00,
  0x00, 0x00, 0x00, 0x00, 0x00, 0x00, 0x00, 0x00, 0x00, 0x00, 0x00, 0x00, 0x00, 0x00, 0x00, 0x00,
  0x00, 0x00, 0x00, 0x00, 0x00, 0x00, 0x00, 0x00, 0x00, 0x00, 0x00, 0x00, 0x00, 0x00, 0x00, 0x00,
  0x00, 0x00, 0x00, 0x00, 0x00, 0x00, 0x00, 0x00, 0x00, 0x00, 0x00, 0x00, 0x00, 0x00, 0x00, 0x00,
  0x00, 0x00, 0x00, 0x00, 0x00, 0x00, 0x00, 0x00, 0x00, 0x00, 0x00, 0x00, 0x00, 0x00, 0x00, 0x00,
  0x00, 0x00, 0x00, 0x00, 0x00, 0x00, 0x00, 0x00, 0x00, 0x00, 0x00, 0x00, 0x00, 0x00, 0x00, 0x00,
  0x00, 0x00, 0x00, 0x00, 0x00, 0x00, 0x00, 0x00, 0x00, 0x00, 0x00, 0x00, 0x00, 0x00, 0x00, 0x00,
  0x00, 0x00, 0x00, 0x00, 0x00, 0x00, 0x00, 0x00, 0x00, 0x00, 0x00, 0x00, 0x21, 0x18, 0x82, 0x48,
  0xc3, 0x40, 0xe4, 0x38, 0x04, 0x39, 0x04, 0x31, 0x24, 0x31, 0x44, 0x31, 0x65, 0x29, 0x65, 0x29,
  0x65, 0x29, 0x65, 0x31, 0x65, 0x31, 0x65, 0x31, 0x65, 0x39, 0x66, 0x41, 0x65, 0x41, 0x04, 0x39,
  0xe4, 0x38, 0x82, 0x30, 0x28, 0x52, 0x8d, 0x73, 0x2e, 0x84, 0x4e, 0x84, 0xcd, 0x7b, 0x0d, 0x84,
  0x0e, 0x84, 0x0e, 0x84, 0xce, 0x7b, 0x68, 0x5a, 0x89, 0x5a, 0xaa, 0x62, 0x85, 0x41, 0xa6, 0x41,
  0x08, 0x52, 0x08, 0x52, 0x48, 0x5a, 0xca, 0x62, 0x89, 0x5a, 0x89, 0x52, 0xeb, 0x62, 0xeb, 0x62,
  0xeb, 0x62, 0xaa, 0x5a, 0x48, 0x52, 0x08, 0x4a, 0x28, 0x52, 0xe7, 0x49, 0xe7, 0x41, 0xe7, 0x49,
  0x29, 0x4a, 0x49, 0x4a, 0x29, 0x4a, 0x29, 0x4a, 0x28, 0x42, 0x28, 0x52, 0xc7, 0x59, 0xe4, 0x38,
  0x8a, 0x5a, 0x2c, 0x63, 0xeb, 0x5a, 0xeb, 0x5a, 0xca, 0x5a, 0x69, 0x52, 0x48, 0x4a, 0x49, 0x4a,
  0x08, 0x42, 0x08, 0x4a, 0x07, 0x4a, 0x07, 0x4a, 0xa6, 0x41, 0x03, 0x31, 0x24, 0x49, 0x4c, 0x93,
  0xce, 0x9b, 0x54, 0xc5, 0x13, 0xc5, 0xf2, 0xbc, 0x13, 0xc5, 0x33, 0xc5, 0x95, 0xd5, 0xb5, 0xd5,
  0xb6, 0xdd, 0x34, 0xcd, 0xeb, 0x82, 0xc6, 0x59, 0xc6, 0x51, 0x0b, 0x7b, 0x90, 0xac, 0xf3, 0xbc,
  0xb5, 0xd5, 0x74, 0xd5, 0x94, 0xd5, 0xf6, 0xe5, 0xd6, 0xdd, 0x95, 0xdd, 0xb1, 0xbc, 0x8d, 0x9b,
  0xeb, 0x82, 0x24, 0x49, 0xc2, 0x40, 0x82, 0x40, 0xe4, 0x50, 0x24, 0x59, 0xe4, 0x58, 0x82, 0x48,
  0xa3, 0x48, 0x61, 0x38, 0x0f, 0xa4, 0x13, 0xc5, 0x74, 0xc5, 0x54, 0xc5, 0x55, 0xcd, 0x92, 0xb4,
  0x45, 0x41, 0x08, 0x52, 0xeb, 0x62, 0xeb, 0x5a, 0xeb, 0x5a, 0x0b, 0x5b, 0xeb, 0x5a, 0xeb, 0x62,
  0x0b, 0x63, 0xeb, 0x62, 0xc6, 0x41, 0xc7, 0x41, 0x30, 0x94, 0xcf, 0x83, 0xa3, 0x28, 0x24, 0x31,
  0x86, 0x41, 0x08, 0x52, 0x8a, 0x5a, 0xca, 0x5a, 0xeb, 0x62, 0xeb, 0x5a, 0xeb, 0x5a, 0xeb, 0x5a,
  0xeb, 0x5a, 0xcb, 0x5a, 0xaa, 0x52, 0xaa, 0x52, 0x28, 0x42, 0x28, 0x42, 0x69, 0x52, 0xaa, 0x5a,
  0x28, 0x52, 0xc7, 0x49, 0xa6, 0x49, 0x65, 0x49, 0x25, 0x49, 0x62, 0x28, 0x21, 0x18, 0x00, 0x00,
  0x00, 0x00, 0x00, 0x00, 0x00, 0x00, 0x00, 0x00, 0x00, 0x00, 0x00, 0x00, 0x00, 0x00, 0x00, 0x00,
  0x00, 0x00, 0x00, 0x00, 0x00, 0x00, 0x00, 0x00, 0x00, 0x00, 0x00, 0x00, 0x00, 0x00, 0x00, 0x00,
  0x00, 0x00, 0x00, 0x00, 0x00, 0x00, 0x00, 0x00, 0x00, 0x00, 0x00, 0x00, 0x00, 0x00, 0x00, 0x00,
  0x00, 0x00, 0x00, 0x00, 0x00, 0x00, 0x00, 0x00, 0x00, 0x00, 0x00, 0x00, 0x00, 0x00, 0x00, 0x00,
  0x00, 0x00, 0x00, 0x00, 0x00, 0x00, 0x00, 0x00, 0x00, 0x00, 0x00, 0x00, 0x00, 0x00, 0x00, 0x00,
  0x00, 0x00, 0x00, 0x00, 0x00, 0x00, 0x00, 0x00, 0x00, 0x00, 0x00, 0x00, 0x00, 0x00, 0x00, 0x00,
  0x00, 0x00, 0x00, 0x00, 0x00, 0x00, 0x00, 0x00, 0x00, 0x00, 0x00, 0x00, 0x00, 0x00, 0x00, 0x00,
  0x00, 0x00, 0x00, 0x00, 0x00, 0x00, 0x00, 0x00, 0x00, 0x00, 0x00, 0x00, 0x00, 0x00, 0x00, 0x00,
  0x00, 0x00, 0x00, 0x00, 0x00, 0x00, 0x00, 0x00, 0x00, 0x00, 0x00, 0x00, 0x00, 0x00, 0x00, 0x00,
  0x00, 0x00, 0x00, 0x00, 0x00, 0x00, 0x00, 0x00, 0x00, 0x00, 0x00, 0x00, 0x00, 0x00, 0x00, 0x00,
  0x00, 0x00, 0x00, 0x00, 0x00, 0x00, 0x00, 0x00, 0x00, 0x00, 0x00, 0x00, 0x00, 0x00, 0x00, 0x00,
  0x00, 0x00, 0x00, 0x00, 0x00, 0x00, 0x00, 0x00, 0x00, 0x00, 0x00, 0x00, 0x00, 0x00, 0x00, 0x00,
  0x20, 0x08, 0xa2, 0x30, 0xa2, 0x38, 0x82, 0x38, 0x04, 0x39, 0x05, 0x31, 0x25, 0x31, 0x25, 0x31,
  0x45, 0x31, 0x45, 0x29, 0x65, 0x29, 0x65, 0x29, 0x66, 0x31, 0x66, 0x31, 0x45, 0x31, 0x45, 0x31,
  0x65, 0x39, 0x66, 0x41, 0x45, 0x41, 0xe4, 0x38, 0x04, 0x41, 0x28, 0x5a, 0xeb, 0x62, 0xee, 0x7b,
  0xee, 0x73, 0xed, 0x73, 0x2e, 0x84, 0xcd, 0x7b, 0x0e, 0x7c, 0x0e, 0x84, 0xcd, 0x7b, 0x68, 0x52,
  0x28, 0x52, 0x28, 0x52, 0x24, 0x31, 0x65, 0x41, 0x28, 0x52, 0x28, 0x52, 0x27, 0x52, 0xaa, 0x5a,
  0x89, 0x5a, 0x69, 0x52, 0xca, 0x62, 0xeb, 0x6a, 0xca, 0x62, 0xc7, 0x41, 0x65, 0x39, 0xc7, 0x49,
  0x86, 0x41, 0x65, 0x41, 0x66, 0x41, 0x86, 0x39, 0x29, 0x4a, 0x29, 0x4a, 0x29, 0x4a, 0x29, 0x4a,
  0x08, 0x42, 0x28, 0x52, 0xa7, 0x59, 0xc3, 0x38, 0x8a, 0x5a, 0x0b, 0x63, 0xeb, 0x5a, 0xeb, 0x5a,
  0x69, 0x52, 0x48, 0x4a, 0x49, 0x4a, 0x49, 0x4a, 0xe7, 0x41, 0xe7, 0x41, 0xe7, 0x49, 0xe7, 0x49,
  0xc6, 0x41, 0x03, 0x31, 0xe7, 0x61, 0xae, 0x9b, 0x0f, 0xa4, 0x54, 0xc5, 0x13, 0xc5, 0x54, 0xc5,
  0x54, 0xcd, 0x13, 0xc5, 0x95, 0xd5, 0x54, 0xcd, 0xef, 0xa3, 0x65, 0x51, 0xc6, 0x59, 0x0f, 0xa4,
  0x54, 0xc5, 0x95, 0xcd, 0xb5, 0xcd, 0x95, 0xcd, 0x74, 0xcd, 0xb5, 0xdd, 0x74, 0xd5, 0xd2, 0xc4,
  0xce, 0xa3, 0x07, 0x6a, 0xe3, 0x48, 0xe3, 0x48, 0xa2, 0x40, 0x61, 0x38, 0x82, 0x40, 0xc2, 0x48,
  0x25, 0x59, 0x45, 0x61, 0x04, 0x59, 0xa3, 0x48, 0xc3, 0x50, 0x08, 0x72, 0xd2, 0xbc, 0x33, 0xc5,
  0x54, 0xc5, 0x34, 0xbd, 0x75, 0xcd, 0xf4, 0xbc, 0x45, 0x41, 0x08, 0x52, 0xeb, 0x62, 0xeb, 0x5a,
  0xeb, 0x5a, 0xeb, 0x5a, 0xeb, 0x62, 0xeb, 0x62, 0xca, 0x5a, 0xaa, 0x5a, 0xe7, 0x41, 0x2c, 0x73,
  0x34, 0xb5, 0xaa, 0x62, 0xe4, 0x30, 0xe4, 0x30, 0x25, 0x39, 0x08, 0x52, 0x8a, 0x62, 0x8a, 0x62,
  0xcb, 0x62, 0xcb, 0x62, 0xcb, 0x62, 0xcb, 0x62, 0x89, 0x52, 0x69, 0x52, 0x48, 0x4a, 0x27, 0x4a,
  0x28, 0x4a, 0x89, 0x5a, 0x48, 0x5a, 0x65, 0x41, 0xa6, 0x49, 0x45, 0x49, 0x04, 0x41, 0x82, 0x30,
  0x82, 0x28, 0x21, 0x10, 0x00, 0x00, 0x00, 0x00, 0x00, 0x00, 0x00, 0x00, 0x00, 0x00, 0x00, 0x00,
  0x00, 0x00, 0x00, 0x00, 0x00, 0x00, 0x00, 0x00, 0x00, 0x00, 0x00, 0x00, 0x00, 0x00, 0x00, 0x00,
  0x00, 0x00, 0x00, 0x00, 0x00, 0x00, 0x00, 0x00, 0x00, 0x00, 0x00, 0x00, 0x00, 0x00, 0x00, 0x00,
  0x00, 0x00, 0x00, 0x00, 0x00, 0x00, 0x00, 0x00, 0x00, 0x00, 0x00, 0x00, 0x00, 0x00, 0x00, 0x00,
  0x00, 0x00, 0x00, 0x00, 0x00, 0x00, 0x00, 0x00, 0x00, 0x00, 0x00, 0x00, 0x00, 0x00, 0x00, 0x00,
  0x00, 0x00, 0x00, 0x00, 0x00, 0x00, 0x00, 0x00, 0x00, 0x00, 0x00, 0x00, 0x00, 0x00, 0x00, 0x00,
  0x00, 0x00, 0x00, 0x00, 0x00, 0x00, 0x00, 0x00, 0x00, 0x00, 0x00, 0x00, 0x00, 0x00, 0x00, 0x00,
  0x00, 0x00, 0x00, 0x00, 0x00, 0x00, 0x00, 0x00, 0x00, 0x00, 0x00, 0x00, 0x00, 0x00, 0x00, 0x00,
  0x00, 0x00, 0x00, 0x00, 0x00, 0x00, 0x00, 0x00, 0x00, 0x00, 0x00, 0x00, 0x00, 0x00, 0x00, 0x00,
  0x00, 0x00, 0x00, 0x00, 0x00, 0x00, 0x00, 0x00, 0x00, 0x00, 0x00, 0x00, 0x00, 0x00, 0x00, 0x00,
  0x00, 0x00, 0x00, 0x00, 0x00, 0x00, 0x00, 0x00, 0x00, 0x00, 0x00, 0x00, 0x00, 0x00, 0x00, 0x00,
  0x00, 0x00, 0x00, 0x00, 0x00, 0x00, 0x00, 0x00, 0x00, 0x00, 0x00, 0x00, 0x00, 0x00, 0x00, 0x00,
  0x00, 0x00, 0x00, 0x00, 0x00, 0x00, 0x82, 0x20, 0x81, 0x28, 0xc2, 0x38, 0x03, 0x39, 0x65, 0x41,
  0x25, 0x31, 0x25, 0x31, 0x25, 0x31, 0x46, 0x31, 0x66, 0x29, 0x66, 0x29, 0x66, 0x29, 0x46, 0x29,
  0x25, 0x31, 0x25, 0x31, 0x45, 0x31, 0x45, 0x39, 0x45, 0x39, 0xc3, 0x30, 0xc2, 0x30, 0x45, 0x41,
  0xc7, 0x49, 0x28, 0x52, 0x28, 0x4a, 0xaa, 0x5a, 0xce, 0x7b, 0x0e, 0x84, 0x4f, 0x8c, 0x90, 0x8c,
  0xed, 0x7b, 0x0e, 0x84, 0x2b, 0x6b, 0xe6, 0x41, 0x89, 0x5a, 0xa6, 0x41, 0x44, 0x31, 0xc7, 0x49,
  0x28, 0x52, 0x69, 0x52, 0x28, 0x4a, 0x48, 0x52, 0x69, 0x5a, 0xaa, 0x62, 0xcb, 0x62, 0x8a, 0x62,
  0x65, 0x39, 0x65, 0x39, 0x86, 0x41, 0xe7, 0x51, 0x65, 0x41, 0x45, 0x39, 0x65, 0x41, 0xe8, 0x51,
  0x29, 0x4a, 0x29, 0x4a, 0x29, 0x4a, 0x29, 0x4a, 0x69, 0x4a, 0x49, 0x52, 0x08, 0x62, 0xc3, 0x38,
  0x8a, 0x5a, 0x0b, 0x63, 0x0c, 0x63, 0x89, 0x52, 0x49, 0x4a, 0x49, 0x4a, 0x49, 0x4a, 0x28, 0x4a,
  0xa7, 0x41, 0xa6, 0x39, 0x07, 0x42, 0xe7, 0x41, 0xa6, 0x41, 0xc2, 0x30, 0x48, 0x6a, 0xae, 0x9b,
  0x2f, 0xa4, 0x33, 0xc5, 0x54, 0xc5, 0x33, 0xc5, 0xd6, 0xdd, 0x74, 0xcd, 0x95, 0xd5, 0x50, 0xac,
  0xa6, 0x59, 0xaa, 0x7a, 0x34, 0xcd, 0x54, 0xcd, 0xb5, 0xd5, 0x74, 0xc5, 0xd5, 0xcd, 0x94, 0xcd,
  0x75, 0xd5, 0x0f, 0xac, 0xaa, 0x82, 0xc6, 0x69, 0x65, 0x59, 0x24, 0x51, 0xc2, 0x48, 0xa2, 0x40,
  0xe3, 0x50, 0x82, 0x48, 0x61, 0x40, 0xa2, 0x48, 0x62, 0x40, 0x66, 0x61, 0xa7, 0x69, 0xc3, 0x48,
  0xc3, 0x50, 0x8a, 0x82, 0x34, 0xcd, 0x34, 0xc5, 0x34, 0xbd, 0x75, 0xc5, 0x75, 0xcd, 0x34, 0xc5,
  0xc7, 0x51, 0x08, 0x52, 0xeb, 0x62, 0xeb, 0x62, 0xeb, 0x5a, 0xeb, 0x5a, 0xeb, 0x62, 0xeb, 0x62,
  0x2c, 0x63, 0x89, 0x52, 0x08, 0x4a, 0xcf, 0x83, 0xb3, 0xac, 0x65, 0x39, 0xf3, 0xac, 0x30, 0x9c,
  0x62, 0x28, 0xc7, 0x59, 0x29, 0x62, 0xaa, 0x72, 0x6a, 0x6a, 0xa7, 0x49, 0xe7, 0x51, 0x28, 0x5a,
  0xa6, 0x49, 0xc7, 0x51, 0xc6, 0x49, 0x85, 0x49, 0x45, 0x41, 0xe3, 0x38, 0x04, 0x41, 0xe3, 0x48,
  0xe3, 0x40, 0x82, 0x30, 0x41, 0x20, 0x00, 0x08, 0x00, 0x00, 0x00, 0x00, 0x00, 0x00, 0x00, 0x00,
  0x00, 0x00, 0x00, 0x00, 0x00, 0x00, 0x00, 0x00, 0x00, 0x00, 0x00, 0x00, 0x00, 0x00, 0x00, 0x00,
  0x00, 0x00, 0x00, 0x00, 0x00, 0x00, 0x00, 0x00, 0x00, 0x00, 0x00, 0x00, 0x00, 0x00, 0x00, 0x00,
  0x00, 0x00, 0x00, 0x00, 0x00, 0x00, 0x00, 0x00, 0x00, 0x00, 0x00, 0x00, 0x00, 0x00, 0x00, 0x00,
  0x00, 0x00, 0x00, 0x00, 0x00, 0x00, 0x00, 0x00, 0x00, 0x00, 0x00, 0x00, 0x00, 0x00, 0x00, 0x00,
  0x00, 0x00, 0x00, 0x00, 0x00, 0x00, 0x00, 0x00, 0x00, 0x00, 0x00, 0x00, 0x00, 0x00, 0x00, 0x00,
  0x00, 0x00, 0x00, 0x00, 0x00, 0x00, 0x00, 0x00, 0x00, 0x00, 0x00, 0x00, 0x00, 0x00, 0x00, 0x00,
  0x00, 0x00, 0x00, 0x00, 0x00, 0x00, 0x00, 0x00, 0x00, 0x00, 0x00, 0x00, 0x00, 0x00, 0x00, 0x00,
  0x00, 0x00, 0x00, 0x00, 0x00, 0x00, 0x00, 0x00, 0x00, 0x00, 0x00, 0x00, 0x00, 0x00, 0x00, 0x00,
  0x00, 0x00, 0x00, 0x00, 0x00, 0x00, 0x00, 0x00, 0x00, 0x00, 0x00, 0x00, 0x00, 0x00, 0x00, 0x00,
  0x00, 0x00, 0x00, 0x00, 0x00, 0x00, 0x00, 0x00, 0x00, 0x00, 0x00, 0x00, 0x00, 0x00, 0x00, 0x00,
  0x00, 0x00, 0x00, 0x00, 0x00, 0x00, 0x00, 0x00, 0x00, 0x00, 0x00, 0x00, 0x00, 0x00, 0x00, 0x00,
  0x00, 0x00, 0x00, 0x00, 0x00, 0x00, 0x00, 0x00, 0x00, 0x00, 0x20, 0x10, 0x81, 0x28, 0x81, 0x30,
  0x81, 0x30, 0xe2, 0x38, 0x64, 0x39, 0xc6, 0x41, 0x45, 0x31, 0x26, 0x31, 0x26, 0x31, 0x46, 0x29,
  0x46, 0x31, 0x46, 0x29, 0x46, 0x29, 0x46, 0x31, 0x25, 0x39, 0x25, 0x39, 0x05, 0x39, 0x05, 0x39,
  0xc3, 0x28, 0x24, 0x39, 0xa6, 0x49, 0xe7, 0x49, 0x29, 0x4a, 0x6a, 0x52, 0x08, 0x42, 0x48, 0x4a,
  0x89, 0x52, 0xa9, 0x5a, 0xea, 0x5a, 0x0a, 0x5b, 0x6c, 0x6b, 0x2b, 0x63, 0x68, 0x52, 0xe7, 0x41,
  0x69, 0x5a, 0x86, 0x41, 0x44, 0x39, 0xe7, 0x49, 0x48, 0x52, 0x07, 0x4a, 0x28, 0x4a, 0x89, 0x5a,
  0xeb, 0x6a, 0xaa, 0x62, 0x08, 0x52, 0x86, 0x41, 0xc7, 0x49, 0xe7, 0x51, 0xa7, 0x49, 0x25, 0x39,
  0x24, 0x39, 0xa6, 0x49, 0x08, 0x52, 0x08, 0x4a, 0x29, 0x4a, 0x29, 0x4a, 0x29, 0x4a, 0x29, 0x4a,
  0x49, 0x4a, 0x28, 0x52, 0xa7, 0x59, 0xc3, 0x38, 0x69, 0x5a, 0x0b, 0x63, 0xeb, 0x5a, 0x89, 0x52,
  0x49, 0x4a, 0x49, 0x4a, 0x48, 0x4a, 0x08, 0x42, 0xc7, 0x41, 0xa6, 0x39, 0x28, 0x4a, 0x07, 0x42,
  0x85, 0x41, 0xc2, 0x30, 0x8a, 0x72, 0xae, 0x9b, 0x70, 0xac, 0x33, 0xc5, 0x54, 0xcd, 0x33, 0xc5,
  0xb6, 0xdd, 0x95, 0xd5, 0xca, 0x7a, 0xa5, 0x51, 0xca, 0x7a, 0x75, 0xd5, 0x95, 0xd5, 0x95, 0xd5,
  0x95, 0xd5, 0x94, 0xcd, 0xf2, 0xb4, 0x8d, 0x93, 0x44, 0x51, 0xe3, 0x50, 0xa2, 0x48, 0xe3, 0x50,
  0x65, 0x61, 0x24, 0x59, 0xe3, 0x50, 0xa2, 0x48, 0xc3, 0x48, 0x82, 0x48, 0xa2, 0x48, 0x24, 0x59,
  0xaa, 0x82, 0xae, 0xa3, 0x8e, 0x9b, 0x45, 0x51, 0xa2, 0x40, 0xeb, 0x8a, 0x13, 0xc5, 0x54, 0xcd,
  0x33, 0xbd, 0x75, 0xc5, 0x75, 0xcd, 0x34, 0xc5, 0xc7, 0x51, 0x08, 0x52, 0xeb, 0x62, 0xeb, 0x62,
  0xeb, 0x5a, 0xeb, 0x5a, 0xeb, 0x62, 0xeb, 0x62, 0xca, 0x52, 0x48, 0x4a, 0x0c, 0x6b, 0x14, 0xb5,
  0xf0, 0x93, 0xa6, 0x49, 0x14, 0xb5, 0xb6, 0xcd, 0xaf, 0x93, 0x66, 0x51, 0xa7, 0x59, 0x6a, 0x6a,
  0x08, 0x5a, 0x25, 0x41, 0x04, 0x39, 0x04, 0x39, 0xe3, 0x38, 0xc2, 0x30, 0xe3, 0x30, 0x65, 0x49,
  0xe3, 0x40, 0x04, 0x49, 0x61, 0x20, 0x62, 0x28, 0x20, 0x10, 0x00, 0x00, 0x00, 0x00, 0x00, 0x00,
  0x00, 0x00, 0x00, 0x00, 0x00, 0x00, 0x00, 0x00, 0x00, 0x00, 0x00, 0x00, 0x00, 0x00, 0x00, 0x00,
  0x00, 0x00, 0x00, 0x00, 0x00, 0x00, 0x00, 0x00, 0x00, 0x00, 0x00, 0x00, 0x00, 0x00, 0x00, 0x00,
  0x00, 0x00, 0x00, 0x00, 0x00, 0x00, 0x00, 0x00, 0x00, 0x00, 0x00, 0x00, 0x00, 0x00, 0x00, 0x00,
  0x00, 0x00, 0x00, 0x00, 0x00, 0x00, 0x00, 0x00, 0x00, 0x00, 0x00, 0x00, 0x00, 0x00, 0x00, 0x00,
  0x00, 0x00, 0x00, 0x00, 0x00, 0x00, 0x00, 0x00, 0x00, 0x00, 0x00, 0x00, 0x00, 0x00, 0x00, 0x00,
  0x00, 0x00, 0x00, 0x00, 0x00, 0x00, 0x00, 0x00, 0x00, 0x00, 0x00, 0x00, 0x00, 0x00, 0x00, 0x00,
  0x00, 0x00, 0x00, 0x00, 0x00, 0x00, 0x00, 0x00, 0x00, 0x00, 0x00, 0x00, 0x00, 0x00, 0x00, 0x00,
  0x00, 0x00, 0x00, 0x00, 0x00, 0x00, 0x00, 0x00, 0x00, 0x00, 0x00, 0x00, 0x00, 0x00, 0x00, 0x00,
  0x00, 0x00, 0x00, 0x00, 0x00, 0x00, 0x00, 0x00, 0x00, 0x00, 0x00, 0x00, 0x00, 0x00, 0x00, 0x00,
  0x00, 0x00, 0x00, 0x00, 0x00, 0x00, 0x00, 0x00, 0x00, 0x00, 0x00, 0x00, 0x00, 0x00, 0x00, 0x00,
  0x00, 0x00, 0x00, 0x00, 0x00, 0x00, 0x00, 0x00, 0x00, 0x00, 0x00, 0x00, 0x00, 0x00, 0x00, 0x00,
  0x00, 0x00, 0x00, 0x00, 0x00, 0x00, 0x00, 0x00, 0x00, 0x00, 0x00, 0x00, 0x00, 0x00, 0x21, 0x18,
  0xa3, 0x48, 0xa2, 0x40, 0xa2, 0x38, 0xa1, 0x30, 0x23, 0x39, 0x64, 0x39, 0xc5, 0x39, 0xc5, 0x39,
  0x45, 0x31, 0x26, 0x31, 0x26, 0x31, 0x26, 0x31, 0x46, 0x31, 0x46, 0x31, 0x46, 0x31, 0x26, 0x31,
  0x04, 0x41, 0x04, 0x41, 0x04, 0x41, 0x25, 0x41, 0x04, 0x39, 0xc7, 0x49, 0x49, 0x52, 0x4a, 0x52,
  0x6a, 0x4a, 0x8a, 0x4a, 0x08, 0x42, 0x08, 0x42, 0x07, 0x42, 0x07, 0x42, 0x27, 0x42, 0x27, 0x42,
  0x07, 0x42, 0x06, 0x42, 0x07, 0x42, 0x28, 0x52, 0x28, 0x52, 0x86, 0x41, 0x45, 0x39, 0x28, 0x52,
  0x28, 0x4a, 0x28, 0x42, 0x89, 0x52, 0xaa, 0x5a, 0x8a, 0x62, 0xc7, 0x49, 0x66, 0x41, 0x28, 0x5a,
  0xa7, 0x49, 0x65, 0x39, 0x65, 0x39, 0xc7, 0x49, 0xe7, 0x49, 0x28, 0x52, 0x49, 0x5a, 0x08, 0x4a,
  0x49, 0x4a, 0x49, 0x4a, 0x49, 0x4a, 0x49, 0x4a, 0x48, 0x4a, 0x28, 0x4a, 0x46, 0x49, 0xc3, 0x38,
  0x69, 0x52, 0x2c, 0x63, 0xaa, 0x5a, 0x89, 0x52, 0x49, 0x4a, 0x49, 0x4a, 0x28, 0x42, 0xe7, 0x41,
  0xe7, 0x49, 0xc7, 0x41, 0x48, 0x4a, 0x28, 0x4a, 0x65, 0x41, 0xa2, 0x30, 0x0b, 0x83, 0xce, 0x9b,
  0xb1, 0xb4, 0x33, 0xc5, 0x74, 0xcd, 0x33, 0xc5, 0x95, 0xd5, 0x30, 0xac, 0x85, 0x51, 0xee, 0x9b,
  0x54, 0xcd, 0xd6, 0xdd, 0xd6, 0xd5, 0x95, 0xd5, 0x70, 0xac, 0xea, 0x82, 0x44, 0x51, 0xa2, 0x40,
  0x82, 0x40, 0x82, 0x48, 0xa2, 0x48, 0xa2, 0x48, 0xc2, 0x48, 0xc2, 0x48, 0xa2, 0x48, 0xa2, 0x48,
  0x61, 0x40, 0x45, 0x59, 0xeb, 0x8a, 0x30, 0xb4, 0xf3, 0xc4, 0x54, 0xcd, 0x50, 0xa4, 0x03, 0x41,
  0x24, 0x51, 0x0f, 0xb4, 0x34, 0xcd, 0x74, 0xcd, 0x33, 0xc5, 0x75, 0xc5, 0x75, 0xcd, 0x34, 0xc5,
  0xe7, 0x51, 0x07, 0x52, 0xeb, 0x62, 0xeb, 0x62, 0xeb, 0x5a, 0xeb, 0x5a, 0xeb, 0x62, 0xeb, 0x62,
  0xeb, 0x5a, 0xaa, 0x52, 0x51, 0x94, 0xb2, 0xac, 0xcb, 0x6a, 0xaa, 0x6a, 0x95, 0xc5, 0x79, 0xe6,
  0x51, 0xa4, 0xa2, 0x30, 0xc3, 0x38, 0xab, 0x72, 0xec, 0x7a, 0x49, 0x62, 0x69, 0x62, 0x08, 0x52,
  0x24, 0x39, 0xa5, 0x49, 0xc6, 0x51, 0xa5, 0x49, 0x24, 0x41, 0x00, 0x00, 0x00, 0x00, 0x00, 0x00,
  0x00, 0x00, 0x00, 0x00, 0x00, 0x00, 0x00, 0x00, 0x00, 0x00, 0x00, 0x00, 0x00, 0x00, 0x00, 0x00,
  0x00, 0x00, 0x00, 0x00, 0x00, 0x00, 0x00, 0x00, 0x00, 0x00, 0x00, 0x00, 0x00, 0x00, 0x00, 0x00,
  0x00, 0x00, 0x00, 0x00, 0x00, 0x00, 0x00, 0x00, 0x00, 0x00, 0x00, 0x00, 0x00, 0x00, 0x00, 0x00,
  0x00, 0x00, 0x00, 0x00, 0x00, 0x00, 0x00, 0x00, 0x00, 0x00, 0x00, 0x00, 0x00, 0x00, 0x00, 0x00,
  0x00, 0x00, 0x00, 0x00, 0x00, 0x00, 0x00, 0x00, 0x00, 0x00, 0x00, 0x00, 0x00, 0x00, 0x00, 0x00,
  0x00, 0x00, 0x00, 0x00, 0x00, 0x00, 0x00, 0x00, 0x00, 0x00, 0x00, 0x00, 0x00, 0x00, 0x00, 0x00,
  0x00, 0x00, 0x00, 0x00, 0x00, 0x00, 0x00, 0x00, 0x00, 0x00, 0x00, 0x00, 0x00, 0x00, 0x00, 0x00,
  0x00, 0x00, 0x00, 0x00, 0x00, 0x00, 0x00, 0x00, 0x00, 0x00, 0x00, 0x00, 0x00, 0x00, 0x00, 0x00,
  0x00, 0x00, 0x00, 0x00, 0x00, 0x00, 0x00, 0x00, 0x00, 0x00, 0x00, 0x00, 0x00, 0x00, 0x00, 0x00,
  0x00, 0x00, 0x00, 0x00, 0x00, 0x00, 0x00, 0x00, 0x00, 0x00, 0x00, 0x00, 0x00, 0x00, 0x00, 0x00,
  0x00, 0x00, 0x00, 0x00, 0x00, 0x00, 0x00, 0x00, 0x00, 0x00, 0x00, 0x00, 0x00, 0x00, 0x00, 0x00,
  0x00, 0x00, 0x00, 0x00, 0x00, 0x00, 0x00, 0x00, 0x00, 0x00, 0x00, 0x00, 0x00, 0x00, 0x00, 0x00,
  0x00, 0x00, 0x00, 0x00, 0x21, 0x18, 0xa3, 0x48, 0xc3, 0x40, 0xc3, 0x40, 0x04, 0x49, 0x24, 0x49,
  0x85, 0x41, 0xa5, 0x41, 0xa5, 0x39, 0x85, 0x39, 0x45, 0x31, 0x26, 0x31, 0x26, 0x31, 0x26, 0x31,
  0x26, 0x39, 0x26, 0x39, 0x26, 0x39, 0x05, 0x41, 0x82, 0x38, 0xc3, 0x40, 0x45, 0x49, 0x86, 0x49,
  0x29, 0x52, 0x49, 0x52, 0x49, 0x52, 0x49, 0x4a, 0x49, 0x42, 0x6a, 0x4a, 0x08, 0x42, 0x49, 0x4a,
  0x28, 0x42, 0x28, 0x42, 0x27, 0x42, 0x27, 0x42, 0x28, 0x42, 0x48, 0x4a, 0x48, 0x4a, 0x07, 0x4a,
  0x08, 0x52, 0x65, 0x41, 0x65, 0x39, 0x48, 0x52, 0xe7, 0x41, 0x69, 0x52, 0xeb, 0x62, 0x8a, 0x5a,
  0x08, 0x52, 0xe7, 0x51, 0xa7, 0x49, 0x66, 0x41, 0xc7, 0x49, 0x28, 0x4a, 0x49, 0x52, 0x49, 0x52,
  0x69, 0x5a, 0x28, 0x52, 0x08, 0x4a, 0x28, 0x4a, 0x49, 0x4a, 0x49, 0x4a, 0x49, 0x4a, 0x48, 0x4a,
  0x28, 0x4a, 0x07, 0x52, 0x04, 0x41, 0xc3, 0x40, 0x49, 0x5a, 0x4c, 0x6b, 0x89, 0x52, 0x89, 0x52,
  0x49, 0x4a, 0x48, 0x4a, 0x28, 0x42, 0xe7, 0x41, 0x08, 0x4a, 0xe7, 0x41, 0x69, 0x4a, 0x28, 0x4a,
  0x65, 0x41, 0xa2, 0x38, 0x4d, 0x8b, 0xce, 0x9b, 0xd1, 0xb4, 0x53, 0xc5, 0x74, 0xcd, 0x54, 0xcd,
  0x91, 0xb4, 0x85, 0x51, 0x30, 0xac, 0x95, 0xd5, 0x95, 0xd5, 0x95, 0xd5, 0x70, 0xac, 0xc9, 0x7a,
  0xc1, 0x38, 0xa1, 0x40, 0xc2, 0x40, 0xe3, 0x48, 0xe3, 0x50, 0xc2, 0x48, 0xa2, 0x48, 0xa2, 0x48,
  0xa1, 0x48, 0xe2, 0x50, 0x44, 0x59, 0x85, 0x69, 0x81, 0x40, 0xa6, 0x69, 0xce, 0xa3, 0x95, 0xdd,
  0x74, 0xcd, 0xb5, 0xd5, 0x50, 0xa4, 0xe2, 0x38, 0x28, 0x72, 0x34, 0xd5, 0x54, 0xcd, 0x54, 0xcd,
  0x33, 0xc5, 0x74, 0xcd, 0x75, 0xcd, 0x33, 0xc5, 0xe6, 0x51, 0xe7, 0x51, 0xeb, 0x6a, 0xeb, 0x62,
  0xeb, 0x5a, 0xeb, 0x5a, 0xeb, 0x62, 0xeb, 0x62, 0x48, 0x4a, 0x8d, 0x73, 0xf3, 0xac, 0x30, 0x9c,
  0x04, 0x39, 0x8e, 0x8b, 0x17, 0xd6, 0x38, 0xd6, 0x59, 0xe6, 0x8e, 0x8b, 0x41, 0x28, 0x8a, 0x6a,
  0xeb, 0x72, 0xab, 0x62, 0xeb, 0x6a, 0xaa, 0x5a, 0xa9, 0x62, 0x69, 0x5a, 0x69, 0x5a, 0x89, 0x62,
  0xe3, 0x38, 0x82, 0x28, 0x00, 0x00, 0x00, 0x00, 0x00, 0x00, 0x00, 0x00, 0x00, 0x00, 0x00, 0x00,
  0x00, 0x00, 0x00, 0x00, 0x00, 0x00, 0x00, 0x00, 0x00, 0x00, 0x00, 0x00, 0x00, 0x00, 0x00, 0x00,
  0x00, 0x00, 0x00, 0x00, 0x00, 0x00, 0x00, 0x00, 0x00, 0x00, 0x00, 0x00, 0x00, 0x00, 0x00, 0x00,
  0x00, 0x00, 0x00, 0x00, 0x00, 0x00, 0x00, 0x00, 0x00, 0x00, 0x00, 0x00, 0x00, 0x00, 0x00, 0x00,
  0x00, 0x00, 0x00, 0x00, 0x00, 0x00, 0x00, 0x00, 0x00, 0x00, 0x00, 0x00, 0x00, 0x00, 0x00, 0x00,
  0x00, 0x00, 0x00, 0x00, 0x00, 0x00, 0x00, 0x00, 0x00, 0x00, 0x00, 0x00, 0x00, 0x00, 0x00, 0x00,
  0x00, 0x00, 0x00, 0x00, 0x00, 0x00, 0x00, 0x00, 0x00, 0x00, 0x00, 0x00, 0x00, 0x00, 0x00, 0x00,
  0x00, 0x00, 0x00, 0x00, 0x00, 0x00, 0x00, 0x00, 0x00, 0x00, 0x00, 0x00, 0x00, 0x00, 0x00, 0x00,
  0x00, 0x00, 0x00, 0x00, 0x00, 0x00, 0x00, 0x00, 0x00, 0x00, 0x00, 0x00, 0x00, 0x00, 0x00, 0x00,
  0x00, 0x00, 0x00, 0x00, 0x00, 0x00, 0x00, 0x00, 0x00, 0x00, 0x00, 0x00, 0x00, 0x00, 0x00, 0x00,
  0x00, 0x00, 0x00, 0x00, 0x00, 0x00, 0x00, 0x00, 0x00, 0x00, 0x00, 0x00, 0x00, 0x00, 0x00, 0x00,
  0x00, 0x00, 0x00, 0x00, 0x00, 0x00, 0x00, 0x00, 0x00, 0x00, 0x00, 0x00, 0x00, 0x00, 0x00, 0x00,
  0x00, 0x00, 0x00, 0x00, 0x00, 0x00, 0x00, 0x00, 0x00, 0x00, 0x21, 0x18, 0xa4, 0x48, 0xc4, 0x48,
  0xe4, 0x40, 0x04, 0x41, 0x04, 0x41, 0x24, 0x41, 0x25, 0x41, 0x25, 0x41, 0x25, 0x41, 0x25, 0x39,
  0x25, 0x39, 0x24, 0x39, 0x24, 0x39, 0x04, 0x39, 0x04, 0x41, 0xe4, 0x40, 0x83, 0x38, 0xa4, 0x38,
  0x83, 0x38, 0x04, 0x41, 0x08, 0x52, 0x08, 0x4a, 0x49, 0x4a, 0x49, 0x4a, 0x49, 0x42, 0x49, 0x4a,
  0x29, 0x4a, 0x29, 0x4a, 0x29, 0x4a, 0x29, 0x4a, 0x28, 0x4a, 0x28, 0x4a, 0x28, 0x4a, 0x28, 0x4a,
  0x28, 0x4a, 0x28, 0x4a, 0x28, 0x4a, 0x28, 0x4a, 0x08, 0x52, 0x65, 0x41, 0xe7, 0x41, 0x07, 0x42,
  0x69, 0x52, 0x8a, 0x5a, 0x49, 0x5a, 0x86, 0x41, 0x46, 0x41, 0x45, 0x41, 0x46, 0x41, 0x87, 0x49,
  0xaa, 0x62, 0x8a, 0x5a, 0x49, 0x52, 0x08, 0x4a, 0x29, 0x4a, 0x29, 0x4a, 0x28, 0x4a, 0x28, 0x4a,
  0x49, 0x52, 0x49, 0x4a, 0x69, 0x4a, 0x68, 0x4a, 0x68, 0x52, 0x48, 0x5a, 0xe3, 0x48, 0xc3, 0x40,
  0x49, 0x5a, 0xca, 0x5a, 0x89, 0x52, 0x69, 0x52, 0x28, 0x42, 0x28, 0x42, 0x28, 0x42, 0x28, 0x4a,
  0x08, 0x4a, 0x08, 0x4a, 0x28, 0x42, 0x28, 0x4a, 0x45, 0x49, 0x45, 0x51, 0x8e, 0x9b, 0x50, 0xac,
  0x33, 0xc5, 0x33, 0xc5, 0x33, 0xc5, 0xf2, 0xbc, 0x85, 0x51, 0xea, 0x82, 0xb6, 0xdd, 0x95, 0xd5,
  0xd2, 0xbc, 0xea, 0x82, 0x40, 0x30, 0xe2, 0x48, 0xc1, 0x48, 0xc2, 0x48, 0x04, 0x51, 0xa3, 0x48,
  0x82, 0x48, 0x82, 0x48, 0x00, 0x30, 0x64, 0x61, 0x26, 0x7a, 0x87, 0x82, 0xcc, 0xab, 0xcc, 0xab,
  0xa5, 0x61, 0x85, 0x61, 0xae, 0xa3, 0x54, 0xd5, 0x54, 0xd5, 0x95, 0xd5, 0x4f, 0xac, 0x81, 0x30,
  0x0b, 0x83, 0x13, 0xc5, 0x74, 0xd5, 0x54, 0xcd, 0x94, 0xcd, 0x33, 0xc5, 0x54, 0xc5, 0x13, 0xbd,
  0x69, 0x62, 0x07, 0x52, 0x0b, 0x6b, 0x89, 0x52, 0xeb, 0x5a, 0xaa, 0x52, 0xeb, 0x62, 0x8a, 0x5a,
  0x69, 0x5a, 0x72, 0xa4, 0x96, 0xcd, 0x8e, 0x8b, 0x24, 0x41, 0xd3, 0xb4, 0x75, 0xc5, 0x13, 0xb5,
  0x75, 0xc5, 0xd3, 0xbc, 0x04, 0x41, 0x25, 0x49, 0xaa, 0x62, 0xcb, 0x62, 0xeb, 0x62, 0xeb, 0x62,
  0xcb, 0x5a, 0xab, 0x5a, 0xaa, 0x5a, 0xaa, 0x62, 0x85, 0x49, 0x82, 0x20, 0x00, 0x00, 0x00, 0x00,
  0x00, 0x00, 0x00, 0x00, 0x00, 0x00, 0x00, 0x00, 0x00, 0x00, 0x00, 0x00, 0x00, 0x00, 0x00, 0x00,
  0x00, 0x00, 0x00, 0x00, 0x00, 0x00, 0x00, 0x00, 0x00, 0x00, 0x00, 0x00, 0x00, 0x00, 0x00, 0x00,
  0x00, 0x00, 0x00, 0x00, 0x00, 0x00, 0x00, 0x00, 0x00, 0x00, 0x00, 0x00, 0x00, 0x00, 0x00, 0x00,
  0x00, 0x00, 0x00, 0x00, 0x00, 0x00, 0x00, 0x00, 0x00, 0x00, 0x00, 0x00, 0x00, 0x00, 0x00, 0x00,
  0x00, 0x00, 0x00, 0x00, 0x00, 0x00, 0x00, 0x00, 0x00, 0x00, 0x00, 0x00, 0x00, 0x00, 0x00, 0x00,
  0x00, 0x00, 0x00, 0x00, 0x00, 0x00, 0x00, 0x00, 0x00, 0x00, 0x00, 0x00, 0x00, 0x00, 0x00, 0x00,
  0x00, 0x00, 0x00, 0x00, 0x00, 0x00, 0x00, 0x00, 0x00, 0x00, 0x00, 0x00, 0x00, 0x00, 0x00, 0x00,
  0x00, 0x00, 0x00, 0x00, 0x00, 0x00, 0x00, 0x00, 0x00, 0x00, 0x00, 0x00, 0x00, 0x00, 0x00, 0x00,
  0x00, 0x00, 0x00, 0x00, 0x00, 0x00, 0x00, 0x00, 0x00, 0x00, 0x00, 0x00, 0x00, 0x00, 0x00, 0x00,
  0x00, 0x00, 0x00, 0x00, 0x00, 0x00, 0x00, 0x00, 0x00, 0x00, 0x00, 0x00, 0x00, 0x00, 0x00, 0x00,
  0x00, 0x00, 0x00, 0x00, 0x00, 0x00, 0x00, 0x00, 0x00, 0x00, 0x00, 0x00, 0x00, 0x00, 0x00, 0x00,
  0x00, 0x00, 0x00, 0x00, 0x00, 0x00, 0x00, 0x00, 0x00, 0x00, 0x00, 0x00, 0x00, 0x00, 0x00, 0x00,
  0x00, 0x00, 0x41, 0x18, 0xa4, 0x48, 0xc4, 0x48, 0xe4, 0x40, 0xe4, 0x40, 0xe4, 0x40, 0xe4, 0x40,
  0xe4, 0x40, 0xe4, 0x40, 0xe4, 0x40, 0x04, 0x41, 0x04, 0x39, 0x24, 0x39, 0x04, 0x39, 0x04, 0x41,
  0xe4, 0x40, 0xc4, 0x40, 0xc4, 0x40, 0x82, 0x38, 0xc4, 0x38, 0x86, 0x49, 0x29, 0x52, 0x48, 0x4a,
  0x69, 0x42, 0x49, 0x42, 0x49, 0x42, 0x49, 0x42, 0x29, 0x4a, 0x29, 0x4a, 0x29, 0x4a, 0x29, 0x4a,
  0x28, 0x4a, 0x28, 0x4a, 0x28, 0x4a, 0x28, 0x4a, 0x28, 0x4a, 0x28, 0x4a, 0x28, 0x4a, 0x28, 0x4a,
  0xa6, 0x49, 0x66, 0x49, 0x48, 0x52, 0x69, 0x52, 0x49, 0x5a, 0xa6, 0x49, 0x65, 0x41, 0x86, 0x41,
  0x66, 0x41, 0x46, 0x41, 0xc7, 0x49, 0x8a, 0x62, 0x6a, 0x5a, 0x69, 0x52, 0x28, 0x4a, 0x28, 0x4a,
  0x29, 0x4a, 0x29, 0x4a, 0x28, 0x4a, 0x28, 0x4a, 0x49, 0x52, 0x48, 0x4a, 0x68, 0x4a, 0x68, 0x4a,
  0x06, 0x4a, 0x44, 0x41, 0xe3, 0x48, 0x03, 0x49, 0x49, 0x5a, 0xaa, 0x5a, 0x69, 0x52, 0x49, 0x4a,
  0x28, 0x42, 0x28, 0x42, 0x28, 0x42, 0x28, 0x4a, 0x08, 0x4a, 0x08, 0x4a, 0x28, 0x42, 0x08, 0x4a,
  0x25, 0x49, 0x86, 0x61, 0xae, 0x9b, 0x91, 0xb4, 0x13, 0xbd, 0x95, 0xcd, 0x33, 0xc5, 0x6c, 0x8b,
  0xc6, 0x51, 0x54, 0xcd, 0x75, 0xd5, 0x75, 0xd5, 0x27, 0x6a, 0x60, 0x30, 0x20, 0x30, 0x23, 0x59,
  0xa0, 0x40, 0xa1, 0x40, 0xa2, 0x48, 0x81, 0x40, 0xc3, 0x50, 0xc2, 0x48, 0xa2, 0x48, 0x43, 0x59,
  0x8c, 0xa3, 0x6e, 0xbc, 0x0b, 0xac, 0xca, 0xa3, 0xa4, 0x61, 0xc6, 0x61, 0xef, 0xab, 0x95, 0xdd,
  0x13, 0xcd, 0xb5, 0xdd, 0x0f, 0xac, 0x64, 0x51, 0x2f, 0xac, 0x54, 0xcd, 0x94, 0xd5, 0x74, 0xcd,
  0x13, 0xc5, 0x12, 0xbd, 0x74, 0xcd, 0x54, 0xc5, 0x48, 0x62, 0x28, 0x5a, 0x0b, 0x6b, 0xca, 0x5a,
  0x89, 0x52, 0xeb, 0x5a, 0x8a, 0x5a, 0xab, 0x62, 0xcf, 0x8b, 0x75, 0xc5, 0x92, 0xac, 0xc7, 0x51,
  0x8a, 0x6a, 0x75, 0xc5, 0x74, 0xbd, 0xf3, 0xb4, 0x74, 0xc5, 0xf3, 0xbc, 0x45, 0x51, 0x04, 0x41,
  0xaa, 0x62, 0xcb, 0x62, 0x0b, 0x63, 0x0b, 0x5b, 0xcb, 0x5a, 0xcb, 0x5a, 0xcb, 0x5a, 0xaa, 0x62,
  0x08, 0x5a, 0xa2, 0x30, 0x00, 0x00, 0x00, 0x00, 0x00, 0x00, 0x00, 0x00, 0x00, 0x00, 0x00, 0x00,
  0x00, 0x00, 0x00, 0x00, 0x00, 0x00, 0x00, 0x00, 0x00, 0x00, 0x00, 0x00, 0x00, 0x00, 0x00, 0x00,
  0x00, 0x00, 0x00, 0x00, 0x00, 0x00, 0x00, 0x00, 0x00, 0x00, 0x00, 0x00, 0x00, 0x00, 0x00, 0x00,
  0x00, 0x00, 0x00, 0x00, 0x00, 0x00, 0x00, 0x00, 0x00, 0x00, 0x00, 0x00, 0x00, 0x00, 0x00, 0x00,
  0x00, 0x00, 0x00, 0x00, 0x00, 0x00, 0x00, 0x00, 0x00, 0x00, 0x00, 0x00, 0x00, 0x00, 0x00, 0x00,
  0x00, 0x00, 0x00, 0x00, 0x00, 0x00, 0x00, 0x00, 0x00, 0x00, 0x00, 0x00, 0x00, 0x00, 0x00, 0x00,
  0x00, 0x00, 0x00, 0x00, 0x00, 0x00, 0x00, 0x00, 0x00, 0x00, 0x00, 0x00, 0x00, 0x00, 0x00, 0x00,
  0x00, 0x00, 0x00, 0x00, 0x00, 0x00, 0x00, 0x00, 0x00, 0x00, 0x00, 0x00, 0x00, 0x00, 0x00, 0x00,
  0x00, 0x00, 0x00, 0x00, 0x00, 0x00, 0x00, 0x00, 0x00, 0x00, 0x00, 0x00, 0x00, 0x00, 0x00, 0x00,
  0x00, 0x00, 0x00, 0x00, 0x00, 0x00, 0x00, 0x00, 0x00, 0x00, 0x00, 0x00, 0x00, 0x00, 0x00, 0x00,
  0x00, 0x00, 0x00, 0x00, 0x00, 0x00, 0x00, 0x00, 0x00, 0x00, 0x00, 0x00, 0x00, 0x00, 0x00, 0x00,
  0x00, 0x00, 0x00, 0x00, 0x00, 0x00, 0x00, 0x00, 0x00, 0x00, 0x00, 0x00, 0x00, 0x00, 0x00, 0x00,
  0x00, 0x00, 0x00, 0x00, 0x00, 0x00, 0x00, 0x00, 0x00, 0x00, 0x00, 0x00, 0x82, 0x28, 0xc4, 0x40,
  0xc3, 0x40, 0xc3, 0x40, 0xc3, 0x40, 0xc3, 0x40, 0xc4, 0x40, 0xc4, 0x40, 0xe4, 0x40, 0xe4, 0x40,
  0x04, 0x39, 0x04, 0x39, 0x24, 0x39, 0x04, 0x39, 0xe4, 0x38, 0xc3, 0x38, 0x25, 0x49, 0x62, 0x28,
  0x05, 0x39, 0xe7, 0x51, 0x28, 0x52, 0x28, 0x4a, 0x48, 0x42, 0x48, 0x42, 0x49, 0x42, 0x28, 0x42,
  0x28, 0x4a, 0x29, 0x4a, 0x29, 0x4a, 0x29, 0x4a, 0x28, 0x4a, 0x28, 0x4a, 0x28, 0x4a, 0x28, 0x4a,
  0x48, 0x42, 0x48, 0x42, 0x48, 0x42, 0x28, 0x4a, 0x65, 0x49, 0x66, 0x49, 0x28, 0x5a, 0x08, 0x52,
  0x66, 0x41, 0x25, 0x39, 0x45, 0x39, 0xc7, 0x49, 0xc7, 0x41, 0x08, 0x4a, 0x49, 0x52, 0xaa, 0x5a,
  0x48, 0x4a, 0x48, 0x4a, 0x28, 0x4a, 0x28, 0x4a, 0x29, 0x4a, 0x29, 0x4a, 0x28, 0x4a, 0x28, 0x4a,
  0x69, 0x4a, 0x68, 0x4a, 0x68, 0x52, 0x07, 0x4a, 0x64, 0x41, 0xa2, 0x38, 0x44, 0x59, 0x24, 0x49,
  0x28, 0x52, 0x8a, 0x52, 0x49, 0x4a, 0x48, 0x4a, 0x28, 0x4a, 0x28, 0x4a, 0x28, 0x4a, 0x28, 0x4a,
  0x08, 0x4a, 0x08, 0x4a, 0x28, 0x4a, 0x08, 0x52, 0x04, 0x49, 0xe8, 0x69, 0xef, 0xa3, 0xf2, 0xbc,
  0x74, 0xcd, 0x54, 0xc5, 0x91, 0xac, 0x47, 0x62, 0x0f, 0xa4, 0x58, 0xee, 0x54, 0xd5, 0xa9, 0x82,
  0x42, 0x51, 0xc1, 0x40, 0x84, 0x61, 0xc2, 0x48, 0xe3, 0x50, 0xc2, 0x48, 0xa1, 0x48, 0xc5, 0x69,
  0xcd, 0xab, 0xee, 0xb3, 0x24, 0x59, 0xa1, 0x48, 0xc5, 0x69, 0x4d, 0xb4, 0xab, 0xbc, 0xe9, 0xab,
  0xc0, 0x40, 0x44, 0x59, 0xad, 0xa3, 0x13, 0xcd, 0x74, 0xd5, 0xb5, 0xe5, 0xcd, 0xa3, 0x0a, 0x8b,
  0x50, 0xb4, 0xb1, 0xbc, 0x91, 0xbc, 0x70, 0xb4, 0x90, 0xb4, 0xb1, 0xb4, 0x54, 0xcd, 0x33, 0xc5,
  0x07, 0x5a, 0x48, 0x5a, 0x0b, 0x6b, 0x0b, 0x63, 0x0b, 0x5b, 0x8a, 0x52, 0xab, 0x5a, 0x51, 0x94,
  0x35, 0xbd, 0x75, 0xc5, 0x4d, 0x83, 0x04, 0x39, 0x50, 0xa4, 0xd6, 0xd5, 0x75, 0xc5, 0xf2, 0xb4,
  0x74, 0xc5, 0x34, 0xc5, 0x08, 0x62, 0xc3, 0x38, 0xaa, 0x62, 0xeb, 0x62, 0x0b, 0x63, 0x0b, 0x5b,
  0xcb, 0x5a, 0xcb, 0x5a, 0xcb, 0x5a, 0xaa, 0x62, 0x8a, 0x62, 0xe3, 0x40, 0x00, 0x00, 0x00, 0x00,
  0x00, 0x00, 0x00, 0x00, 0x00, 0x00, 0x00, 0x00, 0x00, 0x00, 0x00, 0x00, 0x00, 0x00, 0x00, 0x00,
  0x00, 0x00, 0x00, 0x00, 0x00, 0x00, 0x00, 0x00, 0x00, 0x00, 0x00, 0x00, 0x00, 0x00, 0x00, 0x00,
  0x00, 0x00, 0x00, 0x00, 0x00, 0x00, 0x00, 0x00, 0x00, 0x00, 0x00, 0x00, 0x00, 0x00, 0x00, 0x00,
  0x00, 0x00, 0x00, 0x00, 0x00, 0x00, 0x00, 0x00, 0x00, 0x00, 0x00, 0x00, 0x00, 0x00, 0x00, 0x00,
  0x00, 0x00, 0x00, 0x00, 0x00, 0x00, 0x00, 0x00, 0x00, 0x00, 0x00, 0x00, 0x00, 0x00, 0x00, 0x00,
  0x00, 0x00, 0x00, 0x00, 0x00, 0x00, 0x00, 0x00, 0x00, 0x00, 0x00, 0x00, 0x00, 0x00, 0x00, 0x00,
  0x00, 0x00, 0x00, 0x00, 0x00, 0x00, 0x00, 0x00, 0x00, 0x00, 0x00, 0x00, 0x00, 0x00, 0x00, 0x00,
  0x00, 0x00, 0x00, 0x00, 0x00, 0x00, 0x00, 0x00, 0x00, 0x00, 0x00, 0x00, 0x00, 0x00, 0x00, 0x00,
  0x00, 0x00, 0x00, 0x00, 0x00, 0x00, 0x00, 0x00, 0x00, 0x00, 0x00, 0x00, 0x00, 0x00, 0x00, 0x00,
  0x00, 0x00, 0x00, 0x00, 0x00, 0x00, 0x00, 0x00, 0x00, 0x00, 0x00, 0x00, 0x00, 0x00, 0x00, 0x00,
  0x00, 0x00, 0x00, 0x00, 0x00, 0x00, 0x00, 0x00, 0x00, 0x00, 0x00, 0x00, 0x00, 0x00, 0x00, 0x00,
  0x00, 0x00, 0x00, 0x00, 0x00, 0x00, 0x00, 0x00, 0x00, 0x00, 0x00, 0x00, 0x00, 0x00, 0x00, 0x00,
  0x00, 0x00, 0x00, 0x00, 0x00, 0x00, 0x41, 0x10, 0x82, 0x28, 0xa3, 0x40, 0xa3, 0x40, 0xa3, 0x40,
  0xa3, 0x40, 0xa3, 0x40, 0xc3, 0x40, 0xe3, 0x40, 0x03, 0x39, 0x03, 0x39, 0x04, 0x39, 0x04, 0x39,
  0xe4, 0x38, 0xc3, 0x38, 0x66, 0x49, 0x41, 0x20, 0x45, 0x41, 0x28, 0x52, 0xe8, 0x49, 0x08, 0x4a,
  0x48, 0x4a, 0x28, 0x42, 0x28, 0x42, 0x28, 0x42, 0x28, 0x4a, 0x28, 0x4a, 0x29, 0x4a, 0x29, 0x4a,
  0x28, 0x4a, 0x28, 0x4a, 0x28, 0x4a, 0x28, 0x4a, 0x48, 0x42, 0x48, 0x3a, 0x48, 0x42, 0x28, 0x4a,
  0x25, 0x41, 0x45, 0x49, 0xa7, 0x51, 0x24, 0x39, 0xe3, 0x30, 0x86, 0x41, 0x08, 0x52, 0x28, 0x52,
  0x08, 0x4a, 0xaa, 0x5a, 0xaa, 0x5a, 0x28, 0x4a, 0x08, 0x4a, 0x28, 0x4a, 0x28, 0x4a, 0x28, 0x4a,
  0x28, 0x4a, 0x28, 0x4a, 0x28, 0x4a, 0x48, 0x4a, 0x88, 0x4a, 0x68, 0x4a, 0x48, 0x52, 0x65, 0x41,
  0xc3, 0x38, 0x24, 0x51, 0x28, 0x7a, 0xe3, 0x40, 0x28, 0x52, 0x89, 0x52, 0x48, 0x4a, 0x28, 0x42,
  0x28, 0x4a, 0x28, 0x4a, 0x28, 0x4a, 0x28, 0x4a, 0x28, 0x4a, 0x08, 0x4a, 0x08, 0x4a, 0x08, 0x52,
  0x04, 0x41, 0x49, 0x72, 0x30, 0xac, 0x33, 0xc5, 0x33, 0xbd, 0x94, 0xc5, 0xce, 0x93, 0x89, 0x6a,
  0xd6, 0xdd, 0x95, 0xd5, 0x0c, 0x8b, 0xc6, 0x69, 0x22, 0x51, 0x02, 0x51, 0x44, 0x59, 0x03, 0x51,
  0x80, 0x40, 0x26, 0x72, 0x65, 0x7a, 0x07, 0x8b, 0xca, 0xa3, 0xcb, 0xa3, 0xc4, 0x61, 0x40, 0x30,
  0x40, 0x30, 0x89, 0x9b, 0x8e, 0xdd, 0x4a, 0xb4, 0xa0, 0x40, 0x85, 0x59, 0x0e, 0xac, 0x53, 0xd5,
  0x4f, 0xb4, 0xa9, 0x7a, 0x4f, 0xb4, 0xee, 0xa3, 0x2f, 0xac, 0x50, 0xb4, 0x4f, 0xac, 0x0f, 0xac,
  0x0f, 0xac, 0x0f, 0xac, 0x91, 0xbc, 0x91, 0xb4, 0xa5, 0x51, 0x07, 0x52, 0xa9, 0x5a, 0xeb, 0x62,
  0x0b, 0x63, 0x8a, 0x52, 0x31, 0x8c, 0xd7, 0xc5, 0x35, 0xbd, 0x92, 0xac, 0xa6, 0x49, 0x69, 0x62,
  0x55, 0xc5, 0x95, 0xcd, 0xf2, 0xb4, 0x74, 0xc5, 0x54, 0xc5, 0x74, 0xcd, 0x69, 0x72, 0xa2, 0x30,
  0xaa, 0x62, 0xcb, 0x5a, 0xeb, 0x5a, 0xeb, 0x5a, 0xeb, 0x5a, 0xcb, 0x5a, 0xab, 0x5a, 0xaa, 0x5a,
  0x69, 0x62, 0x86, 0x51, 0x21, 0x18, 0x00, 0x00, 0x00, 0x00, 0x00, 0x00, 0x00, 0x00, 0x00, 0x00,
  0x00, 0x00, 0x00, 0x00, 0x00, 0x00, 0x00, 0x00, 0x00, 0x00, 0x00, 0x00, 0x00, 0x00, 0x00, 0x00,
  0x00, 0x00, 0x00, 0x00, 0x00, 0x00, 0x00, 0x00, 0x00, 0x00, 0x00, 0x00, 0x00, 0x00, 0x00, 0x00,
  0x00, 0x00, 0x00, 0x00, 0x00, 0x00, 0x00, 0x00, 0x00, 0x00, 0x00, 0x00, 0x00, 0x00, 0x00, 0x00,
  0x00, 0x00, 0x00, 0x00, 0x00, 0x00, 0x00, 0x00, 0x00, 0x00, 0x00, 0x00, 0x00, 0x00, 0x00, 0x00,
  0x00, 0x00, 0x00, 0x00, 0x00, 0x00, 0x00, 0x00, 0x00, 0x00, 0x00, 0x00, 0x00, 0x00, 0x00, 0x00,
  0x00, 0x00, 0x00, 0x00, 0x00, 0x00, 0x00, 0x00, 0x00, 0x00, 0x00, 0x00, 0x00, 0x00, 0x00, 0x00,
  0x00, 0x00, 0x00, 0x00, 0x00, 0x00, 0x00, 0x00, 0x00, 0x00, 0x00, 0x00, 0x00, 0x00, 0x00, 0x00,
  0x00, 0x00, 0x00, 0x00, 0x00, 0x00, 0x00, 0x00, 0x00, 0x00, 0x00, 0x00, 0x00, 0x00, 0x00, 0x00,
  0x00, 0x00, 0x00, 0x00, 0x00, 0x00, 0x00, 0x00, 0x00, 0x00, 0x00, 0x00, 0x00, 0x00, 0x00, 0x00,
  0x00, 0x00, 0x00, 0x00, 0x00, 0x00, 0x00, 0x00, 0x00, 0x00, 0x00, 0x00, 0x00, 0x00, 0x00, 0x00,
  0x00, 0x00, 0x00, 0x00, 0x00, 0x00, 0x00, 0x00, 0x00, 0x00, 0x00, 0x00, 0x00, 0x00, 0x00, 0x00,
  0x00, 0x00, 0x00, 0x00, 0x00, 0x00, 0x00, 0x00, 0x00, 0x00, 0x00, 0x00, 0x00, 0x00, 0x00, 0x00,
  0x00, 0x00, 0x00, 0x00, 0x41, 0x18, 0x82, 0x30, 0x82, 0x38, 0xa3, 0x40, 0xc3, 0x40, 0xc3, 0x40,
  0xe3, 0x40, 0xe3, 0x40, 0xe4, 0x40, 0x04, 0x41, 0xe4, 0x40, 0x24, 0x41, 0xa3, 0x30, 0xc3, 0x30,
  0xa7, 0x49, 0xe8, 0x49, 0x08, 0x4a, 0x49, 0x52, 0x28, 0x4a, 0x28, 0x4a, 0x28, 0x42, 0x28, 0x42,
  0x28, 0x4a, 0x28, 0x4a, 0x28, 0x4a, 0x28, 0x4a, 0x28, 0x4a, 0x28, 0x4a, 0x28, 0x4a, 0x28, 0x4a,
  0x48, 0x3a, 0x48, 0x3a, 0x48, 0x42, 0x28, 0x4a, 0x25, 0x41, 0x45, 0x49, 0x45, 0x41, 0x65, 0x39,
  0x28, 0x4a, 0x89, 0x52, 0xaa, 0x5a, 0x89, 0x52, 0x08, 0x4a, 0x8a, 0x62, 0xaa, 0x62, 0x08, 0x4a,
  0x08, 0x4a, 0x08, 0x4a, 0x28, 0x4a, 0x28, 0x4a, 0x28, 0x4a, 0x28, 0x4a, 0x28, 0x4a, 0x28, 0x4a,
  0x68, 0x4a, 0x89, 0x52, 0x08, 0x52, 0x65, 0x49, 0xc3, 0x40, 0x28, 0x72, 0x0b, 0x93, 0xc2, 0x38,
  0xe7, 0x49, 0x69, 0x52, 0xe8, 0x41, 0x49, 0x4a, 0x28, 0x4a, 0x28, 0x4a, 0x28, 0x4a, 0x28, 0x4a,
  0x28, 0x4a, 0x08, 0x4a, 0x29, 0x52, 0xa7, 0x51, 0x25, 0x49, 0xcb, 0x82, 0xd2, 0xbc, 0x54, 0xc5,
  0x33, 0xbd, 0x13, 0xbd, 0x8d, 0x8b, 0x50, 0xa4, 0x58, 0xee, 0x6d, 0x93, 0x24, 0x49, 0x24, 0x51,
  0xc2, 0x48, 0xe3, 0x48, 0x60, 0x38, 0x22, 0x51, 0xe7, 0x8a, 0x8b, 0xbc, 0x48, 0xb4, 0xc9, 0xbc,
  0x0f, 0xe6, 0x15, 0xff, 0x28, 0x8b, 0xa0, 0x38, 0xc0, 0x40, 0x27, 0x8b, 0x51, 0xee, 0x6e, 0xd5,
  0xa3, 0x61, 0xe2, 0x48, 0x68, 0x7a, 0xc9, 0x82, 0x84, 0x59, 0x89, 0x7a, 0x2f, 0xb4, 0xee, 0xab,
  0x0f, 0xac, 0x2f, 0xac, 0x2f, 0xac, 0x2f, 0xac, 0x70, 0xb4, 0x0f, 0xac, 0x30, 0xb4, 0x2c, 0x8b,
  0x85, 0x49, 0xca, 0x6a, 0xa9, 0x5a, 0xeb, 0x5a, 0xaa, 0x52, 0x8a, 0x52, 0xd8, 0xc5, 0xbb, 0xe6,
  0x34, 0xbd, 0x2c, 0x7b, 0x65, 0x49, 0x10, 0x9c, 0x54, 0xc5, 0x54, 0xc5, 0x54, 0xc5, 0x54, 0xc5,
  0xb5, 0xcd, 0x74, 0xcd, 0xe7, 0x61, 0xc2, 0x30, 0xaa, 0x62, 0xeb, 0x5a, 0xeb, 0x5a, 0xec, 0x5a,
  0xeb, 0x5a, 0xcb, 0x5a, 0xab, 0x5a, 0x8a, 0x5a, 0xaa, 0x6a, 0x86, 0x51, 0x62, 0x28, 0x00, 0x00,
  0x00, 0x00, 0x00, 0x00, 0x00, 0x00, 0x00, 0x00, 0x00, 0x00, 0x00, 0x00, 0x00, 0x00, 0x00, 0x00,
  0x00, 0x00, 0x00, 0x00, 0x00, 0x00, 0x00, 0x00, 0x00, 0x00, 0x00, 0x00, 0x00, 0x00, 0x00, 0x00,
  0x00, 0x00, 0x00, 0x00, 0x00, 0x00, 0x00, 0x00, 0x00, 0x00, 0x00, 0x00, 0x00, 0x00, 0x00, 0x00,
  0x00, 0x00, 0x00, 0x00, 0x00, 0x00, 0x00, 0x00, 0x00, 0x00, 0x00, 0x00, 0x00, 0x00, 0x00, 0x00,
  0x00, 0x00, 0x00, 0x00, 0x00, 0x00, 0x00, 0x00, 0x00, 0x00, 0x00, 0x00, 0x00, 0x00, 0x00, 0x00,
  0x00, 0x00, 0x00, 0x00, 0x00, 0x00, 0x00, 0x00, 0x00, 0x00, 0x00, 0x00, 0x00, 0x00, 0x00, 0x00,
  0x00, 0x00, 0x00, 0x00, 0x00, 0x00, 0x00, 0x00, 0x00, 0x00, 0x00, 0x00, 0x00, 0x00, 0x00, 0x00,
  0x00, 0x00, 0x00, 0x00, 0x00, 0x00, 0x00, 0x00, 0x00, 0x00, 0x00, 0x00, 0x00, 0x00, 0x00, 0x00,
  0x00, 0x00, 0x00, 0x00, 0x00, 0x00, 0x00, 0x00, 0x00, 0x00, 0x00, 0x00, 0x00, 0x00, 0x00, 0x00,
  0x00, 0x00, 0x00, 0x00, 0x00, 0x00, 0x00, 0x00, 0x00, 0x00, 0x00, 0x00, 0x00, 0x00, 0x00, 0x00,
  0x00, 0x00, 0x00, 0x00, 0x00, 0x00, 0x00, 0x00, 0x00, 0x00, 0x00, 0x00, 0x00, 0x00, 0x00, 0x00,
  0x00, 0x00, 0x00, 0x00, 0x00, 0x00, 0x00, 0x00, 0x00, 0x00, 0x00, 0x00, 0x00, 0x00, 0x00, 0x00,
  0x00, 0x00, 0x00, 0x00, 0x00, 0x00, 0x00, 0x00, 0x00, 0x00, 0x00, 0x00, 0x00, 0x00, 0x00, 0x00,
  0x00, 0x00, 0x00, 0x08, 0x41, 0x18, 0x41, 0x18, 0x61, 0x28, 0x82, 0x30, 0xa3, 0x38, 0xa3, 0x38,
  0xe4, 0x40, 0xe4, 0x40, 0x83, 0x30, 0x04, 0x39, 0xe8, 0x49, 0x08, 0x4a, 0x28, 0x4a, 0x29, 0x52,
  0x08, 0x4a, 0x08, 0x4a, 0x28, 0x42, 0x28, 0x42, 0x28, 0x4a, 0x28, 0x4a, 0x28, 0x4a, 0x28, 0x4a,
  0x28, 0x4a, 0x28, 0x4a, 0x28, 0x4a, 0x48, 0x4a, 0x48, 0x42, 0x48, 0x42, 0x28, 0x42, 0x08, 0x4a,
  0x04, 0x39, 0x25, 0x41, 0x86, 0x41, 0x28, 0x52, 0xeb, 0x62, 0xca, 0x52, 0x89, 0x52, 0x69, 0x4a,
  0x69, 0x52, 0x69, 0x5a, 0x69, 0x5a, 0x28, 0x52, 0x08, 0x4a, 0x08, 0x4a, 0x28, 0x4a, 0x28, 0x4a,
  0x28, 0x4a, 0x28, 0x4a, 0x28, 0x4a, 0x28, 0x4a, 0x28, 0x4a, 0x07, 0x52, 0x28, 0x5a, 0x61, 0x28,
  0xa6, 0x59, 0x4d, 0x93, 0x0b, 0x8b, 0xc2, 0x38, 0x08, 0x4a, 0x49, 0x4a, 0x08, 0x42, 0x49, 0x4a,
  0x28, 0x4a, 0x28, 0x4a, 0x28, 0x4a, 0x28, 0x4a, 0x28, 0x42, 0x28, 0x4a, 0x08, 0x5a, 0x46, 0x49,
  0x45, 0x51, 0x8e, 0x9b, 0x34, 0xc5, 0x13, 0xbd, 0x74, 0xc5, 0x74, 0xc5, 0x33, 0xbd, 0x33, 0xc5,
  0x75, 0xd5, 0xc7, 0x61, 0x03, 0x49, 0xe3, 0x48, 0x04, 0x51, 0x03, 0x51, 0x83, 0x61, 0x69, 0x9b,
  0x29, 0xac, 0xa8, 0xbc, 0x65, 0xac, 0x27, 0xc5, 0x2d, 0xe6, 0x54, 0xff, 0x6e, 0xd5, 0xc5, 0x7a,
  0x81, 0x51, 0xea, 0xa3, 0x32, 0xee, 0x0e, 0xc5, 0xe1, 0x48, 0xc2, 0x40, 0x64, 0x59, 0x68, 0x7a,
  0xad, 0xa3, 0xb1, 0xc4, 0xce, 0xab, 0x0e, 0xac, 0x0f, 0xb4, 0x0f, 0xac, 0x0f, 0xac, 0x0f, 0xac,
  0xef, 0xab, 0xee, 0xab, 0x50, 0xb4, 0x2c, 0x8b, 0xa6, 0x51, 0xaa, 0x6a, 0xaa, 0x5a, 0xcb, 0x5a,
  0xeb, 0x5a, 0x39, 0xc6, 0x9b, 0xde, 0x76, 0xbd, 0x71, 0xa4, 0x65, 0x41, 0xe7, 0x59, 0xb6, 0xcd,
  0x54, 0xc5, 0x54, 0xc5, 0x54, 0xc5, 0x54, 0xc5, 0x95, 0xcd, 0x33, 0xc5, 0xc6, 0x59, 0xe3, 0x38,
  0xaa, 0x62, 0xeb, 0x5a, 0xeb, 0x5a, 0xeb, 0x5a, 0xeb, 0x5a, 0xcb, 0x5a, 0xaa, 0x5a, 0x8a, 0x5a,
  0x49, 0x62, 0xa7, 0x51, 0xa3, 0x40, 0x00, 0x00, 0x00, 0x00, 0x00, 0x00, 0x00, 0x00, 0x00, 0x00,
  0x00, 0x00, 0x00, 0x00, 0x00, 0x00, 0x00, 0x00, 0x00, 0x00, 0x00, 0x00, 0x00, 0x00, 0x00, 0x00,
  0x00, 0x00, 0x00, 0x00, 0x00, 0x00, 0x00, 0x00, 0x00, 0x00, 0x00, 0x00, 0x00, 0x00, 0x00, 0x00,
  0x00, 0x00, 0x00, 0x00, 0x00, 0x00, 0x00, 0x00, 0x00, 0x00, 0x00, 0x00, 0x00, 0x00, 0x00, 0x00,
  0x00, 0x00, 0x00, 0x00, 0x00, 0x00, 0x00, 0x00, 0x00, 0x00, 0x00, 0x00, 0x00, 0x00, 0x00, 0x00,
  0x00, 0x00, 0x00, 0x00, 0x00, 0x00, 0x00, 0x00, 0x00, 0x00, 0x00, 0x00, 0x00, 0x00, 0x00, 0x00,
  0x00, 0x00, 0x00, 0x00, 0x00, 0x00, 0x00, 0x00, 0x00, 0x00, 0x00, 0x00, 0x00, 0x00, 0x00, 0x00,
  0x00, 0x00, 0x00, 0x00, 0x00, 0x00, 0x00, 0x00, 0x00, 0x00, 0x00, 0x00, 0x00, 0x00, 0x00, 0x00,
  0x00, 0x00, 0x00, 0x00, 0x00, 0x00, 0x00, 0x00, 0x00, 0x00, 0x00, 0x00, 0x00, 0x00, 0x00, 0x00,
  0x00, 0x00, 0x00, 0x00, 0x00, 0x00, 0x00, 0x00, 0x00, 0x00, 0x00, 0x00, 0x00, 0x00, 0x00, 0x00,
  0x00, 0x00, 0x00, 0x00, 0x00, 0x00, 0x00, 0x00, 0x00, 0x00, 0x00, 0x00, 0x00, 0x00, 0x00, 0x00,
  0x00, 0x00, 0x00, 0x00, 0x00, 0x00, 0x00, 0x00, 0x00, 0x00, 0x00, 0x00, 0x00, 0x00, 0x00, 0x00,
  0x00, 0x00, 0x00, 0x00, 0x00, 0x00, 0x00, 0x00, 0x00, 0x00, 0x00, 0x00, 0x00, 0x00, 0x00, 0x00,
  0x00, 0x00, 0x00, 0x00, 0x00, 0x00, 0x00, 0x00, 0x00, 0x00, 0x00, 0x00, 0x00, 0x00, 0x00, 0x00,
  0x00, 0x00, 0x00, 0x00, 0x00, 0x00, 0x00, 0x00, 0x21, 0x10, 0x62, 0x30, 0x62, 0x38, 0x25, 0x41,
  0x28, 0x4a, 0x48, 0x4a, 0x28, 0x4a, 0x08, 0x4a, 0x08, 0x4a, 0x28, 0x4a, 0x28, 0x4a, 0x28, 0x4a,
  0x28, 0x4a, 0x28, 0x4a, 0x28, 0x4a, 0x28, 0x4a, 0x28, 0x4a, 0x28, 0x4a, 0x08, 0x4a, 0x28, 0x4a,
  0x69, 0x52, 0x49, 0x4a, 0x08, 0x42, 0xc7, 0x41, 0x04, 0x31, 0x86, 0x41, 0x69, 0x5a, 0xcb, 0x5a,
  0xeb, 0x62, 0x69, 0x4a, 0x28, 0x42, 0x69, 0x4a, 0x89, 0x52, 0x89, 0x52, 0x48, 0x4a, 0x28, 0x4a,
  0x69, 0x52, 0x69, 0x52, 0x69, 0x52, 0x69, 0x52, 0x28, 0x4a, 0x28, 0x4a, 0x28, 0x4a, 0x28, 0x4a,
  0xa6, 0x49, 0xc7, 0x59, 0xe3, 0x38, 0xc2, 0x38, 0x2c, 0x8b, 0xef, 0xa3, 0x48, 0x6a, 0xe3, 0x38,
  0x08, 0x52, 0x28, 0x4a, 0x29, 0x4a, 0x29, 0x4a, 0x28, 0x4a, 0x28, 0x4a, 0x28, 0x4a, 0x48, 0x4a,
  0x27, 0x42, 0x28, 0x4a, 0x08, 0x5a, 0xe4, 0x40, 0xc7, 0x61, 0x51, 0xac, 0x54, 0xcd, 0x13, 0xbd,
  0x74, 0xc5, 0x74, 0xc5, 0xb5, 0xcd, 0x54, 0xcd, 0x0f, 0xa4, 0xe3, 0x40, 0xc2, 0x40, 0xc2, 0x48,
  0xe2, 0x48, 0x87, 0x7a, 0x8c, 0xbc, 0xcb, 0xbc, 0x2a, 0xc5, 0x48, 0xc5, 0x87, 0xc5, 0x2a, 0xde,
  0xee, 0xf6, 0xd3, 0xff, 0x73, 0xff, 0xae, 0xd5, 0xed, 0xbc, 0x70, 0xd5, 0x91, 0xd5, 0x6a, 0x93,
  0xc1, 0x40, 0x80, 0x38, 0x23, 0x51, 0x6c, 0x9b, 0xee, 0xab, 0x0e, 0xb4, 0x2f, 0xb4, 0xee, 0xb3,
  0x0f, 0xb4, 0x0f, 0xb4, 0x0f, 0xb4, 0x0f, 0xb4, 0x50, 0xbc, 0x2f, 0xb4, 0x0f, 0xac, 0x48, 0x72,
  0xe7, 0x59, 0x07, 0x52, 0xeb, 0x62, 0x0c, 0x63, 0x55, 0xad, 0x1c, 0xe7, 0xdc, 0xde, 0x36, 0xb5,
  0x10, 0x94, 0xc6, 0x51, 0x50, 0xa4, 0x18, 0xde, 0x54, 0xc5, 0x54, 0xc5, 0x54, 0xc5, 0x54, 0xc5,
  0xd6, 0xd5, 0x50, 0xa4, 0x24, 0x49, 0x85, 0x49, 0xca, 0x62, 0xeb, 0x62, 0xeb, 0x5a, 0xeb, 0x5a,
  0xeb, 0x5a, 0xcb, 0x5a, 0xaa, 0x5a, 0x8a, 0x5a, 0xab, 0x6a, 0x08, 0x62, 0x62, 0x38, 0x00, 0x00,
  0x00, 0x00, 0x00, 0x00, 0x00, 0x00, 0x00, 0x00, 0x00, 0x00, 0x00, 0x00, 0x00, 0x00, 0x00, 0x00,
  0x00, 0x00, 0x00, 0x00, 0x00, 0x00, 0x00, 0x00, 0x00, 0x00, 0x00, 0x00, 0x00, 0x00, 0x00, 0x00,
  0x00, 0x00, 0x00, 0x00, 0x00, 0x00, 0x00, 0x00, 0x00, 0x00, 0x00, 0x00, 0x00, 0x00, 0x00, 0x00,
  0x00, 0x00, 0x00, 0x00, 0x00, 0x00, 0x00, 0x00, 0x00, 0x00, 0x00, 0x00, 0x00, 0x00, 0x00, 0x00,
  0x00, 0x00, 0x00, 0x00, 0x00, 0x00, 0x00, 0x00, 0x00, 0x00, 0x00, 0x00, 0x00, 0x00, 0x00, 0x00,
  0x00, 0x00, 0x00, 0x00, 0x00, 0x00, 0x00, 0x00, 0x00, 0x00, 0x00, 0x00, 0x00, 0x00, 0x00, 0x00,
  0x00, 0x00, 0x00, 0x00, 0x00, 0x00, 0x00, 0x00, 0x00, 0x00, 0x00, 0x00, 0x00, 0x00, 0x00, 0x00,
  0x00, 0x00, 0x00, 0x00, 0x00, 0x00, 0x00, 0x00, 0x00, 0x00, 0x00, 0x00, 0x00, 0x00, 0x00, 0x00,
  0x00, 0x00, 0x00, 0x00, 0x00, 0x00, 0x00, 0x00, 0x00, 0x00, 0x00, 0x00, 0x00, 0x00, 0x00, 0x00,
  0x00, 0x00, 0x00, 0x00, 0x00, 0x00, 0x00, 0x00, 0x00, 0x00, 0x00, 0x00, 0x00, 0x00, 0x00, 0x00,
  0x00, 0x00, 0x00, 0x00, 0x00, 0x00, 0x00, 0x00, 0x00, 0x00, 0x00, 0x00, 0x00, 0x00, 0x00, 0x00,
  0x00, 0x00, 0x00, 0x00, 0x00, 0x00, 0x00, 0x00, 0x00, 0x00, 0x00, 0x00, 0x00, 0x00, 0x00, 0x00,
  0x00, 0x00, 0x00, 0x00, 0x00, 0x00, 0x00, 0x00, 0x00, 0x00, 0x00, 0x00, 0x00, 0x00, 0x00, 0x00,
  0x00, 0x00, 0x00, 0x00, 0x00, 0x00, 0x00, 0x00, 0x00, 0x00, 0x00, 0x00, 0x00, 0x00, 0x00, 0x00,
  0x00, 0x08, 0x21, 0x20, 0x62, 0x38, 0x86, 0x49, 0x49, 0x4a, 0x48, 0x4a, 0x08, 0x4a, 0xe8, 0x49,
  0x08, 0x4a, 0x28, 0x4a, 0x28, 0x4a, 0x28, 0x4a, 0x28, 0x4a, 0x28, 0x4a, 0x28, 0x4a, 0x28, 0x4a,
  0x28, 0x4a, 0x28, 0x4a, 0x08, 0x4a, 0x28, 0x4a, 0x8a, 0x5a, 0x49, 0x52, 0x08, 0x42, 0xc7, 0x41,
  0x65, 0x39, 0x69, 0x5a, 0x0c, 0x63, 0xca, 0x5a, 0x48, 0x4a, 0xc7, 0x41, 0x07, 0x42, 0xca, 0x5a,
  0xaa, 0x5a, 0x69, 0x52, 0x49, 0x4a, 0x28, 0x4a, 0xe7, 0x49, 0xe7, 0x49, 0xe7, 0x49, 0xe7, 0x49,
  0x08, 0x52, 0x08, 0x52, 0x08, 0x52, 0x08, 0x52, 0x29, 0x62, 0x86, 0x51, 0x03, 0x39, 0x89, 0x72,
  0x0f, 0xa4, 0xee, 0xa3, 0x65, 0x51, 0xe3, 0x38, 0x08, 0x52, 0x08, 0x4a, 0x49, 0x4a, 0x28, 0x4a,
  0x28, 0x4a, 0x28, 0x4a, 0x28, 0x4a, 0x48, 0x4a, 0x27, 0x42, 0x28, 0x4a, 0xe8, 0x59, 0xa3, 0x38,
  0x49, 0x72, 0x92, 0xbc, 0x54, 0xc5, 0x54, 0xc5, 0x74, 0xc5, 0x54, 0xc5, 0x13, 0xbd, 0x75, 0xcd,
  0x07, 0x62, 0x03, 0x41, 0xa2, 0x40, 0xa2, 0x40, 0xc1, 0x48, 0xc7, 0x82, 0xcc, 0xc4, 0xc8, 0xbc,
  0x47, 0xc5, 0xe8, 0xd5, 0xaa, 0xee, 0xab, 0xee, 0x0e, 0xff, 0x92, 0xff, 0x13, 0xff, 0xf4, 0xfe,
  0x12, 0xe6, 0xc7, 0x82, 0x25, 0x6a, 0x26, 0x6a, 0xc9, 0x82, 0xc9, 0x8a, 0x4b, 0x9b, 0xce, 0xab,
  0xce, 0xab, 0xcd, 0xab, 0x0e, 0xb4, 0x0f, 0xb4, 0x0f, 0xb4, 0x0f, 0xb4, 0x0f, 0xb4, 0x0f, 0xb4,
  0xee, 0xab, 0x2f, 0xb4, 0x0f, 0xac, 0x48, 0x72, 0xa6, 0x51, 0x89, 0x62, 0x08, 0x4a, 0x92, 0x9c,
  0xbb, 0xde, 0x3d, 0xef, 0x5a, 0xce, 0xd4, 0xac, 0x08, 0x5a, 0xc7, 0x51, 0x14, 0xc5, 0x34, 0xc5,
  0x54, 0xc5, 0x54, 0xc5, 0x54, 0xbd, 0x54, 0xbd, 0x37, 0xde, 0x8d, 0x8b, 0x61, 0x30, 0x28, 0x62,
  0xea, 0x62, 0xeb, 0x62, 0xcb, 0x5a, 0xeb, 0x5a, 0xeb, 0x5a, 0xcb, 0x5a, 0xcb, 0x5a, 0x8a, 0x5a,
  0x69, 0x5a, 0x29, 0x62, 0xa3, 0x38, 0x00, 0x08, 0x00, 0x00, 0x00, 0x00, 0x00, 0x00, 0x00, 0x00,
  0x00, 0x00, 0x00, 0x00, 0x00, 0x00, 0x00, 0x00, 0x00, 0x00, 0x00, 0x00, 0x00, 0x00, 0x00, 0x00,
  0x00, 0x00, 0x00, 0x00, 0x00, 0x00, 0x00, 0x00, 0x00, 0x00, 0x00, 0x00, 0x00, 0x00, 0x00, 0x00,
  0x00, 0x00, 0x00, 0x00, 0x00, 0x00, 0x00, 0x00, 0x00, 0x00, 0x00, 0x00, 0x00, 0x00, 0x00, 0x00,
  0x00, 0x00, 0x00, 0x00, 0x00, 0x00, 0x00, 0x00, 0x00, 0x00, 0x00, 0x00, 0x00, 0x00, 0x00, 0x00,
  0x00, 0x00, 0x00, 0x00, 0x00, 0x00, 0x00, 0x00, 0x00, 0x00, 0x00, 0x00, 0x00, 0x00, 0x00, 0x00,
  0x00, 0x00, 0x00, 0x00, 0x00, 0x00, 0x00, 0x00, 0x00, 0x00, 0x00, 0x00, 0x00, 0x00, 0x00, 0x00,
  0x00, 0x00, 0x00, 0x00, 0x00, 0x00, 0x00, 0x00, 0x00, 0x00, 0x00, 0x00, 0x00, 0x00, 0x00, 0x00,
  0x00, 0x00, 0x00, 0x00, 0x00, 0x00, 0x00, 0x00, 0x00, 0x00, 0x00, 0x00, 0x00, 0x00, 0x00, 0x00,
  0x00, 0x00, 0x00, 0x00, 0x00, 0x00, 0x00, 0x00, 0x00, 0x00, 0x00, 0x00, 0x00, 0x00, 0x00, 0x00,
  0x00, 0x00, 0x00, 0x00, 0x00, 0x00, 0x00, 0x00, 0x00, 0x00, 0x00, 0x00, 0x00, 0x00, 0x00, 0x00,
  0x00, 0x00, 0x00, 0x00, 0x00, 0x00, 0x00, 0x00, 0x00, 0x00, 0x00, 0x00, 0x00, 0x00, 0x00, 0x00,
  0x00, 0x00, 0x00, 0x00, 0x00, 0x00, 0x00, 0x00, 0x00, 0x00, 0x00, 0x00, 0x00, 0x00, 0x00, 0x00,
  0x00, 0x00, 0x00, 0x00, 0x00, 0x00, 0x00, 0x00, 0x00, 0x00, 0x00, 0x00, 0x00, 0x00, 0x00, 0x00,
  0x00, 0x00, 0x00, 0x00, 0x00, 0x00, 0x00, 0x00, 0x00, 0x00, 0x62, 0x20, 0xc4, 0x38, 0xe7, 0x51,
  0x28, 0x4a, 0x28, 0x42, 0x08, 0x4a, 0x08, 0x4a, 0x28, 0x4a, 0x28, 0x4a, 0x29, 0x4a, 0x29, 0x4a,
  0x29, 0x4a, 0x29, 0x4a, 0x29, 0x4a, 0x29, 0x4a, 0x28, 0x4a, 0x08, 0x4a, 0x08, 0x42, 0xc7, 0x41,
  0x89, 0x52, 0x07, 0x42, 0x28, 0x4a, 0x86, 0x39, 0xe7, 0x49, 0xca, 0x62, 0x0b, 0x63, 0xaa, 0x5a,
  0xe7, 0x41, 0xc6, 0x39, 0x07, 0x4a, 0xaa, 0x5a, 0x28, 0x4a, 0x07, 0x4a, 0xc7, 0x49, 0xa6, 0x41,
  0x65, 0x41, 0x45, 0x41, 0x45, 0x41, 0x45, 0x41, 0x45, 0x41, 0x66, 0x41, 0x86, 0x49, 0x86, 0x49,
  0x86, 0x51, 0xa3, 0x38, 0x69, 0x6a, 0xae, 0x93, 0x0f, 0xa4, 0xae, 0xa3, 0x45, 0x61, 0x62, 0x38,
  0xe7, 0x51, 0x08, 0x4a, 0x29, 0x4a, 0x08, 0x4a, 0x28, 0x4a, 0x28, 0x4a, 0x28, 0x4a, 0x28, 0x4a,
  0x48, 0x42, 0x08, 0x4a, 0x46, 0x51, 0x21, 0x30, 0x6e, 0x93, 0xf3, 0xc4, 0x54, 0xc5, 0x74, 0xbd,
  0x74, 0xc5, 0x34, 0xbd, 0xb6, 0xd5, 0x4c, 0x83, 0xc3, 0x38, 0xc2, 0x38, 0x86, 0x59, 0x13, 0xcd,
  0x81, 0x38, 0xc0, 0x40, 0x0d, 0xc5, 0xc8, 0xbc, 0x8c, 0xe6, 0x69, 0xde, 0xa9, 0xe6, 0x6e, 0xff,
  0x31, 0xff, 0x30, 0xe6, 0x2b, 0xac, 0x67, 0x72, 0x03, 0x49, 0xc2, 0x48, 0x88, 0x7a, 0x12, 0xcd,
  0x0e, 0xb4, 0x0e, 0xb4, 0x0e, 0xb4, 0x0e, 0xb4, 0x0f, 0xb4, 0xee, 0xb3, 0xee, 0xb3, 0x0f, 0xb4,
  0xef, 0xb3, 0xce, 0xab, 0x0f, 0xb4, 0x91, 0xbc, 0x2f, 0xb4, 0x50, 0xb4, 0xce, 0x9b, 0x07, 0x62,
  0x65, 0x49, 0x66, 0x41, 0xef, 0x8b, 0x59, 0xd6, 0x7a, 0xd6, 0xbb, 0xde, 0x7a, 0xd6, 0x8f, 0x83,
  0xa7, 0x51, 0x10, 0xac, 0x59, 0xee, 0x75, 0xcd, 0x34, 0xc5, 0x54, 0xbd, 0xb5, 0xcd, 0x53, 0xbd,
  0xb5, 0xcd, 0x48, 0x62, 0xa2, 0x38, 0x69, 0x6a, 0xea, 0x62, 0xeb, 0x62, 0xeb, 0x5a, 0xeb, 0x5a,
  0xeb, 0x5a, 0xcb, 0x5a, 0xcb, 0x5a, 0xcb, 0x62, 0xcb, 0x62, 0x28, 0x52, 0x24, 0x41, 0x20, 0x10,
  0x00, 0x00, 0x00, 0x00, 0x00, 0x00, 0x00, 0x00, 0x00, 0x00, 0x00, 0x00, 0x00, 0x00, 0x00, 0x00,
  0x00, 0x00, 0x00, 0x00, 0x00, 0x00, 0x00, 0x00, 0x00, 0x00, 0x00, 0x00, 0x00, 0x00, 0x00, 0x00,
  0x00, 0x00, 0x00, 0x00, 0x00, 0x00, 0x00, 0x00, 0x00, 0x00, 0x00, 0x00, 0x00, 0x00, 0x00, 0x00,
  0x00, 0x00, 0x00, 0x00, 0x00, 0x00, 0x00, 0x00, 0x00, 0x00, 0x00, 0x00, 0x00, 0x00, 0x00, 0x00,
  0x00, 0x00, 0x00, 0x00, 0x00, 0x00, 0x00, 0x00, 0x00, 0x00, 0x00, 0x00, 0x00, 0x00, 0x00, 0x00,
  0x00, 0x00, 0x00, 0x00, 0x00, 0x00, 0x00, 0x00, 0x00, 0x00, 0x00, 0x00, 0x00, 0x00, 0x00, 0x00,
  0x00, 0x00, 0x00, 0x00, 0x00, 0x00, 0x00, 0x00, 0x00, 0x00, 0x00, 0x00, 0x00, 0x00, 0x00, 0x00,
  0x00, 0x00, 0x00, 0x00, 0x00, 0x00, 0x00, 0x00, 0x00, 0x00, 0x00, 0x00, 0x00, 0x00, 0x00, 0x00,
  0x00, 0x00, 0x00, 0x00, 0x00, 0x00, 0x00, 0x00, 0x00, 0x00, 0x00, 0x00, 0x00, 0x00, 0x00, 0x00,
  0x00, 0x00, 0x00, 0x00, 0x00, 0x00, 0x00, 0x00, 0x00, 0x00, 0x00, 0x00, 0x00, 0x00, 0x00, 0x00,
  0x00, 0x00, 0x00, 0x00, 0x00, 0x00, 0x00, 0x00, 0x00, 0x00, 0x00, 0x00, 0x00, 0x00, 0x00, 0x00,
  0x00, 0x00, 0x00, 0x00, 0x00, 0x00, 0x00, 0x00, 0x00, 0x00, 0x00, 0x00, 0x00, 0x00, 0x00, 0x00,
  0x00, 0x00, 0x00, 0x00, 0x00, 0x00, 0x00, 0x00, 0x00, 0x00, 0x00, 0x00, 0x00, 0x00, 0x00, 0x00,
  0x00, 0x00, 0x00, 0x00, 0x00, 0x00, 0x00, 0x00, 0x00, 0x00, 0x00, 0x00, 0x00, 0x00, 0x00, 0x00,
  0x00, 0x00, 0x83, 0x38, 0x04, 0x41, 0xe7, 0x49, 0x08, 0x4a, 0x28, 0x42, 0x28, 0x4a, 0x28, 0x4a,
  0x28, 0x4a, 0x28, 0x4a, 0x29, 0x4a, 0x29, 0x4a, 0x29, 0x4a, 0x29, 0x4a, 0x29, 0x4a, 0x29, 0x4a,
  0x28, 0x4a, 0x08, 0x4a, 0xe7, 0x41, 0xc7, 0x41, 0x44, 0x31, 0x4d, 0x73, 0xae, 0x7b, 0x24, 0x29,
  0xaa, 0x5a, 0x0b, 0x6b, 0xeb, 0x62, 0x69, 0x52, 0x28, 0x4a, 0xe7, 0x49, 0xe7, 0x49, 0x08, 0x4a,
  0x86, 0x41, 0xa6, 0x41, 0xc7, 0x49, 0xe7, 0x51, 0xe8, 0x51, 0xe8, 0x59, 0xe8, 0x59, 0xe8, 0x59,
  0xa7, 0x51, 0xa7, 0x51, 0x86, 0x49, 0x24, 0x41, 0x04, 0x41, 0x04, 0x41, 0xce, 0x9b, 0xce, 0x9b,
  0xce, 0x9b, 0xce, 0xa3, 0xe4, 0x58, 0xe4, 0x50, 0xe7, 0x51, 0x08, 0x4a, 0x08, 0x4a, 0x08, 0x4a,
  0x28, 0x4a, 0x08, 0x4a, 0x28, 0x4a, 0x28, 0x4a, 0x48, 0x4a, 0xe7, 0x49, 0xe4, 0x48, 0xe4, 0x48,
  0x11, 0xac, 0x34, 0xc5, 0x54, 0xc5, 0x54, 0xbd, 0x54, 0xc5, 0x34, 0xc5, 0xd2, 0xb4, 0x65, 0x49,
  0x61, 0x28, 0xe7, 0x59, 0xf3, 0xc4, 0x14, 0xcd, 0xf4, 0xcc, 0xa1, 0x38, 0x00, 0x41, 0xeb, 0xbc,
  0x6e, 0xe6, 0x8d, 0xe6, 0x4a, 0xde, 0xca, 0xcd, 0xa0, 0x51, 0x60, 0x51, 0x22, 0x51, 0xa5, 0x61,
  0x08, 0x72, 0x29, 0x72, 0xea, 0x8a, 0xee, 0xab, 0x0e, 0xb4, 0x0e, 0xb4, 0x0e, 0xb4, 0x0e, 0xb4,
  0x0f, 0xb4, 0xee, 0xb3, 0xee, 0xb3, 0xee, 0xb3, 0xef, 0xb3, 0xce, 0xab, 0xee, 0xab, 0x50, 0xb4,
  0x70, 0xb4, 0x50, 0xb4, 0xee, 0x9b, 0x44, 0x49, 0x86, 0x49, 0x51, 0x9c, 0x18, 0xd6, 0x9a, 0xde,
  0xf8, 0xc5, 0xbb, 0xe6, 0x7a, 0xde, 0xab, 0x6a, 0xc7, 0x59, 0xf8, 0xed, 0x14, 0xcd, 0xd3, 0xbc,
  0x54, 0xc5, 0x13, 0xbd, 0xd5, 0xcd, 0xd6, 0xcd, 0x90, 0xac, 0xe2, 0x38, 0x24, 0x49, 0xca, 0x7a,
  0xeb, 0x6a, 0xeb, 0x62, 0xeb, 0x5a, 0xeb, 0x5a, 0xeb, 0x5a, 0xcb, 0x5a, 0xcb, 0x62, 0xcb, 0x62,
  0xeb, 0x5a, 0x69, 0x52, 0x65, 0x41, 0x41, 0x18, 0x00, 0x00, 0x00, 0x00, 0x00, 0x00, 0x00, 0x00,
  0x00, 0x00, 0x00, 0x00, 0x00, 0x00, 0x00, 0x00, 0x00, 0x00, 0x00, 0x00, 0x00, 0x00, 0x00, 0x00,
  0x00, 0x00, 0x00, 0x00, 0x00, 0x00, 0x00, 0x00, 0x00, 0x00, 0x00, 0x00, 0x00, 0x00, 0x00, 0x00,
  0x00, 0x00, 0x00, 0x00, 0x00, 0x00, 0x00, 0x00, 0x00, 0x00, 0x00, 0x00, 0x00, 0x00, 0x00, 0x00,
  0x00, 0x00, 0x00, 0x00, 0x00, 0x00, 0x00, 0x00, 0x00, 0x00, 0x00, 0x00, 0x00, 0x00, 0x00, 0x00,
  0x00, 0x00, 0x00, 0x00, 0x00, 0x00, 0x00, 0x00, 0x00, 0x00, 0x00, 0x00, 0x00, 0x00, 0x00, 0x00,
  0x00, 0x00, 0x00, 0x00, 0x00, 0x00, 0x00, 0x00, 0x00, 0x00, 0x00, 0x00, 0x00, 0x00, 0x00, 0x00,
  0x00, 0x00, 0x00, 0x00, 0x00, 0x00, 0x00, 0x00, 0x00, 0x00, 0x00, 0x00, 0x00, 0x00, 0x00, 0x00,
  0x00, 0x00, 0x00, 0x00, 0x00, 0x00, 0x00, 0x00, 0x00, 0x00, 0x00, 0x00, 0x00, 0x00, 0x00, 0x00,
  0x00, 0x00, 0x00, 0x00, 0x00, 0x00, 0x00, 0x00, 0x00, 0x00, 0x00, 0x00, 0x00, 0x00, 0x00, 0x00,
  0x00, 0x00, 0x00, 0x00, 0x00, 0x00, 0x00, 0x00, 0x00, 0x00, 0x00, 0x00, 0x00, 0x00, 0x00, 0x00,
  0x00, 0x00, 0x00, 0x00, 0x00, 0x00, 0x00, 0x00, 0x00, 0x00, 0x00, 0x00, 0x00, 0x00, 0x00, 0x00,
  0x00, 0x00, 0x00, 0x00, 0x00, 0x00, 0x00, 0x00, 0x00, 0x00, 0x00, 0x00, 0x00, 0x00, 0x00, 0x00,
  0x00, 0x00, 0x00, 0x00, 0x00, 0x00, 0x00, 0x00, 0x00, 0x00, 0x00, 0x00, 0x00, 0x00, 0x00, 0x00,
  0x00, 0x00, 0x00, 0x00, 0x00, 0x00, 0x00, 0x00, 0x00, 0x08, 0x83, 0x38, 0x66, 0x49, 0xe7, 0x49,
  0x08, 0x4a, 0x28, 0x42, 0x28, 0x42, 0x28, 0x4a, 0x28, 0x4a, 0x29, 0x4a, 0x49, 0x4a, 0x49, 0x4a,
  0x29, 0x4a, 0x29, 0x4a, 0x29, 0x4a, 0x29, 0x4a, 0x28, 0x4a, 0x08, 0x4a, 0xe7, 0x41, 0xc7, 0x41,
  0x6d, 0x73, 0x18, 0xce, 0x0c, 0x6b, 0x24, 0x31, 0x2c, 0x6b, 0x0b, 0x6b, 0x69, 0x5a, 0xa6, 0x41,
  0x86, 0x41, 0xa6, 0x41, 0xa6, 0x41, 0x86, 0x39, 0x28, 0x4a, 0x48, 0x4a, 0x69, 0x52, 0x69, 0x52,
  0x49, 0x5a, 0x28, 0x5a, 0x28, 0x5a, 0x28, 0x5a, 0x28, 0x5a, 0xe7, 0x51, 0x45, 0x41, 0x04, 0x39,
  0x04, 0x41, 0x69, 0x72, 0x8a, 0x72, 0x48, 0x6a, 0x2c, 0x8b, 0x2c, 0x93, 0xa2, 0x48, 0x25, 0x51,
  0xe8, 0x51, 0x08, 0x4a, 0x28, 0x4a, 0x28, 0x4a, 0x28, 0x4a, 0x28, 0x4a, 0x28, 0x4a, 0x28, 0x4a,
  0x48, 0x4a, 0xc7, 0x49, 0x82, 0x38, 0xe9, 0x71, 0xf4, 0xc4, 0x54, 0xc5, 0x74, 0xbd, 0x54, 0xbd,
  0x34, 0xc5, 0x75, 0xcd, 0x8d, 0x8b, 0x40, 0x20, 0xe7, 0x59, 0x14, 0xc5, 0x34, 0xc5, 0x55, 0xcd,
  0x35, 0xcd, 0x8e, 0x9b, 0x84, 0x59, 0xc7, 0x7a, 0x68, 0x8b, 0x87, 0x8b, 0x05, 0x7b, 0x01, 0x5a,
  0x45, 0x6a, 0xe9, 0x82, 0xed, 0xab, 0x4f, 0xbc, 0x70, 0xbc, 0xce, 0xab, 0xad, 0xa3, 0x8c, 0xa3,
  0x0e, 0xb4, 0x0e, 0xb4, 0x0e, 0xb4, 0x0e, 0xb4, 0x0e, 0xb4, 0xee, 0xb3, 0xee, 0xb3, 0xee, 0xb3,
  0x0f, 0xb4, 0xad, 0xab, 0xad, 0xa3, 0xee, 0xab, 0x50, 0xb4, 0x4f, 0xac, 0x6c, 0x8b, 0x65, 0x41,
  0x8e, 0x83, 0x7a, 0xe6, 0xfc, 0xee, 0x39, 0xd6, 0x7a, 0xde, 0xdb, 0xee, 0x93, 0xa4, 0x08, 0x5a,
  0x0f, 0xa4, 0xce, 0x9b, 0xa5, 0x59, 0x0b, 0x83, 0x34, 0xc5, 0x34, 0xbd, 0xb5, 0xcd, 0x54, 0xc5,
  0x0a, 0x7b, 0x60, 0x28, 0xe7, 0x59, 0x89, 0x6a, 0xea, 0x62, 0xeb, 0x5a, 0xeb, 0x5a, 0xeb, 0x5a,
  0xeb, 0x5a, 0xeb, 0x62, 0xcb, 0x62, 0xcb, 0x62, 0xeb, 0x5a, 0xaa, 0x5a, 0xa6, 0x49, 0x61, 0x20,
  0x00, 0x00, 0x00, 0x00, 0x00, 0x00, 0x00, 0x00, 0x00, 0x00, 0x00, 0x00, 0x00, 0x00, 0x00, 0x00,
  0x00, 0x00, 0x00, 0x00, 0x00, 0x00, 0x00, 0x00, 0x00, 0x00, 0x00, 0x00, 0x00, 0x00, 0x00, 0x00,
  0x00, 0x00, 0x00, 0x00, 0x00, 0x00, 0x00, 0x00, 0x00, 0x00, 0x00, 0x00, 0x00, 0x00, 0x00, 0x00,
  0x00, 0x00, 0x00, 0x00, 0x00, 0x00, 0x00, 0x00, 0x00, 0x00, 0x00, 0x00, 0x00, 0x00, 0x00, 0x00,
  0x00, 0x00, 0x00, 0x00, 0x00, 0x00, 0x00, 0x00, 0x00, 0x00, 0x00, 0x00, 0x00, 0x00, 0x00, 0x00,
  0x00, 0x00, 0x00, 0x00, 0x00, 0x00, 0x00, 0x00, 0x00, 0x00, 0x00, 0x00, 0x00, 0x00, 0x00, 0x00,
  0x00, 0x00, 0x00, 0x00, 0x00, 0x00, 0x00, 0x00, 0x00, 0x00, 0x00, 0x00, 0x00, 0x00, 0x00, 0x00,
  0x00, 0x00, 0x00, 0x00, 0x00, 0x00, 0x00, 0x00, 0x00, 0x00, 0x00, 0x00, 0x00, 0x00, 0x00, 0x00,
  0x00, 0x00, 0x00, 0x00, 0x00, 0x00, 0x00, 0x00, 0x00, 0x00, 0x00, 0x00, 0x00, 0x00, 0x00, 0x00,
  0x00, 0x00, 0x00, 0x00, 0x00, 0x00, 0x00, 0x00, 0x00, 0x00, 0x00, 0x00, 0x00, 0x00, 0x00, 0x00,
  0x00, 0x00, 0x00, 0x00, 0x00, 0x00, 0x00, 0x00, 0x00, 0x00, 0x00, 0x00, 0x00, 0x00, 0x00, 0x00,
  0x00, 0x00, 0x00, 0x00, 0x00, 0x00, 0x00, 0x00, 0x00, 0x00, 0x00, 0x00, 0x00, 0x00, 0x00, 0x00,
  0x00, 0x00, 0x00, 0x00, 0x00, 0x00, 0x00, 0x00, 0x00, 0x00, 0x00, 0x00, 0x00, 0x00, 0x00, 0x00,
  0x00, 0x00, 0x00, 0x00, 0x00, 0x00, 0x00, 0x00, 0x00, 0x00, 0x00, 0x00, 0x00, 0x00, 0x00, 0x00,
  0x41, 0x18, 0x83, 0x38, 0xa7, 0x51, 0xe8, 0x49, 0x08, 0x4a, 0x28, 0x42, 0x28, 0x42, 0x28, 0x42,
  0x28, 0x4a, 0x28, 0x4a, 0x29, 0x4a, 0x29, 0x4a, 0x29, 0x4a, 0x29, 0x4a, 0x29, 0x4a, 0x29, 0x4a,
  0x28, 0x4a, 0x08, 0x4a, 0xe7, 0x41, 0xc7, 0x41, 0xf7, 0xcd, 0xd7, 0xc5, 0xa6, 0x41, 0x86, 0x39,
  0xeb, 0x6a, 0x89, 0x5a, 0xa6, 0x41, 0x45, 0x39, 0x86, 0x41, 0x28, 0x52, 0x69, 0x62, 0x49, 0x5a,
  0x49, 0x5a, 0x28, 0x52, 0x08, 0x4a, 0xe7, 0x49, 0xc7, 0x49, 0xa6, 0x49, 0xa6, 0x51, 0x86, 0x51,
  0x49, 0x62, 0xa7, 0x51, 0x25, 0x41, 0x86, 0x51, 0xae, 0x9b, 0x10, 0xa4, 0x2c, 0x8b, 0x28, 0x6a,
  0xeb, 0x82, 0x69, 0x72, 0xe3, 0x48, 0x45, 0x51, 0x08, 0x52, 0x08, 0x4a, 0x28, 0x4a, 0x28, 0x4a,
  0x28, 0x4a, 0x28, 0x4a, 0x28, 0x4a, 0x28, 0x4a, 0x49, 0x52, 0xc7, 0x49, 0x21, 0x28, 0xcb, 0x82,
  0x14, 0xc5, 0x54, 0xc5, 0x54, 0xbd, 0x33, 0xbd, 0x54, 0xc5, 0x13, 0xc5, 0xc6, 0x51, 0x44, 0x41,
  0x71, 0xac, 0xf7, 0xdd, 0x95, 0xcd, 0x95, 0xcd, 0x15, 0xc5, 0xf4, 0xc4, 0xae, 0x9b, 0xc6, 0x59,
  0xa0, 0x30, 0x83, 0x51, 0xe9, 0x82, 0x2e, 0xac, 0x70, 0xb4, 0x91, 0xbc, 0xb1, 0xc4, 0x90, 0xc4,
  0xaf, 0xc4, 0xec, 0xab, 0xf1, 0xcc, 0xcd, 0xab, 0x0e, 0xb4, 0x0e, 0xb4, 0x0e, 0xb4, 0x0e, 0xb4,
  0xee, 0xb3, 0xee, 0xb3, 0xee, 0xb3, 0xee, 0xb3, 0x0f, 0xb4, 0xce, 0xab, 0x8d, 0xa3, 0xad, 0xa3,
  0x0f, 0xa4, 0x2f, 0xa4, 0xa9, 0x6a, 0x68, 0x62, 0x58, 0xde, 0x59, 0xde, 0x59, 0xde, 0xf7, 0xcd,
  0x1c, 0xf7, 0x18, 0xde, 0xa7, 0x51, 0xeb, 0x7a, 0xe9, 0x7a, 0xa3, 0x51, 0xc9, 0x7a, 0xa6, 0x59,
  0x50, 0xac, 0x54, 0xcd, 0x74, 0xc5, 0x2f, 0x9c, 0x02, 0x39, 0x43, 0x41, 0xca, 0x7a, 0xca, 0x72,
  0xca, 0x62, 0xeb, 0x5a, 0x0b, 0x5b, 0xcb, 0x5a, 0xcb, 0x5a, 0xcb, 0x62, 0xcb, 0x62, 0xcb, 0x62,
  0xeb, 0x5a, 0xeb, 0x62, 0xc7, 0x51, 0x62, 0x28, 0x00, 0x00, 0x00, 0x00, 0x00, 0x00, 0x00, 0x00,
  0x00, 0x00, 0x00, 0x00, 0x00, 0x00, 0x00, 0x00, 0x00, 0x00, 0x00, 0x00, 0x00, 0x00, 0x00, 0x00,
  0x00, 0x00, 0x00, 0x00, 0x00, 0x00, 0x00, 0x00, 0x00, 0x00, 0x00, 0x00, 0x00, 0x00, 0x00, 0x00,
  0x00, 0x00, 0x00, 0x00, 0x00, 0x00, 0x00, 0x00, 0x00, 0x00, 0x00, 0x00, 0x00, 0x00, 0x00, 0x00,
  0x00, 0x00, 0x00, 0x00, 0x00, 0x00, 0x00, 0x00, 0x00, 0x00, 0x00, 0x00, 0x00, 0x00, 0x00, 0x00,
  0x00, 0x00, 0x00, 0x00, 0x00, 0x00, 0x00, 0x00, 0x00, 0x00, 0x00, 0x00, 0x00, 0x00, 0x00, 0x00,
  0x00, 0x00, 0x00, 0x00, 0x00, 0x00, 0x00, 0x00, 0x00, 0x00, 0x00, 0x00, 0x00, 0x00, 0x00, 0x00,
  0x00, 0x00, 0x00, 0x00, 0x00, 0x00, 0x00, 0x00, 0x00, 0x00, 0x00, 0x00, 0x00, 0x00, 0x00, 0x00,
  0x00, 0x00, 0x00, 0x00, 0x00, 0x00, 0x00, 0x00, 0x00, 0x00, 0x00, 0x00, 0x00, 0x00, 0x00, 0x00,
  0x00, 0x00, 0x00, 0x00, 0x00, 0x00, 0x00, 0x00, 0x00, 0x00, 0x00, 0x00, 0x00, 0x00, 0x00, 0x00,
  0x00, 0x00, 0x00, 0x00, 0x00, 0x00, 0x00, 0x00, 0x00, 0x00, 0x00, 0x00, 0x00, 0x00, 0x00, 0x00,
  0x00, 0x00, 0x00, 0x00, 0x00, 0x00, 0x00, 0x00, 0x00, 0x00, 0x00, 0x00, 0x00, 0x00, 0x00, 0x00,
  0x00, 0x00, 0x00, 0x00, 0x00, 0x00, 0x00, 0x00, 0x00, 0x00, 0x00, 0x00, 0x00, 0x00, 0x00, 0x00,
  0x00, 0x00, 0x00, 0x00, 0x00, 0x00, 0x00, 0x00, 0x00, 0x00, 0x00, 0x00, 0x00, 0x00, 0x00, 0x00,
  0x00, 0x00, 0x00, 0x00, 0x00, 0x00, 0x00, 0x00, 0x62, 0x30, 0xe4, 0x38, 0xe8, 0x51, 0xe8, 0x49,
  0x08, 0x4a, 0x28, 0x42, 0x28, 0x4a, 0x28, 0x4a, 0x28, 0x4a, 0x28, 0x4a, 0x29, 0x4a, 0x29, 0x4a,
  0x29, 0x4a, 0x29, 0x4a, 0x29, 0x4a, 0x29, 0x4a, 0x08, 0x4a, 0xe7, 0x49, 0xe8, 0x49, 0x72, 0x9c,
  0x1c, 0xef, 0x49, 0x5a, 0xc7, 0x49, 0xe7, 0x49, 0xca, 0x6a, 0xa6, 0x41, 0xe7, 0x49, 0x08, 0x52,
  0x69, 0x62, 0x69, 0x62, 0x8a, 0x62, 0x29, 0x5a, 0xe7, 0x59, 0x86, 0x49, 0x04, 0x41, 0x04, 0x41,
  0xa3, 0x40, 0xa3, 0x40, 0xa3, 0x40, 0xa3, 0x40, 0xa3, 0x40, 0xa3, 0x40, 0xe4, 0x48, 0x66, 0x59,
  0x49, 0x72, 0x2d, 0x93, 0xef, 0xab, 0xef, 0xab, 0xef, 0xab, 0xa6, 0x61, 0xe2, 0x40, 0xc6, 0x51,
  0x08, 0x52, 0x09, 0x4a, 0x09, 0x4a, 0x09, 0x4a, 0x28, 0x4a, 0x28, 0x4a, 0x28, 0x4a, 0x28, 0x52,
  0xe7, 0x49, 0x86, 0x41, 0x25, 0x49, 0x10, 0xac, 0x75, 0xcd, 0x75, 0xc5, 0x34, 0xbd, 0x14, 0xbd,
  0x14, 0xbd, 0x34, 0xc5, 0xeb, 0x7a, 0xce, 0x93, 0xd6, 0xd5, 0x54, 0xc5, 0x34, 0xc5, 0x75, 0xcd,
  0x13, 0xc5, 0x30, 0xa4, 0x2c, 0x8b, 0xca, 0x7a, 0x8e, 0x93, 0xf2, 0xc4, 0x13, 0xcd, 0x2f, 0xac,
  0x10, 0xac, 0x10, 0xac, 0x0e, 0xb4, 0x0d, 0xb4, 0x0c, 0xb4, 0x0c, 0xb4, 0x0d, 0xb4, 0x0e, 0xb4,
  0x0e, 0xb4, 0x0e, 0xb4, 0x0e, 0xb4, 0x0e, 0xb4, 0xee, 0xb3, 0xee, 0xb3, 0xef, 0xb3, 0x0f, 0xb4,
  0x0f, 0xb4, 0xee, 0xab, 0xad, 0xa3, 0xad, 0xa3, 0xee, 0xa3, 0x4f, 0xac, 0x48, 0x62, 0x6c, 0x83,
  0x3b, 0xf7, 0xf7, 0xcd, 0xb6, 0xc5, 0x79, 0xe6, 0xba, 0xf6, 0xcb, 0x7a, 0xa7, 0x59, 0xa9, 0x7a,
  0x45, 0x62, 0x71, 0xc5, 0x67, 0x6a, 0x48, 0x6a, 0x6d, 0x93, 0x55, 0xcd, 0xd2, 0xbc, 0xc1, 0x30,
  0xe1, 0x38, 0x68, 0x6a, 0xa9, 0x72, 0xaa, 0x6a, 0xca, 0x62, 0xeb, 0x5a, 0xeb, 0x5a, 0xcb, 0x5a,
  0xcb, 0x5a, 0xcb, 0x62, 0xcb, 0x62, 0xcb, 0x62, 0xca, 0x5a, 0x2c, 0x6b, 0x8a, 0x6a, 0x82, 0x30,
  0x00, 0x08, 0x00, 0x00, 0x00, 0x00, 0x00, 0x00, 0x00, 0x00, 0x00, 0x00, 0x00, 0x00, 0x00, 0x00,
  0x00, 0x00, 0x00, 0x00, 0x00, 0x00, 0x00, 0x00, 0x00, 0x00, 0x00, 0x00, 0x00, 0x00, 0x00, 0x00,
  0x00, 0x00, 0x00, 0x00, 0x00, 0x00, 0x00, 0x00, 0x00, 0x00, 0x00, 0x00, 0x00, 0x00, 0x00, 0x00,
  0x00, 0x00, 0x00, 0x00, 0x00, 0x00, 0x00, 0x00, 0x00, 0x00, 0x00, 0x00, 0x00, 0x00, 0x00, 0x00,
  0x00, 0x00, 0x00, 0x00, 0x00, 0x00, 0x00, 0x00, 0x00, 0x00, 0x00, 0x00, 0x00, 0x00, 0x00, 0x00,
  0x00, 0x00, 0x00, 0x00, 0x00, 0x00, 0x00, 0x00, 0x00, 0x00, 0x00, 0x00, 0x00, 0x00, 0x00, 0x00,
  0x00, 0x00, 0x00, 0x00, 0x00, 0x00, 0x00, 0x00, 0x00, 0x00, 0x00, 0x00, 0x00, 0x00, 0x00, 0x00,
  0x00, 0x00, 0x00, 0x00, 0x00, 0x00, 0x00, 0x00, 0x00, 0x00, 0x00, 0x00, 0x00, 0x00, 0x00, 0x00,
  0x00, 0x00, 0x00, 0x00, 0x00, 0x00, 0x00, 0x00, 0x00, 0x00, 0x00, 0x00, 0x00, 0x00, 0x00, 0x00,
  0x00, 0x00, 0x00, 0x00, 0x00, 0x00, 0x00, 0x00, 0x00, 0x00, 0x00, 0x00, 0x00, 0x00, 0x00, 0x00,
  0x00, 0x00, 0x00, 0x00, 0x00, 0x00, 0x00, 0x00, 0x00, 0x00, 0x00, 0x00, 0x00, 0x00, 0x00, 0x00,
  0x00, 0x00, 0x00, 0x00, 0x00, 0x00, 0x00, 0x00, 0x00, 0x00, 0x00, 0x00, 0x00, 0x00, 0x00, 0x00,
  0x00, 0x00, 0x00, 0x00, 0x00, 0x00, 0x00, 0x00, 0x00, 0x00, 0x00, 0x00, 0x00, 0x00, 0x00, 0x00,
  0x00, 0x00, 0x00, 0x00, 0x00, 0x00, 0x00, 0x00, 0x00, 0x00, 0x00, 0x00, 0x00, 0x00, 0x00, 0x00,
  0x83, 0x38, 0x87, 0x51, 0x29, 0x5a, 0xe8, 0x49, 0x08, 0x4a, 0x28, 0x42, 0x28, 0x4a, 0x28, 0x4a,
  0x28, 0x4a, 0x28, 0x4a, 0x28, 0x4a, 0x28, 0x4a, 0x29, 0x4a, 0x29, 0x4a, 0x29, 0x4a, 0x29, 0x4a,
  0xc7, 0x41, 0x49, 0x52, 0x4d, 0x73, 0xff, 0xff, 0x72, 0x9c, 0x03, 0x31, 0xe7, 0x51, 0x8a, 0x62,
  0x49, 0x5a, 0x08, 0x52, 0x49, 0x5a, 0x29, 0x5a, 0x28, 0x62, 0xa7, 0x51, 0x25, 0x41, 0xc3, 0x38,
  0x82, 0x38, 0x82, 0x38, 0x83, 0x40, 0x83, 0x40, 0x83, 0x40, 0x83, 0x40, 0x83, 0x40, 0x83, 0x40,
  0x83, 0x40, 0xc4, 0x48, 0xc3, 0x48, 0x82, 0x40, 0xa3, 0x40, 0xa2, 0x40, 0x86, 0x61, 0xeb, 0x8a,
  0xcf, 0xab, 0x85, 0x59, 0xa1, 0x30, 0x07, 0x5a, 0x08, 0x52, 0x29, 0x4a, 0x09, 0x4a, 0x09, 0x4a,
  0x28, 0x4a, 0x28, 0x4a, 0x28, 0x4a, 0x28, 0x52, 0x08, 0x52, 0x04, 0x39, 0x25, 0x49, 0x14, 0xc5,
  0x55, 0xc5, 0x54, 0xc5, 0x54, 0xc5, 0x34, 0xc5, 0x75, 0xcd, 0x14, 0xbd, 0x75, 0xcd, 0x55, 0xcd,
  0x96, 0xcd, 0x54, 0xc5, 0x34, 0xc5, 0x34, 0xc5, 0xf2, 0xbc, 0xee, 0x9b, 0x10, 0xa4, 0x55, 0xcd,
  0xd3, 0xc4, 0x51, 0xb4, 0x0f, 0xac, 0xef, 0xab, 0x10, 0xac, 0x10, 0xb4, 0x0e, 0xb4, 0x0d, 0xb4,
  0x0c, 0xb4, 0x0c, 0xb4, 0x0d, 0xb4, 0x0e, 0xb4, 0x0e, 0xb4, 0x0e, 0xb4, 0x0e, 0xb4, 0x0e, 0xb4,
  0xee, 0xb3, 0xee, 0xb3, 0xef, 0xb3, 0x0f, 0xb4, 0x0f, 0xb4, 0xee, 0xb3, 0xce, 0xab, 0xad, 0xa3,
  0x4c, 0x93, 0x88, 0x72, 0xa5, 0x51, 0xb5, 0xcd, 0x16, 0xd6, 0xfa, 0xee, 0xb9, 0xee, 0xda, 0xf6,
  0x8a, 0x72, 0xc3, 0x40, 0xae, 0xa3, 0x0a, 0x83, 0xc9, 0x8b, 0x6c, 0xa4, 0x46, 0x62, 0x2b, 0x83,
  0x14, 0xc5, 0xcf, 0x9b, 0x85, 0x51, 0xe1, 0x38, 0x47, 0x6a, 0xa5, 0x51, 0x68, 0x6a, 0x69, 0x62,
  0xca, 0x62, 0xcb, 0x5a, 0xcb, 0x5a, 0xcb, 0x5a, 0xcb, 0x5a, 0xcb, 0x62, 0xcb, 0x62, 0xcb, 0x62,
  0xeb, 0x62, 0xeb, 0x62, 0xeb, 0x72, 0xa3, 0x38, 0x00, 0x08, 0x00, 0x00, 0x00, 0x00, 0x00, 0x00,
  0x00, 0x00, 0x00, 0x00, 0x00, 0x00, 0x00, 0x00, 0x00, 0x00, 0x00, 0x00, 0x00, 0x00, 0x00, 0x00,
  0x00, 0x00, 0x00, 0x00, 0x00, 0x00, 0x00, 0x00, 0x00, 0x00, 0x00, 0x00, 0x00, 0x00, 0x00, 0x00,
  0x00, 0x00, 0x00, 0x00, 0x00, 0x00, 0x00, 0x00, 0x00, 0x00, 0x00, 0x00, 0x00, 0x00, 0x00, 0x00,
  0x00, 0x00, 0x00, 0x00, 0x00, 0x00, 0x00, 0x00, 0x00, 0x00, 0x00, 0x00, 0x00, 0x00, 0x00, 0x00,
  0x00, 0x00, 0x00, 0x00, 0x00, 0x00, 0x00, 0x00, 0x00, 0x00, 0x00, 0x00, 0x00, 0x00, 0x00, 0x00,
  0x00, 0x00, 0x00, 0x00, 0x00, 0x00, 0x00, 0x00, 0x00, 0x00, 0x00, 0x00, 0x00, 0x00, 0x00, 0x00,
  0x00, 0x00, 0x00, 0x00, 0x00, 0x00, 0x00, 0x00, 0x00, 0x00, 0x00, 0x00, 0x00, 0x00, 0x00, 0x00,
  0x00, 0x00, 0x00, 0x00, 0x00, 0x00, 0x00, 0x00, 0x00, 0x00, 0x00, 0x00, 0x00, 0x00, 0x00, 0x00,
  0x00, 0x00, 0x00, 0x00, 0x00, 0x00, 0x00, 0x00, 0x00, 0x00, 0x00, 0x00, 0x00, 0x00, 0x00, 0x00,
  0x00, 0x00, 0x00, 0x00, 0x00, 0x00, 0x00, 0x00, 0x00, 0x00, 0x00, 0x00, 0x00, 0x00, 0x00, 0x00,
  0x00, 0x00, 0x00, 0x00, 0x00, 0x00, 0x00, 0x00, 0x00, 0x00, 0x00, 0x00, 0x00, 0x00, 0x00, 0x00,
  0x00, 0x00, 0x00, 0x00, 0x00, 0x00, 0x00, 0x00, 0x00, 0x00, 0x00, 0x00, 0x00, 0x00, 0x00, 0x00,
  0x00, 0x00, 0x00, 0x00, 0x00, 0x00, 0x00, 0x00, 0x00, 0x00, 0x00, 0x00, 0x00, 0x00, 0x00, 0x00,
  0x00, 0x00, 0x00, 0x00, 0x00, 0x00, 0x62, 0x20, 0xa3, 0x40, 0xe8, 0x61, 0x29, 0x5a, 0x08, 0x4a,
  0x08, 0x4a, 0x28, 0x42, 0x28, 0x4a, 0x28, 0x4a, 0x28, 0x4a, 0x28, 0x4a, 0x28, 0x4a, 0x28, 0x4a,
  0x29, 0x4a, 0x29, 0x4a, 0x29, 0x4a, 0x29, 0x4a, 0xe7, 0x49, 0x49, 0x5a, 0xdb, 0xee, 0xbb, 0xe6,
  0x49, 0x5a, 0x85, 0x41, 0x28, 0x5a, 0x69, 0x62, 0xc7, 0x51, 0x08, 0x5a, 0xe7, 0x51, 0x86, 0x51,
  0x05, 0x51, 0xa4, 0x48, 0x42, 0x40, 0x21, 0x38, 0x83, 0x48, 0xa3, 0x48, 0xc4, 0x48, 0xa4, 0x48,
  0xa3, 0x48, 0xa3, 0x40, 0xa3, 0x40, 0xa3, 0x40, 0xe4, 0x48, 0x25, 0x51, 0x25, 0x51, 0xe3, 0x48,
  0x82, 0x38, 0xa2, 0x40, 0x82, 0x48, 0x82, 0x40, 0x81, 0x40, 0xc2, 0x38, 0x44, 0x41, 0xc6, 0x49,
  0x28, 0x52, 0x29, 0x4a, 0x29, 0x4a, 0x29, 0x4a, 0x29, 0x4a, 0x28, 0x4a, 0x28, 0x4a, 0x28, 0x52,
  0xe7, 0x51, 0xa3, 0x30, 0x69, 0x6a, 0x96, 0xd5, 0x34, 0xbd, 0x54, 0xbd, 0x54, 0xc5, 0x55, 0xc5,
  0x14, 0xc5, 0x75, 0xcd, 0x34, 0xc5, 0x34, 0xc5, 0x54, 0xc5, 0x54, 0xc5, 0x34, 0xc5, 0x13, 0xbd,
  0x12, 0xbd, 0x33, 0xbd, 0x35, 0xc5, 0x55, 0xcd, 0xf0, 0xa3, 0x30, 0xac, 0x50, 0xb4, 0x0e, 0xb4,
  0x0f, 0xb4, 0x0f, 0xb4, 0x0e, 0xb4, 0x0e, 0xb4, 0x0d, 0xb4, 0xed, 0xb3, 0x0e, 0xb4, 0x0e, 0xb4,
  0xee, 0xb3, 0xee, 0xb3, 0x0e, 0xb4, 0x0e, 0xb4, 0x0e, 0xb4, 0x0e, 0xb4, 0x0f, 0xb4, 0x0f, 0xb4,
  0xef, 0xb3, 0xee, 0xb3, 0xce, 0xab, 0xad, 0xa3, 0xad, 0x9b, 0x02, 0x41, 0x27, 0x62, 0xfa, 0xf6,
  0xb8, 0xe6, 0x3a, 0xf7, 0x57, 0xde, 0x8d, 0x8b, 0xa2, 0x38, 0xae, 0xa3, 0x92, 0xcc, 0xe6, 0x69,
  0xac, 0xac, 0xac, 0xa4, 0xab, 0x8b, 0x91, 0xac, 0x72, 0xb4, 0xe3, 0x40, 0x02, 0x41, 0xc5, 0x59,
  0x4b, 0x83, 0xa5, 0x51, 0xc6, 0x59, 0x69, 0x62, 0xca, 0x62, 0xcb, 0x5a, 0xcb, 0x5a, 0xcb, 0x5a,
  0xcb, 0x5a, 0xcb, 0x62, 0xcb, 0x62, 0xcb, 0x62, 0x0b, 0x63, 0xcb, 0x62, 0xec, 0x72, 0x04, 0x41,
  0x20, 0x18, 0x00, 0x00, 0x00, 0x00, 0x00, 0x00, 0x00, 0x00, 0x00, 0x00, 0x00, 0x00, 0x00, 0x00,
  0x00, 0x00, 0x00, 0x00, 0x00, 0x00, 0x00, 0x00, 0x00, 0x00, 0x00, 0x00, 0x00, 0x00, 0x00, 0x00,
  0x00, 0x00, 0x00, 0x00, 0x00, 0x00, 0x00, 0x00, 0x00, 0x00, 0x00, 0x00, 0x00, 0x00, 0x00, 0x00,
  0x00, 0x00, 0x00, 0x00, 0x00, 0x00, 0x00, 0x00, 0x00, 0x00, 0x00, 0x00, 0x00, 0x00, 0x00, 0x00,
  0x00, 0x00, 0x00, 0x00, 0x00, 0x00, 0x00, 0x00, 0x00, 0x00, 0x00, 0x00, 0x00, 0x00, 0x00, 0x00,
  0x00, 0x00, 0x00, 0x00, 0x00, 0x00, 0x00, 0x00, 0x00, 0x00, 0x00, 0x00, 0x00, 0x00, 0x00, 0x00,
  0x00, 0x00, 0x00, 0x00, 0x00, 0x00, 0x00, 0x00, 0x00, 0x00, 0x00, 0x00, 0x00, 0x00, 0x00, 0x00,
  0x00, 0x00, 0x00, 0x00, 0x00, 0x00, 0x00, 0x00, 0x00, 0x00, 0x00, 0x00, 0x00, 0x00, 0x00, 0x00,
  0x00, 0x00, 0x00, 0x00, 0x00, 0x00, 0x00, 0x00, 0x00, 0x00, 0x00, 0x00, 0x00, 0x00, 0x00, 0x00,
  0x00, 0x00, 0x00, 0x00, 0x00, 0x00, 0x00, 0x00, 0x00, 0x00, 0x00, 0x00, 0x00, 0x00, 0x00, 0x00,
  0x00, 0x00, 0x00, 0x00, 0x00, 0x00, 0x00, 0x00, 0x00, 0x00, 0x00, 0x00, 0x00, 0x00, 0x00, 0x00,
  0x00, 0x00, 0x00, 0x00, 0x00, 0x00, 0x00, 0x00, 0x00, 0x00, 0x00, 0x00, 0x00, 0x00, 0x00, 0x00,
  0x00, 0x00, 0x00, 0x00, 0x00, 0x00, 0x00, 0x00, 0x00, 0x00, 0x00, 0x00, 0x00, 0x00, 0x00, 0x00,
  0x00, 0x00, 0x00, 0x00, 0x00, 0x00, 0x00, 0x00, 0x00, 0x00, 0x00, 0x00, 0x00, 0x00, 0xc3, 0x48,
  0x45, 0x49, 0x08, 0x5a, 0xe8, 0x49, 0x08, 0x4a, 0x08, 0x4a, 0x28, 0x42, 0x28, 0x4a, 0x28, 0x4a,
  0x08, 0x4a, 0x08, 0x4a, 0x28, 0x4a, 0x28, 0x42, 0x49, 0x4a, 0x29, 0x4a, 0x29, 0x4a, 0x28, 0x52,
  0xaa, 0x62, 0xf8, 0xd5, 0x1c, 0xf7, 0xb2, 0xac, 0x45, 0x41, 0x07, 0x5a, 0x48, 0x62, 0xa6, 0x51,
  0x86, 0x51, 0x86, 0x51, 0xa2, 0x30, 0xa3, 0x38, 0x62, 0x40, 0x63, 0x48, 0x83, 0x50, 0xc4, 0x50,
  0x42, 0x40, 0x42, 0x40, 0x62, 0x40, 0x62, 0x40, 0x81, 0x40, 0xa1, 0x40, 0xa1, 0x40, 0xa0, 0x40,
  0xa0, 0x40, 0x80, 0x40, 0xc2, 0x48, 0x45, 0x59, 0x85, 0x59, 0x64, 0x59, 0xe3, 0x50, 0x81, 0x40,
  0x61, 0x38, 0xa2, 0x38, 0x64, 0x41, 0x28, 0x52, 0x28, 0x52, 0x29, 0x4a, 0x29, 0x4a, 0x29, 0x4a,
  0x28, 0x4a, 0x28, 0x4a, 0x28, 0x4a, 0x28, 0x52, 0x65, 0x41, 0x82, 0x28, 0x10, 0xa4, 0x55, 0xc5,
  0x13, 0xbd, 0x34, 0xbd, 0x55, 0xc5, 0x75, 0xcd, 0xb2, 0xb4, 0x54, 0xc5, 0x75, 0xcd, 0x34, 0xc5,
  0x13, 0xbd, 0x54, 0xc5, 0x34, 0xbd, 0xd2, 0xb4, 0x53, 0xbd, 0x94, 0xc5, 0x75, 0xcd, 0x35, 0xc5,
  0xef, 0xa3, 0xef, 0xab, 0x0e, 0xac, 0x0e, 0xb4, 0x0e, 0xb4, 0x0e, 0xb4, 0x0e, 0xb4, 0x0e, 0xb4,
  0x0e, 0xb4, 0xed, 0xab, 0x0e, 0xb4, 0x0e, 0xb4, 0xee, 0xb3, 0xee, 0xb3, 0x0f, 0xb4, 0x0e, 0xb4,
  0x0e, 0xb4, 0x0e, 0xb4, 0x0f, 0xb4, 0x0f, 0xb4, 0xef, 0xb3, 0xee, 0xb3, 0xce, 0xab, 0xad, 0xa3,
  0x0b, 0x8b, 0xe2, 0x40, 0x91, 0xb4, 0xfa, 0xfe, 0x98, 0xee, 0x74, 0xc5, 0xcd, 0x8b, 0xc6, 0x51,
  0x48, 0x6a, 0xf7, 0xe5, 0x71, 0xbc, 0x66, 0x72, 0xcf, 0xcd, 0x0c, 0xad, 0x86, 0x62, 0x07, 0x5a,
  0x86, 0x51, 0x82, 0x30, 0x84, 0x51, 0x47, 0x6a, 0x6b, 0x8b, 0xe9, 0x7a, 0x43, 0x49, 0x89, 0x6a,
  0xca, 0x62, 0xcb, 0x5a, 0xcb, 0x5a, 0xcb, 0x5a, 0xcb, 0x62, 0xcb, 0x62, 0xcb, 0x62, 0xcb, 0x5a,
  0xeb, 0x62, 0x0c, 0x6b, 0xcb, 0x6a, 0x66, 0x51, 0x21, 0x18, 0x00, 0x00, 0x00, 0x00, 0x00, 0x00,
  0x00, 0x00, 0x00, 0x00, 0x00, 0x00, 0x00, 0x00, 0x00, 0x00, 0x00, 0x00, 0x00, 0x00, 0x00, 0x00,
  0x00, 0x00, 0x00, 0x00, 0x00, 0x00, 0x00, 0x00, 0x00, 0x00, 0x00, 0x00, 0x00, 0x00, 0x00, 0x00,
  0x00, 0x00, 0x00, 0x00, 0x00, 0x00, 0x00, 0x00, 0x00, 0x00, 0x00, 0x00, 0x00, 0x00, 0x00, 0x00,
  0x00, 0x00, 0x00, 0x00, 0x00, 0x00, 0x00, 0x00, 0x00, 0x00, 0x00, 0x00, 0x00, 0x00, 0x00, 0x00,
  0x00, 0x00, 0x00, 0x00, 0x00, 0x00, 0x00, 0x00, 0x00, 0x00, 0x00, 0x00, 0x00, 0x00, 0x00, 0x00,
  0x00, 0x00, 0x00, 0x00, 0x00, 0x00, 0x00, 0x00, 0x00, 0x00, 0x00, 0x00, 0x00, 0x00, 0x00, 0x00,
  0x00, 0x00, 0x00, 0x00, 0x00, 0x00, 0x00, 0x00, 0x00, 0x00, 0x00, 0x00, 0x00, 0x00, 0x00, 0x00,
  0x00, 0x00, 0x00, 0x00, 0x00, 0x00, 0x00, 0x00, 0x00, 0x00, 0x00, 0x00, 0x00, 0x00, 0x00, 0x00,
  0x00, 0x00, 0x00, 0x00, 0x00, 0x00, 0x00, 0x00, 0x00, 0x00, 0x00, 0x00, 0x00, 0x00, 0x00, 0x00,
  0x00, 0x00, 0x00, 0x00, 0x00, 0x00, 0x00, 0x00, 0x00, 0x00, 0x00, 0x00, 0x00, 0x00, 0x00, 0x00,
  0x00, 0x00, 0x00, 0x00, 0x00, 0x00, 0x00, 0x00, 0x00, 0x00, 0x00, 0x00, 0x00, 0x00, 0x00, 0x00,
  0x00, 0x00, 0x00, 0x00, 0x00, 0x00, 0x00, 0x00, 0x00, 0x00, 0x00, 0x00, 0x00, 0x00, 0x00, 0x00,
  0x00, 0x00, 0x00, 0x00, 0x00, 0x00, 0x00, 0x00, 0x00, 0x00, 0x00, 0x00, 0x00, 0x00, 0x00, 0x00,
  0x00, 0x00, 0x00, 0x00, 0x00, 0x08, 0x83, 0x40, 0xe8, 0x59, 0x08, 0x52, 0x08, 0x4a, 0x28, 0x4a,
  0x28, 0x4a, 0x28, 0x4a, 0x28, 0x4a, 0x08, 0x4a, 0x08, 0x52, 0x08, 0x52, 0x08, 0x4a, 0x28, 0x42,
  0x69, 0x4a, 0x28, 0x4a, 0x28, 0x4a, 0x86, 0x39, 0x71, 0x9c, 0xdb, 0xf6, 0x18, 0xde, 0x28, 0x62,
  0x45, 0x49, 0xc6, 0x59, 0xa6, 0x51, 0x44, 0x49, 0xe3, 0x40, 0xc3, 0x40, 0xc3, 0x40, 0xc3, 0x48,
  0xc3, 0x48, 0xa3, 0x48, 0x82, 0x40, 0xa2, 0x40, 0xa2, 0x40, 0x82, 0x48, 0x61, 0x48, 0xa1, 0x50,
  0xa3, 0x69, 0xe3, 0x69, 0x83, 0x7a, 0xe4, 0x8a, 0xe3, 0x8a, 0x26, 0x93, 0xc8, 0x92, 0x06, 0x72,
  0x4e, 0xb4, 0x4e, 0xb4, 0xcd, 0xab, 0x89, 0x82, 0xc2, 0x48, 0xa2, 0x38, 0xa6, 0x49, 0xe7, 0x49,
  0x08, 0x4a, 0x28, 0x4a, 0x28, 0x42, 0x48, 0x42, 0x48, 0x42, 0x28, 0x42, 0x28, 0x42, 0x28, 0x4a,
  0x24, 0x39, 0x45, 0x41, 0x14, 0xbd, 0x75, 0xc5, 0x54, 0xc5, 0x54, 0xc5, 0x54, 0xc5, 0x54, 0xc5,
  0x54, 0xc5, 0x34, 0xc5, 0x34, 0xc5, 0x34, 0xc5, 0x13, 0xbd, 0x74, 0xcd, 0x13, 0xbd, 0x54, 0xc5,
  0x53, 0xbd, 0x74, 0xc5, 0x75, 0xcd, 0x13, 0xbd, 0x2f, 0xac, 0x2f, 0xac, 0x2e, 0xb4, 0x2e, 0xb4,
  0x2e, 0xb4, 0x0f, 0xb4, 0x0f, 0xb4, 0x0e, 0xb4, 0x8d, 0xa3, 0xcd, 0xab, 0xee, 0xab, 0xee, 0xb3,
  0xee, 0xab, 0x4f, 0xbc, 0x2f, 0xb4, 0xee, 0xab, 0x8d, 0xa3, 0x8d, 0xa3, 0x0f, 0xb4, 0x0f, 0xb4,
  0x0f, 0xbc, 0xef, 0xb3, 0x0f, 0xb4, 0xee, 0xab, 0x44, 0x51, 0xca, 0x82, 0x1b, 0xff, 0xb9, 0xfe,
  0x33, 0xd5, 0x68, 0x7a, 0x23, 0x41, 0x88, 0x6a, 0x75, 0xc5, 0x17, 0xde, 0xa8, 0x6a, 0x6d, 0xa4,
  0x34, 0xf7, 0x08, 0x8c, 0x62, 0x31, 0x65, 0x39, 0x08, 0x52, 0x28, 0x5a, 0xa9, 0x72, 0x67, 0x6a,
  0x88, 0x6a, 0x8b, 0x8b, 0xe5, 0x59, 0x47, 0x62, 0xca, 0x62, 0xcb, 0x5a, 0xcb, 0x5a, 0xcb, 0x62,
  0xab, 0x62, 0xaa, 0x5a, 0x0b, 0x63, 0xca, 0x52, 0xeb, 0x5a, 0xeb, 0x62, 0x0c, 0x6b, 0x08, 0x5a,
  0x61, 0x20, 0x00, 0x00, 0x00, 0x00, 0x00, 0x00, 0x00, 0x00, 0x00, 0x00, 0x00, 0x00, 0x00, 0x00,
  0x00, 0x00, 0x00, 0x00, 0x00, 0x00, 0x00, 0x00, 0x00, 0x00, 0x00, 0x00, 0x00, 0x00, 0x00, 0x00,
  0x00, 0x00, 0x00, 0x00, 0x00, 0x00, 0x00, 0x00, 0x00, 0x00, 0x00, 0x00, 0x00, 0x00, 0x00, 0x00,
  0x00, 0x00, 0x00, 0x00, 0x00, 0x00, 0x00, 0x00, 0x00, 0x00, 0x00, 0x00, 0x00, 0x00, 0x00, 0x00,
  0x00, 0x00, 0x00, 0x00, 0x00, 0x00, 0x00, 0x00, 0x00, 0x00, 0x00, 0x00, 0x00, 0x00, 0x00, 0x00,
  0x00, 0x00, 0x00, 0x00, 0x00, 0x00, 0x00, 0x00, 0x00, 0x00, 0x00, 0x00, 0x00, 0x00, 0x00, 0x00,
  0x00, 0x00, 0x00, 0x00, 0x00, 0x00, 0x00, 0x00, 0x00, 0x00, 0x00, 0x00, 0x00, 0x00, 0x00, 0x00,
  0x00, 0x00, 0x00, 0x00, 0x00, 0x00, 0x00, 0x00, 0x00, 0x00, 0x00, 0x00, 0x00, 0x00, 0x00, 0x00,
  0x00, 0x00, 0x00, 0x00, 0x00, 0x00, 0x00, 0x00, 0x00, 0x00, 0x00, 0x00, 0x00, 0x00, 0x00, 0x00,
  0x00, 0x00, 0x00, 0x00, 0x00, 0x00, 0x00, 0x00, 0x00, 0x00, 0x00, 0x00, 0x00, 0x00, 0x00, 0x00,
  0x00, 0x00, 0x00, 0x00, 0x00, 0x00, 0x00, 0x00, 0x00, 0x00, 0x00, 0x00, 0x00, 0x00, 0x00, 0x00,
  0x00, 0x00, 0x00, 0x00, 0x00, 0x00, 0x00, 0x00, 0x00, 0x00, 0x00, 0x00, 0x00, 0x00, 0x00, 0x00,
  0x00, 0x00, 0x00, 0x00, 0x00, 0x00, 0x00, 0x00, 0x00, 0x00, 0x00, 0x00, 0x00, 0x00, 0x00, 0x00,
  0x00, 0x00, 0x00, 0x00, 0x00, 0x00, 0x00, 0x00, 0x00, 0x00, 0x00, 0x00, 0xa3, 0x48, 0xc3, 0x40,
  0xe8, 0x51, 0x08, 0x4a, 0x08, 0x4a, 0x08, 0x4a, 0x28, 0x4a, 0x28, 0x4a, 0x28, 0x4a, 0x08, 0x4a,
  0xc7, 0x51, 0xc7, 0x49, 0x28, 0x4a, 0x28, 0x42, 0x49, 0x4a, 0xa7, 0x39, 0x28, 0x4a, 0x86, 0x39,
  0x04, 0x31, 0x86, 0x49, 0x08, 0x62, 0x03, 0x41, 0xe3, 0x40, 0x24, 0x49, 0x04, 0x49, 0xe3, 0x40,
  0xc3, 0x40, 0xc3, 0x40, 0xc3, 0x48, 0xc3, 0x48, 0xc3, 0x50, 0xc3, 0x48, 0xa3, 0x40, 0xa2, 0x40,
  0xa1, 0x40, 0x60, 0x40, 0xc8, 0x9a, 0x69, 0xb3, 0x4b, 0xc4, 0x69, 0xc4, 0xa8, 0xc4, 0xc8, 0xcc,
  0x09, 0xd5, 0x2b, 0xdd, 0x6a, 0xab, 0x84, 0x69, 0x4e, 0xb4, 0x31, 0xcd, 0xaf, 0xc4, 0xe9, 0x8a,
  0xa1, 0x40, 0xc2, 0x38, 0xe7, 0x51, 0x29, 0x52, 0x08, 0x4a, 0x28, 0x4a, 0x48, 0x42, 0x48, 0x3a,
  0x48, 0x3a, 0x48, 0x42, 0x28, 0x42, 0xe7, 0x49, 0xc3, 0x30, 0x8a, 0x6a, 0xf7, 0xd5, 0x34, 0xc5,
  0x54, 0xc5, 0x54, 0xc5, 0x54, 0xc5, 0x54, 0xc5, 0x54, 0xc5, 0x54, 0xc5, 0x34, 0xc5, 0x34, 0xc5,
  0x54, 0xc5, 0x54, 0xc5, 0xb5, 0xcd, 0x33, 0xbd, 0x33, 0xbd, 0x74, 0xc5, 0x74, 0xcd, 0x12, 0xbd,
  0x4f, 0xac, 0x2e, 0xac, 0x2e, 0xb4, 0x2e, 0xb4, 0x0e, 0xb4, 0x0e, 0xb4, 0x0f, 0xb4, 0x0e, 0xb4,
  0xad, 0xab, 0xad, 0xab, 0xce, 0xab, 0xee, 0xb3, 0x0e, 0xb4, 0x2f, 0xb4, 0x2f, 0xb4, 0xee, 0xb3,
  0xad, 0xa3, 0x6c, 0xa3, 0x0f, 0xb4, 0x2f, 0xb4, 0x0f, 0xb4, 0x0f, 0xb4, 0xae, 0xab, 0x23, 0x51,
  0x24, 0x51, 0xd2, 0xc4, 0x99, 0xfe, 0xf3, 0xcc, 0x07, 0x7a, 0x00, 0x30, 0xca, 0x7a, 0xb5, 0xcd,
  0x96, 0xc5, 0x70, 0x9c, 0xa3, 0x49, 0x4b, 0x9c, 0x74, 0xff, 0x65, 0x7b, 0xa4, 0x41, 0x89, 0x5a,
  0x4d, 0x73, 0x2c, 0x73, 0x0b, 0x7b, 0x47, 0x62, 0x88, 0x6a, 0xac, 0x93, 0x66, 0x6a, 0xa4, 0x49,
  0xca, 0x62, 0xcb, 0x5a, 0xcb, 0x5a, 0xcb, 0x62, 0x6a, 0x5a, 0x49, 0x52, 0xeb, 0x62, 0x0b, 0x5b,
  0xeb, 0x5a, 0xeb, 0x62, 0x0c, 0x6b, 0x08, 0x5a, 0xa2, 0x38, 0x00, 0x00, 0x00, 0x00, 0x00, 0x00,
  0x00, 0x00, 0x00, 0x00, 0x00, 0x00, 0x00, 0x00, 0x00, 0x00, 0x00, 0x00, 0x00, 0x00, 0x00, 0x00,
  0x00, 0x00, 0x00, 0x00, 0x00, 0x00, 0x00, 0x00, 0x00, 0x00, 0x00, 0x00, 0x00, 0x00, 0x00, 0x00,
  0x00, 0x00, 0x00, 0x00, 0x00, 0x00, 0x00, 0x00, 0x00, 0x00, 0x00, 0x00, 0x00, 0x00, 0x00, 0x00,
  0x00, 0x00, 0x00, 0x00, 0x00, 0x00, 0x00, 0x00, 0x00, 0x00, 0x00, 0x00, 0x00, 0x00, 0x00, 0x00,
  0x00, 0x00, 0x00, 0x00, 0x00, 0x00, 0x00, 0x00, 0x00, 0x00, 0x00, 0x00, 0x00, 0x00, 0x00, 0x00,
  0x00, 0x00, 0x00, 0x00, 0x00, 0x00, 0x00, 0x00, 0x00, 0x00, 0x00, 0x00, 0x00, 0x00, 0x00, 0x00,
  0x00, 0x00, 0x00, 0x00, 0x00, 0x00, 0x00, 0x00, 0x00, 0x00, 0x00, 0x00, 0x00, 0x00, 0x00, 0x00,
  0x00, 0x00, 0x00, 0x00, 0x00, 0x00, 0x00, 0x00, 0x00, 0x00, 0x00, 0x00, 0x00, 0x00, 0x00, 0x00,
  0x00, 0x00, 0x00, 0x00, 0x00, 0x00, 0x00, 0x00, 0x00, 0x00, 0x00, 0x00, 0x00, 0x00, 0x00, 0x00,
  0x00, 0x00, 0x00, 0x00, 0x00, 0x00, 0x00, 0x00, 0x00, 0x00, 0x00, 0x00, 0x00, 0x00, 0x00, 0x00,
  0x00, 0x00, 0x00, 0x00, 0x00, 0x00, 0x00, 0x00, 0x00, 0x00, 0x00, 0x00, 0x00, 0x00, 0x00, 0x00,
  0x00, 0x00, 0x00, 0x00, 0x00, 0x00, 0x00, 0x00, 0x00, 0x00, 0x00, 0x00, 0x00, 0x00, 0x00, 0x00,
  0x00, 0x00, 0x00, 0x00, 0x00, 0x00, 0x00, 0x00, 0x00, 0x00, 0x00, 0x00, 0x00, 0x00, 0x00, 0x00,
  0x00, 0x00, 0x20, 0x10, 0xe3, 0x48, 0x04, 0x41, 0x08, 0x52, 0x08, 0x4a, 0x08, 0x4a, 0x08, 0x4a,
  0x28, 0x4a, 0x28, 0x4a, 0x28, 0x4a, 0x08, 0x4a, 0x86, 0x49, 0x65, 0x41, 0x49, 0x4a, 0x28, 0x42,
  0x48, 0x42, 0x69, 0x4a, 0x10, 0x8c, 0x51, 0x94, 0x08, 0x52, 0x04, 0x41, 0xc3, 0x38, 0x24, 0x49,
  0xc3, 0x40, 0xc3, 0x48, 0xc3, 0x40, 0xa2, 0x40, 0xc2, 0x40, 0xc3, 0x40, 0xe3, 0x40, 0xe3, 0x40,
  0xe3, 0x50, 0xc3, 0x50, 0xe4, 0x50, 0xe4, 0x50, 0x60, 0x40, 0xe4, 0x79, 0xea, 0xc3, 0x29, 0xcc,
  0x68, 0xcc, 0xc8, 0xcc, 0xe7, 0xd4, 0xc6, 0xcc, 0x07, 0xd5, 0x2e, 0xfe, 0x69, 0xab, 0x00, 0x30,
  0x42, 0x51, 0xd0, 0xc4, 0xf0, 0xcc, 0xaa, 0x9b, 0xe1, 0x40, 0x23, 0x41, 0x09, 0x5a, 0x2a, 0x52,
  0x28, 0x4a, 0x28, 0x4a, 0x48, 0x42, 0x48, 0x42, 0x48, 0x42, 0x69, 0x4a, 0x28, 0x4a, 0x86, 0x41,
  0x24, 0x39, 0xcf, 0x93, 0xb6, 0xcd, 0x95, 0xcd, 0x54, 0xc5, 0x54, 0xc5, 0x54, 0xc5, 0x54, 0xc5,
  0x54, 0xc5, 0x54, 0xc5, 0x54, 0xc5, 0x54, 0xc5, 0x54, 0xc5, 0x54, 0xc5, 0xd6, 0xcd, 0x33, 0xbd,
  0x33, 0xbd, 0x74, 0xc5, 0x74, 0xcd, 0x12, 0xbd, 0x4f, 0xac, 0x2f, 0xac, 0x2e, 0xb4, 0x2e, 0xb4,
  0x0e, 0xb4, 0x0e, 0xb4, 0x0f, 0xb4, 0x0f, 0xb4, 0xce, 0xab, 0x8d, 0xa3, 0xad, 0xab, 0x2f, 0xb4,
  0x2f, 0xb4, 0xee, 0xb3, 0x0e, 0xac, 0x2f, 0xb4, 0xce, 0xa3, 0x4c, 0x9b, 0xef, 0xab, 0x50, 0xbc,
  0xb2, 0xcc, 0x6d, 0xa3, 0x44, 0x59, 0x07, 0x6a, 0x3c, 0xff, 0xd6, 0xe5, 0x91, 0xbc, 0x24, 0x49,
  0x66, 0x59, 0x2d, 0x93, 0xb6, 0xd5, 0xb6, 0xcd, 0x51, 0xa4, 0x03, 0x39, 0xe0, 0x38, 0x0d, 0xbd,
  0x2f, 0xde, 0xc0, 0x49, 0x86, 0x5a, 0xca, 0x62, 0xaa, 0x62, 0xaa, 0x62, 0x0b, 0x73, 0x89, 0x6a,
  0xc5, 0x51, 0xcc, 0x93, 0x4a, 0x8b, 0xc4, 0x51, 0xca, 0x62, 0xcb, 0x5a, 0xcb, 0x5a, 0xcb, 0x62,
  0x8a, 0x5a, 0x28, 0x4a, 0xaa, 0x5a, 0x0b, 0x63, 0xeb, 0x5a, 0xeb, 0x62, 0x0c, 0x6b, 0x08, 0x5a,
  0xc3, 0x38, 0x00, 0x00, 0x00, 0x00, 0x00, 0x00, 0x00, 0x00, 0x00, 0x00, 0x00, 0x00, 0x00, 0x00,
  0x00, 0x00, 0x00, 0x00, 0x00, 0x00, 0x00, 0x00, 0x00, 0x00, 0x00, 0x00, 0x00, 0x00, 0x00, 0x00,
  0x00, 0x00, 0x00, 0x00, 0x00, 0x00, 0x00, 0x00, 0x00, 0x00, 0x00, 0x00, 0x00, 0x00, 0x00, 0x00,
  0x00, 0x00, 0x00, 0x00, 0x00, 0x00, 0x00, 0x00, 0x00, 0x00, 0x00, 0x00, 0x00, 0x00, 0x00, 0x00,
  0x00, 0x00, 0x00, 0x00, 0x00, 0x00, 0x00, 0x00, 0x00, 0x00, 0x00, 0x00, 0x00, 0x00, 0x00, 0x00,
  0x00, 0x00, 0x00, 0x00, 0x00, 0x00, 0x00, 0x00, 0x00, 0x00, 0x00, 0x00, 0x00, 0x00, 0x00, 0x00,
  0x00, 0x00, 0x00, 0x00, 0x00, 0x00, 0x00, 0x00, 0x00, 0x00, 0x00, 0x00, 0x00, 0x00, 0x00, 0x00,
  0x00, 0x00, 0x00, 0x00, 0x00, 0x00, 0x00, 0x00, 0x00, 0x00, 0x00, 0x00, 0x00, 0x00, 0x00, 0x00,
  0x00, 0x00, 0x00, 0x00, 0x00, 0x00, 0x00, 0x00, 0x00, 0x00, 0x00, 0x00, 0x00, 0x00, 0x00, 0x00,
  0x00, 0x00, 0x00, 0x00, 0x00, 0x00, 0x00, 0x00, 0x00, 0x00, 0x00, 0x00, 0x00, 0x00, 0x00, 0x00,
  0x00, 0x00, 0x00, 0x00, 0x00, 0x00, 0x00, 0x00, 0x00, 0x00, 0x00, 0x00, 0x00, 0x00, 0x00, 0x00,
  0x00, 0x00, 0x00, 0x00, 0x00, 0x00, 0x00, 0x00, 0x00, 0x00, 0x00, 0x00, 0x00, 0x00, 0x00, 0x00,
  0x00, 0x00, 0x00, 0x00, 0x00, 0x00, 0x00, 0x00, 0x00, 0x00, 0x00, 0x00, 0x00, 0x00, 0x00, 0x00,
  0x00, 0x00, 0x00, 0x00, 0x00, 0x00, 0x00, 0x00, 0x00, 0x00, 0x41, 0x20, 0x04, 0x41, 0x45, 0x41,
  0x08, 0x52, 0x08, 0x4a, 0x08, 0x4a, 0x08, 0x4a, 0x28, 0x4a, 0x28, 0x4a, 0x28, 0x4a, 0x08, 0x4a,
  0x65, 0x41, 0x24, 0x39, 0x69, 0x52, 0x28, 0x42, 0x49, 0x42, 0x08, 0x42, 0xf7, 0xc5, 0xfb, 0xee,
  0xef, 0x93, 0xaa, 0x72, 0xe3, 0x40, 0xe3, 0x48, 0xc3, 0x48, 0xa3, 0x48, 0xe3, 0x48, 0x81, 0x38,
  0xe3, 0x40, 0xe3, 0x40, 0xe3, 0x38, 0xe3, 0x40, 0xe3, 0x48, 0x04, 0x51, 0x25, 0x59, 0x25, 0x59,
  0x80, 0x40, 0xe0, 0x58, 0x2a, 0xcc, 0xc9, 0xdc, 0x04, 0xc4, 0x84, 0xcc, 0xa4, 0xcc, 0x62, 0xbc,
  0x83, 0xc4, 0x6a, 0xe5, 0x84, 0x82, 0x00, 0x30, 0x80, 0x38, 0xcc, 0x9b, 0x51, 0xd5, 0xe7, 0x8a,
  0xa3, 0x59, 0x64, 0x51, 0xc8, 0x51, 0xc9, 0x49, 0x28, 0x4a, 0x28, 0x4a, 0x48, 0x42, 0x48, 0x42,
  0x28, 0x42, 0x8a, 0x5a, 0x28, 0x52, 0x45, 0x41, 0xc7, 0x51, 0xf4, 0xbc, 0x34, 0xc5, 0x34, 0xbd,
  0x54, 0xc5, 0x54, 0xc5, 0x54, 0xc5, 0x54, 0xc5, 0x54, 0xc5, 0x54, 0xc5, 0x54, 0xc5, 0x54, 0xc5,
  0x33, 0xbd, 0xad, 0x8b, 0x4c, 0x83, 0x54, 0xc5, 0x33, 0xbd, 0x74, 0xc5, 0x74, 0xcd, 0x12, 0xbd,
  0x4f, 0xac, 0x2e, 0xac, 0x2f, 0xb4, 0x2e, 0xb4, 0x2e, 0xb4, 0x0e, 0xb4, 0x0f, 0xb4, 0x0f, 0xb4,
  0xee, 0xb3, 0x6c, 0xa3, 0x8d, 0xa3, 0x50, 0xbc, 0x2f, 0xbc, 0xee, 0xab, 0xee, 0xab, 0x4f, 0xb4,
  0xee, 0xab, 0x4c, 0x93, 0xee, 0xab, 0x70, 0xbc, 0x2c, 0x9b, 0x69, 0x82, 0xa9, 0x8a, 0x91, 0xc4,
  0x95, 0xdd, 0x68, 0x72, 0x44, 0x51, 0x69, 0x72, 0x8f, 0x9b, 0x56, 0xd5, 0xf7, 0xdd, 0x0f, 0x9c,
  0xc7, 0x51, 0xa1, 0x30, 0x80, 0x30, 0x2d, 0xc5, 0x6b, 0xc5, 0x03, 0x73, 0x45, 0x5a, 0xca, 0x6a,
  0xcb, 0x62, 0xcb, 0x62, 0x2c, 0x73, 0xa9, 0x6a, 0x06, 0x5a, 0xec, 0x9b, 0x29, 0x83, 0x84, 0x49,
  0xca, 0x62, 0xcb, 0x5a, 0xcb, 0x5a, 0xcb, 0x5a, 0xcb, 0x62, 0x28, 0x4a, 0x69, 0x52, 0xaa, 0x5a,
  0xeb, 0x62, 0xeb, 0x62, 0x0c, 0x6b, 0x08, 0x5a, 0x03, 0x41, 0x00, 0x00, 0x00, 0x00, 0x00, 0x00,
  0x00, 0x00, 0x00, 0x00, 0x00, 0x00, 0x00, 0x00, 0x00, 0x00, 0x00, 0x00, 0x00, 0x00, 0x00, 0x00,
  0x00, 0x00, 0x00, 0x00, 0x00, 0x00, 0x00, 0x00, 0x00, 0x00, 0x00, 0x00, 0x00, 0x00, 0x00, 0x00,
  0x00, 0x00, 0x00, 0x00, 0x00, 0x00, 0x00, 0x00, 0x00, 0x00, 0x00, 0x00, 0x00, 0x00, 0x00, 0x00,
  0x00, 0x00, 0x00, 0x00, 0x00, 0x00, 0x00, 0x00, 0x00, 0x00, 0x00, 0x00, 0x00, 0x00, 0x00, 0x00,
  0x00, 0x00, 0x00, 0x00, 0x00, 0x00, 0x00, 0x00, 0x00, 0x00, 0x00, 0x00, 0x00, 0x00, 0x00, 0x00,
  0x00, 0x00, 0x00, 0x00, 0x00, 0x00, 0x00, 0x00, 0x00, 0x00, 0x00, 0x00, 0x00, 0x00, 0x00, 0x00,
  0x00, 0x00, 0x00, 0x00, 0x00, 0x00, 0x00, 0x00, 0x00, 0x00, 0x00, 0x00, 0x00, 0x00, 0x00, 0x00,
  0x00, 0x00, 0x00, 0x00, 0x00, 0x00, 0x00, 0x00, 0x00, 0x00, 0x00, 0x00, 0x00, 0x00, 0x00, 0x00,
  0x00, 0x00, 0x00, 0x00, 0x00, 0x00, 0x00, 0x00, 0x00, 0x00, 0x00, 0x00, 0x00, 0x00, 0x00, 0x00,
  0x00, 0x00, 0x00, 0x00, 0x00, 0x00, 0x00, 0x00, 0x00, 0x00, 0x00, 0x00, 0x00, 0x00, 0x00, 0x00,
  0x00, 0x00, 0x00, 0x00, 0x00, 0x00, 0x00, 0x00, 0x00, 0x00, 0x00, 0x00, 0x00, 0x00, 0x00, 0x00,
  0x00, 0x00, 0x00, 0x00, 0x00, 0x00, 0x00, 0x00, 0x00, 0x00, 0x00, 0x00, 0x00, 0x00, 0x00, 0x00,
  0x00, 0x00, 0x00, 0x00, 0x00, 0x00, 0x00, 0x00, 0x00, 0x00, 0x00, 0x00, 0x00, 0x00, 0x00, 0x00,
  0x00, 0x00, 0xc3, 0x40, 0x86, 0x51, 0x28, 0x52, 0x28, 0x4a, 0x28, 0x4a, 0x28, 0x4a, 0x28, 0x4a,
  0x28, 0x4a, 0x28, 0x4a, 0x28, 0x4a, 0x48, 0x52, 0x04, 0x39, 0x24, 0x39, 0x28, 0x4a, 0xa6, 0x31,
  0x28, 0x42, 0x58, 0xce, 0x9a, 0xde, 0x3c, 0xf7, 0xfb, 0xf6, 0xcf, 0x93, 0xc3, 0x38, 0xa2, 0x40,
  0xa2, 0x40, 0xe3, 0x48, 0xc3, 0x48, 0x61, 0x38, 0xe3, 0x40, 0x03, 0x41, 0xe7, 0x61, 0xc6, 0x59,
  0x85, 0x61, 0x45, 0x59, 0xc4, 0x48, 0x62, 0x38, 0x64, 0x61, 0xc0, 0x50, 0x40, 0x69, 0xc9, 0xdc,
  0x86, 0xcc, 0xc4, 0xd4, 0x45, 0xdd, 0xe3, 0xcc, 0x86, 0xdd, 0xad, 0xfe, 0xc8, 0xa3, 0x20, 0x28,
  0x20, 0x28, 0x66, 0x72, 0xb3, 0xe5, 0xe7, 0x82, 0x26, 0x6a, 0x85, 0x51, 0xc8, 0x51, 0x0a, 0x52,
  0x28, 0x4a, 0x28, 0x4a, 0x48, 0x42, 0x48, 0x42, 0x27, 0x4a, 0xc7, 0x49, 0xe8, 0x59, 0xa2, 0x30,
  0x6d, 0x8b, 0xd7, 0xd5, 0x54, 0xc5, 0xd2, 0xb4, 0x33, 0xbd, 0x54, 0xc5, 0x54, 0xc5, 0x13, 0xbd,
  0x54, 0xc5, 0x74, 0xc5, 0x13, 0xbd, 0xce, 0x93, 0xa1, 0x28, 0x69, 0x6a, 0x69, 0x62, 0xea, 0x72,
  0x74, 0xc5, 0x74, 0xc5, 0x54, 0xc5, 0xf2, 0xbc, 0x70, 0xac, 0x2f, 0xac, 0x2f, 0xb4, 0x2f, 0xb4,
  0x0e, 0xb4, 0x0e, 0xb4, 0x0f, 0xb4, 0x0f, 0xb4, 0xef, 0xb3, 0x6c, 0xa3, 0xee, 0xab, 0xce, 0xab,
  0x50, 0xbc, 0x70, 0xbc, 0x50, 0xbc, 0xee, 0xab, 0x0f, 0xac, 0x50, 0xb4, 0xce, 0xa3, 0xaa, 0x8a,
  0x85, 0x61, 0x85, 0x61, 0x07, 0x72, 0x27, 0x72, 0xa5, 0x61, 0x27, 0x72, 0x2c, 0x8b, 0xf3, 0xc4,
  0x56, 0xd5, 0x76, 0xd5, 0xce, 0x93, 0xa6, 0x49, 0x82, 0x28, 0x47, 0x62, 0xa2, 0x51, 0xab, 0xb4,
  0x93, 0xff, 0x03, 0x7b, 0x45, 0x5a, 0xeb, 0x6a, 0xeb, 0x62, 0xeb, 0x62, 0xeb, 0x62, 0xca, 0x6a,
  0x26, 0x5a, 0x6b, 0x8b, 0x6a, 0x8b, 0x84, 0x49, 0x28, 0x52, 0xcb, 0x5a, 0xcb, 0x5a, 0x8a, 0x52,
  0xaa, 0x5a, 0x48, 0x4a, 0xe7, 0x49, 0x8a, 0x62, 0xeb, 0x62, 0xeb, 0x62, 0xeb, 0x62, 0xcb, 0x6a,
  0x65, 0x49, 0x00, 0x00, 0x00, 0x00, 0x00, 0x00, 0x00, 0x00, 0x00, 0x00, 0x00, 0x00, 0x00, 0x00,
  0x00, 0x00, 0x00, 0x00, 0x00, 0x00, 0x00, 0x00, 0x00, 0x00, 0x00, 0x00, 0x00, 0x00, 0x00, 0x00,
  0x00, 0x00, 0x00, 0x00, 0x00, 0x00, 0x00, 0x00, 0x00, 0x00, 0x00, 0x00, 0x00, 0x00, 0x00, 0x00,
  0x00, 0x00, 0x00, 0x00, 0x00, 0x00, 0x00, 0x00, 0x00, 0x00, 0x00, 0x00, 0x00, 0x00, 0x00, 0x00,
  0x00, 0x00, 0x00, 0x00, 0x00, 0x00, 0x00, 0x00, 0x00, 0x00, 0x00, 0x00, 0x00, 0x00, 0x00, 0x00,
  0x00, 0x00, 0x00, 0x00, 0x00, 0x00, 0x00, 0x00, 0x00, 0x00, 0x00, 0x00, 0x00, 0x00, 0x00, 0x00,
  0x00, 0x00, 0x00, 0x00, 0x00, 0x00, 0x00, 0x00, 0x00, 0x00, 0x00, 0x00, 0x00, 0x00, 0x00, 0x00,
  0x00, 0x00, 0x00, 0x00, 0x00, 0x00, 0x00, 0x00, 0x00, 0x00, 0x00, 0x00, 0x00, 0x00, 0x00, 0x00,
  0x00, 0x00, 0x00, 0x00, 0x00, 0x00, 0x00, 0x00, 0x00, 0x00, 0x00, 0x00, 0x00, 0x00, 0x00, 0x00,
  0x00, 0x00, 0x00, 0x00, 0x00, 0x00, 0x00, 0x00, 0x00, 0x00, 0x00, 0x00, 0x00, 0x00, 0x00, 0x00,
  0x00, 0x00, 0x00, 0x00, 0x00, 0x00, 0x00, 0x00, 0x00, 0x00, 0x00, 0x00, 0x00, 0x00, 0x00, 0x00,
  0x00, 0x00, 0x00, 0x00, 0x00, 0x00, 0x00, 0x00, 0x00, 0x00, 0x00, 0x00, 0x00, 0x00, 0x00, 0x00,
  0x00, 0x00, 0x00, 0x00, 0x00, 0x00, 0x00, 0x00, 0x00, 0x00, 0x00, 0x00, 0x00, 0x00, 0x00, 0x00,
  0x00, 0x00, 0x00, 0x00, 0x00, 0x00, 0x00, 0x00, 0x41, 0x28, 0x62, 0x38, 0x65, 0x41, 0x08, 0x4a,
  0x28, 0x4a, 0x28, 0x4a, 0x28, 0x4a, 0x08, 0x4a, 0x28, 0x4a, 0x28, 0x4a, 0x28, 0x4a, 0xe7, 0x49,
  0xe4, 0x30, 0x66, 0x41, 0xc6, 0x41, 0x27, 0x42, 0x55, 0xad, 0x38, 0xc6, 0xba, 0xde, 0xba, 0xe6,
  0xd7, 0xcd, 0xec, 0x7a, 0x65, 0x49, 0x24, 0x51, 0x04, 0x49, 0xa2, 0x40, 0x61, 0x38, 0x82, 0x38,
  0xe3, 0x40, 0x85, 0x51, 0x07, 0x6a, 0xa6, 0x59, 0xe3, 0x40, 0xa2, 0x38, 0x86, 0x51, 0xeb, 0x82,
  0x90, 0xbc, 0x45, 0x72, 0xe0, 0x50, 0x69, 0xcc, 0x0c, 0xfe, 0x26, 0xdd, 0x49, 0xf6, 0xe7, 0xe5,
  0xa9, 0xf6, 0x6f, 0xff, 0x6c, 0xc5, 0x64, 0x6a, 0x00, 0x41, 0x46, 0x6a, 0x51, 0xd5, 0xa6, 0x7a,
  0x46, 0x6a, 0xc6, 0x59, 0xa8, 0x49, 0x09, 0x52, 0x28, 0x4a, 0x28, 0x4a, 0x48, 0x42, 0x28, 0x4a,
  0x28, 0x4a, 0x28, 0x5a, 0x66, 0x51, 0xe4, 0x40, 0x71, 0xac, 0xd7, 0xd5, 0x34, 0xc5, 0xf3, 0xb4,
  0x95, 0xcd, 0x54, 0xc5, 0x34, 0xc5, 0x54, 0xc5, 0x54, 0xc5, 0x13, 0xbd, 0x0f, 0x9c, 0xe2, 0x30,
  0xee, 0x93, 0x78, 0xe6, 0xce, 0x93, 0x44, 0x41, 0x13, 0xbd, 0x74, 0xc5, 0x74, 0xc5, 0x74, 0xcd,
  0x90, 0xb4, 0x4f, 0xac, 0x0f, 0xac, 0x4f, 0xbc, 0x0e, 0xb4, 0x0e, 0xb4, 0xee, 0xb3, 0xef, 0xb3,
  0xee, 0xb3, 0x8d, 0xa3, 0xce, 0xab, 0xee, 0xab, 0x0f, 0xb4, 0x2f, 0xb4, 0x2f, 0xb4, 0x2f, 0xb4,
  0xee, 0xab, 0xca, 0x82, 0x65, 0x59, 0xa1, 0x40, 0x03, 0x51, 0xc6, 0x71, 0x48, 0x7a, 0x2b, 0x93,
  0x6c, 0x9b, 0xee, 0xa3, 0xb1, 0xbc, 0xd6, 0xe5, 0xd3, 0xc4, 0x2d, 0x8b, 0x20, 0x20, 0x03, 0x39,
  0xc7, 0x51, 0x4c, 0x83, 0x86, 0x6a, 0xab, 0xb4, 0x52, 0xff, 0x23, 0x83, 0x24, 0x5a, 0xea, 0x6a,
  0xeb, 0x62, 0xec, 0x62, 0xeb, 0x62, 0xeb, 0x6a, 0x26, 0x5a, 0x29, 0x83, 0x8b, 0x93, 0xc4, 0x51,
  0x28, 0x52, 0xab, 0x5a, 0xab, 0x5a, 0x8a, 0x52, 0xca, 0x52, 0x89, 0x52, 0xa7, 0x49, 0x29, 0x5a,
  0xeb, 0x62, 0xeb, 0x5a, 0xeb, 0x62, 0xcb, 0x6a, 0x85, 0x49, 0x20, 0x08, 0x00, 0x00, 0x00, 0x00,
  0x00, 0x00, 0x00, 0x00, 0x00, 0x00, 0x00, 0x00, 0x00, 0x00, 0x00, 0x00, 0x00, 0x00, 0x00, 0x00,
  0x00, 0x00, 0x00, 0x00, 0x00, 0x00, 0x00, 0x00, 0x00, 0x00, 0x00, 0x00, 0x00, 0x00, 0x00, 0x00,
  0x00, 0x00, 0x00, 0x00, 0x00, 0x00, 0x00, 0x00, 0x00, 0x00, 0x00, 0x00, 0x00, 0x00, 0x00, 0x00,
  0x00, 0x00, 0x00, 0x00, 0x00, 0x00, 0x00, 0x00, 0x00, 0x00, 0x00, 0x00, 0x00, 0x00, 0x00, 0x00,
  0x00, 0x00, 0x00, 0x00, 0x00, 0x00, 0x00, 0x00, 0x00, 0x00, 0x00, 0x00, 0x00, 0x00, 0x00, 0x00,
  0x00, 0x00, 0x00, 0x00, 0x00, 0x00, 0x00, 0x00, 0x00, 0x00, 0x00, 0x00, 0x00, 0x00, 0x00, 0x00,
  0x00, 0x00, 0x00, 0x00, 0x00, 0x00, 0x00, 0x00, 0x00, 0x00, 0x00, 0x00, 0x00, 0x00, 0x00, 0x00,
  0x00, 0x00, 0x00, 0x00, 0x00, 0x00, 0x00, 0x00, 0x00, 0x00, 0x00, 0x00, 0x00, 0x00, 0x00, 0x00,
  0x00, 0x00, 0x00, 0x00, 0x00, 0x00, 0x00, 0x00, 0x00, 0x00, 0x00, 0x00, 0x00, 0x00, 0x00, 0x00,
  0x00, 0x00, 0x00, 0x00, 0x00, 0x00, 0x00, 0x00, 0x00, 0x00, 0x00, 0x00, 0x00, 0x00, 0x00, 0x00,
  0x00, 0x00, 0x00, 0x00, 0x00, 0x00, 0x00, 0x00, 0x00, 0x00, 0x00, 0x00, 0x00, 0x00, 0x00, 0x00,
  0x00, 0x00, 0x00, 0x00, 0x00, 0x00, 0x00, 0x00, 0x00, 0x00, 0x00, 0x00, 0x00, 0x00, 0x00, 0x00,
  0x00, 0x00, 0x00, 0x00, 0x00, 0x00, 0x00, 0x00, 0x00, 0x00, 0x00, 0x00, 0x00, 0x00, 0x00, 0x08,
  0x83, 0x48, 0x25, 0x51, 0xa6, 0x49, 0x07, 0x42, 0x28, 0x4a, 0x08, 0x4a, 0x08, 0x4a, 0x28, 0x4a,
  0x08, 0x4a, 0x49, 0x52, 0x07, 0x4a, 0x65, 0x39, 0x04, 0x39, 0x65, 0x41, 0xc6, 0x41, 0x75, 0xad,
  0x5c, 0xef, 0x58, 0xce, 0xda, 0xe6, 0x59, 0xde, 0xef, 0x93, 0xa2, 0x28, 0xe7, 0x59, 0x07, 0x62,
  0xa6, 0x59, 0x24, 0x49, 0xa2, 0x38, 0xa2, 0x40, 0xe3, 0x48, 0x24, 0x51, 0xe3, 0x48, 0xe3, 0x48,
  0x24, 0x49, 0x69, 0x6a, 0xce, 0x93, 0x91, 0xac, 0xf6, 0xdd, 0x0d, 0xa4, 0x04, 0x6a, 0x80, 0x61,
  0x0e, 0xf6, 0xca, 0xed, 0xe8, 0xe5, 0x48, 0xe6, 0xa9, 0xe6, 0xae, 0xff, 0x93, 0xff, 0x52, 0xde,
  0x07, 0x7b, 0x66, 0x72, 0xab, 0xa3, 0xe5, 0x61, 0x27, 0x6a, 0xe7, 0x59, 0xa7, 0x49, 0x28, 0x4a,
  0x28, 0x4a, 0x28, 0x4a, 0x28, 0x4a, 0x28, 0x4a, 0x48, 0x52, 0x08, 0x5a, 0x82, 0x38, 0x29, 0x6a,
  0x75, 0xcd, 0xb6, 0xd5, 0x14, 0xbd, 0x14, 0xbd, 0x13, 0xbd, 0x34, 0xc5, 0x54, 0xc5, 0x54, 0xc5,
  0x54, 0xc5, 0x28, 0x62, 0xc2, 0x30, 0xce, 0x93, 0xda, 0xf6, 0xba, 0xee, 0xf3, 0xb4, 0x85, 0x49,
  0xee, 0x93, 0x54, 0xc5, 0xf2, 0xb4, 0x33, 0xc5, 0xd1, 0xb4, 0x4f, 0xac, 0x0e, 0xac, 0x0e, 0xb4,
  0x0e, 0xb4, 0x0e, 0xb4, 0xee, 0xb3, 0xee, 0xb3, 0xee, 0xab, 0xcd, 0xab, 0x8d, 0xa3, 0x0e, 0xb4,
  0xee, 0xab, 0xea, 0x8a, 0xc6, 0x61, 0x23, 0x51, 0xc2, 0x48, 0xc2, 0x40, 0x44, 0x51, 0x07, 0x72,
  0x89, 0x82, 0x4c, 0x9b, 0x70, 0xc4, 0x2f, 0xb4, 0xef, 0xab, 0xd2, 0xc4, 0xd6, 0xdd, 0x74, 0xd5,
  0xae, 0xab, 0xc3, 0x48, 0x40, 0x30, 0x44, 0x49, 0x8a, 0x6a, 0xa9, 0x6a, 0x05, 0x52, 0xed, 0xb4,
  0x32, 0xff, 0x84, 0x8b, 0x24, 0x5a, 0xca, 0x6a, 0xeb, 0x62, 0xec, 0x62, 0xec, 0x62, 0xeb, 0x62,
  0x27, 0x5a, 0xc8, 0x72, 0xab, 0x9b, 0xe5, 0x59, 0x28, 0x52, 0xaa, 0x5a, 0xab, 0x5a, 0xaa, 0x52,
  0xca, 0x52, 0xca, 0x5a, 0x66, 0x41, 0xa7, 0x49, 0xeb, 0x62, 0xeb, 0x5a, 0xeb, 0x62, 0xcb, 0x62,
  0x85, 0x41, 0x61, 0x18, 0x00, 0x00, 0x00, 0x00, 0x00, 0x00, 0x00, 0x00, 0x00, 0x00, 0x00, 0x00,
  0x00, 0x00, 0x00, 0x00, 0x00, 0x00, 0x00, 0x00, 0x00, 0x00, 0x00, 0x00, 0x00, 0x00, 0x00, 0x00,
  0x00, 0x00, 0x00, 0x00, 0x00, 0x00, 0x00, 0x00, 0x00, 0x00, 0x00, 0x00, 0x00, 0x00, 0x00, 0x00,
  0x00, 0x00, 0x00, 0x00, 0x00, 0x00, 0x00, 0x00, 0x00, 0x00, 0x00, 0x00, 0x00, 0x00, 0x00, 0x00,
  0x00, 0x00, 0x00, 0x00, 0x00, 0x00, 0x00, 0x00, 0x00, 0x00, 0x00, 0x00, 0x00, 0x00, 0x00, 0x00,
  0x00, 0x00, 0x00, 0x00, 0x00, 0x00, 0x00, 0x00, 0x00, 0x00, 0x00, 0x00, 0x00, 0x00, 0x00, 0x00,
  0x00, 0x00, 0x00, 0x00, 0x00, 0x00, 0x00, 0x00, 0x00, 0x00, 0x00, 0x00, 0x00, 0x00, 0x00, 0x00,
  0x00, 0x00, 0x00, 0x00, 0x00, 0x00, 0x00, 0x00, 0x00, 0x00, 0x00, 0x00, 0x00, 0x00, 0x00, 0x00,
  0x00, 0x00, 0x00, 0x00, 0x00, 0x00, 0x00, 0x00, 0x00, 0x00, 0x00, 0x00, 0x00, 0x00, 0x00, 0x00,
  0x00, 0x00, 0x00, 0x00, 0x00, 0x00, 0x00, 0x00, 0x00, 0x00, 0x00, 0x00, 0x00, 0x00, 0x00, 0x00,
  0x00, 0x00, 0x00, 0x00, 0x00, 0x00, 0x00, 0x00, 0x00, 0x00, 0x00, 0x00, 0x00, 0x00, 0x00, 0x00,
  0x00, 0x00, 0x00, 0x00, 0x00, 0x00, 0x00, 0x00, 0x00, 0x00, 0x00, 0x00, 0x00, 0x00, 0x00, 0x00,
  0x00, 0x00, 0x00, 0x00, 0x00, 0x00, 0x00, 0x00, 0x00, 0x00, 0x00, 0x00, 0x00, 0x00, 0x00, 0x00,
  0x00, 0x00, 0x00, 0x00, 0x00, 0x00, 0x21, 0x20, 0x42, 0x38, 0x66, 0x51, 0xe7, 0x49, 0x28, 0x4a,
  0x28, 0x4a, 0x08, 0x4a, 0x08, 0x4a, 0x28, 0x4a, 0x07, 0x42, 0x49, 0x52, 0xe7, 0x49, 0x04, 0x31,
  0xa3, 0x30, 0xe7, 0x51, 0x14, 0xad, 0x7d, 0xef, 0x59, 0xce, 0x59, 0xce, 0x79, 0xde, 0x34, 0xb5,
  0x24, 0x39, 0xe3, 0x30, 0x07, 0x5a, 0x07, 0x5a, 0x07, 0x62, 0xe7, 0x61, 0x65, 0x51, 0xa2, 0x40,
  0xa2, 0x40, 0xc3, 0x48, 0xc3, 0x48, 0x28, 0x72, 0x4d, 0x8b, 0x71, 0xac, 0x33, 0xbd, 0x53, 0xc5,
  0x74, 0xcd, 0x94, 0xd5, 0x0e, 0xac, 0xc0, 0x48, 0xe1, 0x69, 0x0d, 0xee, 0xca, 0xdd, 0x8b, 0xee,
  0xec, 0xee, 0xd1, 0xff, 0xd5, 0xff, 0xd8, 0xff, 0xce, 0xb4, 0x66, 0x72, 0xe5, 0x69, 0x24, 0x51,
  0x85, 0x51, 0x08, 0x5a, 0x08, 0x4a, 0x28, 0x4a, 0x28, 0x4a, 0x28, 0x4a, 0x28, 0x4a, 0x28, 0x4a,
  0x28, 0x5a, 0x86, 0x51, 0x00, 0x20, 0xaf, 0x9b, 0x76, 0xcd, 0x96, 0xcd, 0x13, 0xbd, 0x34, 0xc5,
  0x13, 0xbd, 0x95, 0xcd, 0xf3, 0xbc, 0xce, 0x9b, 0xc2, 0x30, 0x48, 0x62, 0xce, 0x93, 0x54, 0xc5,
  0x99, 0xee, 0x58, 0xe6, 0xb2, 0xac, 0x85, 0x49, 0x2f, 0x9c, 0xb5, 0xcd, 0x54, 0xc5, 0x53, 0xc5,
  0xf2, 0xbc, 0x70, 0xac, 0x0e, 0xa4, 0x0e, 0xac, 0x0e, 0xb4, 0x0e, 0xb4, 0x0e, 0xb4, 0x0e, 0xb4,
  0xce, 0xab, 0xee, 0xab, 0x6c, 0xa3, 0x0e, 0xb4, 0x2f, 0xb4, 0x0b, 0x93, 0x27, 0x72, 0xe6, 0x69,
  0x68, 0x72, 0xea, 0x82, 0xad, 0xa3, 0x50, 0xb4, 0x30, 0xb4, 0x0f, 0xb4, 0x4c, 0x9b, 0x50, 0xbc,
  0x54, 0xd5, 0x95, 0xdd, 0x50, 0xb4, 0x44, 0x51, 0xc2, 0x40, 0x85, 0x59, 0x44, 0x51, 0x48, 0x62,
  0x69, 0x62, 0xca, 0x6a, 0xa8, 0x62, 0x2f, 0xb5, 0x32, 0xff, 0xe6, 0x93, 0x45, 0x5a, 0xea, 0x6a,
  0xeb, 0x62, 0xec, 0x62, 0xec, 0x5a, 0xeb, 0x62, 0x47, 0x5a, 0x67, 0x6a, 0xab, 0x9b, 0x26, 0x62,
  0x28, 0x52, 0xaa, 0x5a, 0xab, 0x5a, 0xaa, 0x52, 0xca, 0x52, 0xeb, 0x62, 0x24, 0x41, 0x45, 0x41,
  0xea, 0x62, 0x0b, 0x5b, 0xeb, 0x62, 0xcb, 0x62, 0x85, 0x41, 0x81, 0x20, 0x00, 0x00, 0x00, 0x00,
  0x00, 0x00, 0x00, 0x00, 0x00, 0x00, 0x00, 0x00, 0x00, 0x00, 0x00, 0x00, 0x00, 0x00, 0x00, 0x00,
  0x00, 0x00, 0x00, 0x00, 0x00, 0x00, 0x00, 0x00, 0x00, 0x00, 0x00, 0x00, 0x00, 0x00, 0x00, 0x00,
  0x00, 0x00, 0x00, 0x00, 0x00, 0x00, 0x00, 0x00, 0x00, 0x00, 0x00, 0x00, 0x00, 0x00, 0x00, 0x00,
  0x00, 0x00, 0x00, 0x00, 0x00, 0x00, 0x00, 0x00, 0x00, 0x00, 0x00, 0x00, 0x00, 0x00, 0x00, 0x00,
  0x00, 0x00, 0x00, 0x00, 0x00, 0x00, 0x00, 0x00, 0x00, 0x00, 0x00, 0x00, 0x00, 0x00, 0x00, 0x00,
  0x00, 0x00, 0x00, 0x00, 0x00, 0x00, 0x00, 0x00, 0x00, 0x00, 0x00, 0x00, 0x00, 0x00, 0x00, 0x00,
  0x00, 0x00, 0x00, 0x00, 0x00, 0x00, 0x00, 0x00, 0x00, 0x00, 0x00, 0x00, 0x00, 0x00, 0x00, 0x00,
  0x00, 0x00, 0x00, 0x00, 0x00, 0x00, 0x00, 0x00, 0x00, 0x00, 0x00, 0x00, 0x00, 0x00, 0x00, 0x00,
  0x00, 0x00, 0x00, 0x00, 0x00, 0x00, 0x00, 0x00, 0x00, 0x00, 0x00, 0x00, 0x00, 0x00, 0x00, 0x00,
  0x00, 0x00, 0x00, 0x00, 0x00, 0x00, 0x00, 0x00, 0x00, 0x00, 0x00, 0x00, 0x00, 0x00, 0x00, 0x00,
  0x00, 0x00, 0x00, 0x00, 0x00, 0x00, 0x00, 0x00, 0x00, 0x00, 0x00, 0x00, 0x00, 0x00, 0x00, 0x00,
  0x00, 0x00, 0x00, 0x00, 0x00, 0x00, 0x00, 0x00, 0x00, 0x00, 0x00, 0x00, 0x00, 0x00, 0x00, 0x00,
  0x00, 0x00, 0x00, 0x00, 0x00, 0x00, 0x00, 0x00, 0x00, 0x00, 0x00, 0x00, 0x00, 0x00, 0x41, 0x30,
  0xe4, 0x40, 0xa6, 0x49, 0xe7, 0x51, 0x28, 0x52, 0x08, 0x4a, 0x08, 0x4a, 0x08, 0x4a, 0x08, 0x4a,
  0x48, 0x52, 0x08, 0x4a, 0xe7, 0x49, 0x25, 0x41, 0xe3, 0x38, 0x14, 0xb5, 0x79, 0xde, 0x99, 0xde,
  0x9a, 0xde, 0xba, 0xe6, 0x18, 0xce, 0x4d, 0x7b, 0x24, 0x39, 0x85, 0x41, 0x07, 0x5a, 0x69, 0x6a,
  0x07, 0x62, 0xc7, 0x61, 0xe3, 0x40, 0xc2, 0x40, 0xc2, 0x40, 0xc2, 0x40, 0xc7, 0x69, 0xef, 0xab,
  0xd2, 0xc4, 0x34, 0xcd, 0x13, 0xc5, 0x13, 0xc5, 0x13, 0xcd, 0x33, 0xcd, 0x74, 0xdd, 0x88, 0x82,
  0x60, 0x38, 0x60, 0x59, 0xce, 0xdd, 0x6f, 0xf6, 0xf0, 0xfe, 0xb1, 0xf6, 0xce, 0xbc, 0xa4, 0x59,
  0x47, 0x72, 0xa5, 0x61, 0x41, 0x38, 0x25, 0x59, 0xe8, 0x61, 0x08, 0x5a, 0x28, 0x52, 0x28, 0x4a,
  0x28, 0x4a, 0x28, 0x4a, 0x28, 0x4a, 0x08, 0x52, 0x08, 0x62, 0x41, 0x30, 0x08, 0x62, 0x34, 0xc5,
  0x54, 0xc5, 0x13, 0xbd, 0x34, 0xbd, 0xd6, 0xd5, 0x38, 0xde, 0xd3, 0xbc, 0x8a, 0x7a, 0x20, 0x28,
  0x2c, 0x83, 0x17, 0xde, 0x10, 0xa4, 0xae, 0x93, 0x95, 0xcd, 0xba, 0xee, 0x0b, 0x7b, 0x07, 0x5a,
  0x54, 0xc5, 0x54, 0xc5, 0x53, 0xc5, 0x53, 0xc5, 0x33, 0xc5, 0xf1, 0xbc, 0x90, 0xac, 0x2e, 0xa4,
  0x0e, 0xac, 0x0e, 0xb4, 0x0f, 0xb4, 0x0e, 0xb4, 0x0e, 0xb4, 0xee, 0xab, 0xee, 0xab, 0x0e, 0xac,
  0x0f, 0xac, 0x50, 0xb4, 0x91, 0xbc, 0xd2, 0xc4, 0x91, 0xbc, 0x91, 0xbc, 0x2f, 0xb4, 0xee, 0xa3,
  0xad, 0x9b, 0x2f, 0xac, 0x91, 0xbc, 0x34, 0xd5, 0xd3, 0xcc, 0x2c, 0x93, 0x24, 0x59, 0x82, 0x40,
  0x85, 0x49, 0xe6, 0x51, 0xe6, 0x59, 0xa6, 0x51, 0x69, 0x62, 0x0b, 0x6b, 0xc6, 0x49, 0xab, 0x83,
  0xd2, 0xee, 0xce, 0xcd, 0x24, 0x52, 0x68, 0x5a, 0x8a, 0x5a, 0xaa, 0x52, 0x2d, 0x63, 0xcc, 0x62,
  0x27, 0x5a, 0x25, 0x62, 0x49, 0x93, 0xc4, 0x59, 0x27, 0x52, 0xaa, 0x5a, 0xab, 0x5a, 0x8a, 0x52,
  0xaa, 0x5a, 0x48, 0x62, 0xa2, 0x38, 0x24, 0x49, 0x89, 0x5a, 0x4c, 0x6b, 0x0b, 0x63, 0xcb, 0x62,
  0xa6, 0x49, 0xc2, 0x38, 0x00, 0x00, 0x00, 0x00, 0x00, 0x00, 0x00, 0x00, 0x00, 0x00, 0x00, 0x00,
  0x00, 0x00, 0x00, 0x00, 0x00, 0x00, 0x00, 0x00, 0x00, 0x00, 0x00, 0x00, 0x00, 0x00, 0x00, 0x00,
  0x00, 0x00, 0x00, 0x00, 0x00, 0x00, 0x00, 0x00, 0x00, 0x00, 0x00, 0x00, 0x00, 0x00, 0x00, 0x00,
  0x00, 0x00, 0x00, 0x00, 0x00, 0x00, 0x00, 0x00, 0x00, 0x00, 0x00, 0x00, 0x00, 0x00, 0x00, 0x00,
  0x00, 0x00, 0x00, 0x00, 0x00, 0x00, 0x00, 0x00, 0x00, 0x00, 0x00, 0x00, 0x00, 0x00, 0x00, 0x00,
  0x00, 0x00, 0x00, 0x00, 0x00, 0x00, 0x00, 0x00, 0x00, 0x00, 0x00, 0x00, 0x00, 0x00, 0x00, 0x00,
  0x00, 0x00, 0x00, 0x00, 0x00, 0x00, 0x00, 0x00, 0x00, 0x00, 0x00, 0x00, 0x00, 0x00, 0x00, 0x00,
  0x00, 0x00, 0x00, 0x00, 0x00, 0x00, 0x00, 0x00, 0x00, 0x00, 0x00, 0x00, 0x00, 0x00, 0x00, 0x00,
  0x00, 0x00, 0x00, 0x00, 0x00, 0x00, 0x00, 0x00, 0x00, 0x00, 0x00, 0x00, 0x00, 0x00, 0x00, 0x00,
  0x00, 0x00, 0x00, 0x00, 0x00, 0x00, 0x00, 0x00, 0x00, 0x00, 0x00, 0x00, 0x00, 0x00, 0x00, 0x00,
  0x00, 0x00, 0x00, 0x00, 0x00, 0x00, 0x00, 0x00, 0x00, 0x00, 0x00, 0x00, 0x00, 0x00, 0x00, 0x00,
  0x00, 0x00, 0x00, 0x00, 0x00, 0x00, 0x00, 0x00, 0x00, 0x00, 0x00, 0x00, 0x00, 0x00, 0x00, 0x00,
  0x00, 0x00, 0x00, 0x00, 0x00, 0x00, 0x00, 0x00, 0x00, 0x00, 0x00, 0x00, 0x00, 0x00, 0x00, 0x00,
  0x00, 0x00, 0x00, 0x00, 0x41, 0x30, 0xa3, 0x40, 0x65, 0x49, 0xe7, 0x49, 0x08, 0x4a, 0x28, 0x4a,
  0x28, 0x4a, 0x28, 0x4a, 0x28, 0x4a, 0x28, 0x4a, 0x08, 0x4a, 0x28, 0x52, 0xe3, 0x30, 0xa3, 0x28,
  0xf4, 0xbc, 0x38, 0xde, 0x79, 0xde, 0xfb, 0xee, 0x9a, 0xde, 0x79, 0xde, 0x2c, 0x73, 0xa2, 0x20,
  0x24, 0x39, 0x07, 0x5a, 0x27, 0x5a, 0x64, 0x41, 0xe3, 0x40, 0xa2, 0x40, 0xc2, 0x40, 0xc6, 0x61,
  0x50, 0xb4, 0xeb, 0x8a, 0xe7, 0x69, 0xe7, 0x69, 0x51, 0xb4, 0x34, 0xd5, 0xf3, 0xc4, 0x54, 0xd5,
  0xd2, 0xc4, 0xb2, 0xc4, 0x54, 0xd5, 0xf7, 0xed, 0x4c, 0x9b, 0x60, 0x38, 0x60, 0x59, 0x62, 0x72,
  0x42, 0x72, 0xa0, 0x40, 0x05, 0x72, 0x4c, 0x9b, 0xf3, 0xcc, 0x6d, 0x9b, 0x62, 0x38, 0x05, 0x49,
  0xe8, 0x59, 0x09, 0x52, 0x29, 0x4a, 0x28, 0x4a, 0x28, 0x4a, 0x28, 0x52, 0x28, 0x52, 0x08, 0x5a,
  0xe8, 0x61, 0x00, 0x28, 0x8e, 0x8b, 0x55, 0xc5, 0x34, 0xc5, 0x34, 0xc5, 0xb2, 0xb4, 0xf3, 0xbc,
  0x4c, 0x83, 0x45, 0x49, 0xc3, 0x38, 0x08, 0x62, 0xb6, 0xd5, 0x99, 0xee, 0x55, 0xcd, 0x75, 0xcd,
  0x58, 0xee, 0xb2, 0xb4, 0x03, 0x39, 0x30, 0xa4, 0x54, 0xc5, 0x54, 0xbd, 0x53, 0xc5, 0x53, 0xc5,
  0x53, 0xc5, 0x52, 0xc5, 0x11, 0xb5, 0x90, 0xac, 0x0e, 0xac, 0xce, 0xab, 0xee, 0xab, 0xee, 0xab,
  0x2f, 0xb4, 0x2f, 0xb4, 0x2f, 0xb4, 0x2f, 0xb4, 0xee, 0xab, 0xee, 0xab, 0xee, 0xab, 0xee, 0xab,
  0x0f, 0xac, 0xad, 0xa3, 0xce, 0xa3, 0x91, 0xbc, 0x13, 0xc5, 0x74, 0xd5, 0x13, 0xc5, 0x30, 0xac,
  0x44, 0x51, 0xc3, 0x48, 0x41, 0x38, 0x65, 0x51, 0xc6, 0x49, 0x07, 0x4a, 0xc6, 0x59, 0x85, 0x49,
  0x69, 0x62, 0x2c, 0x73, 0x07, 0x4a, 0x4a, 0x73, 0xd4, 0xe6, 0x55, 0xff, 0x44, 0x5a, 0xa8, 0x62,
  0x0b, 0x6b, 0xaa, 0x5a, 0xab, 0x5a, 0xab, 0x5a, 0x68, 0x62, 0x46, 0x6a, 0x49, 0x93, 0x04, 0x62,
  0x47, 0x5a, 0xaa, 0x5a, 0xab, 0x5a, 0x8a, 0x5a, 0x89, 0x62, 0x08, 0x62, 0x81, 0x38, 0xc3, 0x38,
  0x48, 0x5a, 0x2c, 0x6b, 0x0c, 0x63, 0xeb, 0x62, 0xc6, 0x51, 0xa2, 0x38, 0x00, 0x00, 0x00, 0x00,
  0x00, 0x00, 0x00, 0x00, 0x00, 0x00, 0x00, 0x00, 0x00, 0x00, 0x00, 0x00, 0x00, 0x00, 0x00, 0x00,
  0x00, 0x00, 0x00, 0x00, 0x00, 0x00, 0x00, 0x00, 0x00, 0x00, 0x00, 0x00, 0x00, 0x00, 0x00, 0x00,
  0x00, 0x00, 0x00, 0x00, 0x00, 0x00, 0x00, 0x00, 0x00, 0x00, 0x00, 0x00, 0x00, 0x00, 0x00, 0x00,
  0x00, 0x00, 0x00, 0x00, 0x00, 0x00, 0x00, 0x00, 0x00, 0x00, 0x00, 0x00, 0x00, 0x00, 0x00, 0x00,
  0x00, 0x00, 0x00, 0x00, 0x00, 0x00, 0x00, 0x00, 0x00, 0x00, 0x00, 0x00, 0x00, 0x00, 0x00, 0x00,
  0x00, 0x00, 0x00, 0x00, 0x00, 0x00, 0x00, 0x00, 0x00, 0x00, 0x00, 0x00, 0x00, 0x00, 0x00, 0x00,
  0x00, 0x00, 0x00, 0x00, 0x00, 0x00, 0x00, 0x00, 0x00, 0x00, 0x00, 0x00, 0x00, 0x00, 0x00, 0x00,
  0x00, 0x00, 0x00, 0x00, 0x00, 0x00, 0x00, 0x00, 0x00, 0x00, 0x00, 0x00, 0x00, 0x00, 0x00, 0x00,
  0x00, 0x00, 0x00, 0x00, 0x00, 0x00, 0x00, 0x00, 0x00, 0x00, 0x00, 0x00, 0x00, 0x00, 0x00, 0x00,
  0x00, 0x00, 0x00, 0x00, 0x00, 0x00, 0x00, 0x00, 0x00, 0x00, 0x00, 0x00, 0x00, 0x00, 0x00, 0x00,
  0x00, 0x00, 0x00, 0x00, 0x00, 0x00, 0x00, 0x00, 0x00, 0x00, 0x00, 0x00, 0x00, 0x00, 0x00, 0x00,
  0x00, 0x00, 0x00, 0x00, 0x00, 0x00, 0x00, 0x00, 0x00, 0x00, 0x00, 0x00, 0x00, 0x00, 0x00, 0x00,
  0x00, 0x00, 0x00, 0x00, 0x00, 0x00, 0x00, 0x00, 0x00, 0x00, 0x21, 0x20, 0x62, 0x40, 0x25, 0x51,
  0xc6, 0x49, 0x27, 0x4a, 0x28, 0x4a, 0x28, 0x4a, 0x28, 0x4a, 0x28, 0x4a, 0x28, 0x4a, 0x28, 0x4a,
  0x69, 0x52, 0x86, 0x41, 0x24, 0x39, 0x10, 0x9c, 0x59, 0xe6, 0x79, 0xe6, 0x79, 0xde, 0x59, 0xde,
  0x59, 0xde, 0xae, 0x83, 0x85, 0x41, 0x65, 0x39, 0xc6, 0x49, 0x65, 0x41, 0x64, 0x41, 0x85, 0x49,
  0x04, 0x41, 0xe3, 0x48, 0x28, 0x72, 0x13, 0xcd, 0x75, 0xd5, 0x13, 0xcd, 0x13, 0xcd, 0x6d, 0x9b,
  0x28, 0x72, 0x30, 0xb4, 0x34, 0xcd, 0x54, 0xd5, 0x54, 0xd5, 0xb6, 0xe5, 0x54, 0xd5, 0xd3, 0xcc,
  0x30, 0xb4, 0x64, 0x59, 0x60, 0x38, 0x61, 0x51, 0xa7, 0x82, 0x2d, 0xb4, 0xf2, 0xcc, 0x13, 0xd5,
  0x34, 0xd5, 0x41, 0x30, 0x44, 0x41, 0x08, 0x52, 0x08, 0x52, 0x09, 0x52, 0x29, 0x52, 0x29, 0x4a,
  0x28, 0x4a, 0x28, 0x52, 0x08, 0x52, 0x08, 0x5a, 0x82, 0x38, 0x08, 0x6a, 0x34, 0xc5, 0xba, 0xee,
  0x14, 0xc5, 0x34, 0xcd, 0x2d, 0x93, 0xc3, 0x48, 0x82, 0x38, 0xec, 0x82, 0x75, 0xcd, 0x0b, 0x7b,
  0x45, 0x49, 0xf7, 0xdd, 0x3c, 0xff, 0x5d, 0xff, 0xd7, 0xdd, 0x28, 0x62, 0x4c, 0x83, 0x54, 0xc5,
  0x54, 0xbd, 0x54, 0xbd, 0x53, 0xc5, 0x53, 0xc5, 0x53, 0xc5, 0x53, 0xc5, 0x53, 0xbd, 0xf2, 0xb4,
  0x70, 0xb4, 0x2f, 0xb4, 0x0f, 0xac, 0x0f, 0xac, 0xee, 0xab, 0xee, 0xab, 0xee, 0xab, 0xee, 0xab,
  0x0f, 0xac, 0x0f, 0xac, 0x0f, 0xac, 0x0f, 0xac, 0xce, 0xa3, 0x71, 0xb4, 0x13, 0xcd, 0x34, 0xd5,
  0x75, 0xd5, 0xb2, 0xc4, 0x8d, 0x9b, 0x85, 0x51, 0x41, 0x28, 0x03, 0x41, 0x44, 0x41, 0xe7, 0x51,
  0x07, 0x4a, 0x27, 0x52, 0xa6, 0x51, 0x45, 0x49, 0x69, 0x62, 0x4c, 0x7b, 0x69, 0x5a, 0xa9, 0x62,
  0x78, 0xff, 0xb8, 0xff, 0xcd, 0xac, 0xe3, 0x49, 0x0a, 0x6b, 0x69, 0x5a, 0xeb, 0x62, 0xcb, 0x62,
  0x06, 0x52, 0xa8, 0x7a, 0x4a, 0x93, 0xc4, 0x59, 0x47, 0x5a, 0x8a, 0x5a, 0xaa, 0x5a, 0x8a, 0x5a,
  0x69, 0x62, 0xc7, 0x59, 0x81, 0x30, 0x81, 0x28, 0x07, 0x52, 0x0b, 0x63, 0x0c, 0x6b, 0xec, 0x6a,
  0xe7, 0x59, 0x81, 0x30, 0x00, 0x00, 0x00, 0x00, 0x00, 0x00, 0x00, 0x00, 0x00, 0x00, 0x00, 0x00,
  0x00, 0x00, 0x00, 0x00, 0x00, 0x00, 0x00, 0x00, 0x00, 0x00, 0x00, 0x00, 0x00, 0x00, 0x00, 0x00,
  0x00, 0x00, 0x00, 0x00, 0x00, 0x00, 0x00, 0x00, 0x00, 0x00, 0x00, 0x00, 0x00, 0x00, 0x00, 0x00,
  0x00, 0x00, 0x00, 0x00, 0x00, 0x00, 0x00, 0x00, 0x00, 0x00, 0x00, 0x00, 0x00, 0x00, 0x00, 0x00,
  0x00, 0x00, 0x00, 0x00, 0x00, 0x00, 0x00, 0x00, 0x00, 0x00, 0x00, 0x00, 0x00, 0x00, 0x00, 0x00,
  0x00, 0x00, 0x00, 0x00, 0x00, 0x00, 0x00, 0x00, 0x00, 0x00, 0x00, 0x00, 0x00, 0x00, 0x00, 0x00,
  0x00, 0x00, 0x00, 0x00, 0x00, 0x00, 0x00, 0x00, 0x00, 0x00, 0x00, 0x00, 0x00, 0x00, 0x00, 0x00,
  0x00, 0x00, 0x00, 0x00, 0x00, 0x00, 0x00, 0x00, 0x00, 0x00, 0x00, 0x00, 0x00, 0x00, 0x00, 0x00,
  0x00, 0x00, 0x00, 0x00, 0x00, 0x00, 0x00, 0x00, 0x00, 0x00, 0x00, 0x00, 0x00, 0x00, 0x00, 0x00,
  0x00, 0x00, 0x00, 0x00, 0x00, 0x00, 0x00, 0x00, 0x00, 0x00, 0x00, 0x00, 0x00, 0x00, 0x00, 0x00,
  0x00, 0x00, 0x00, 0x00, 0x00, 0x00, 0x00, 0x00, 0x00, 0x00, 0x00, 0x00, 0x00, 0x00, 0x00, 0x00,
  0x00, 0x00, 0x00, 0x00, 0x00, 0x00, 0x00, 0x00, 0x00, 0x00, 0x00, 0x00, 0x00, 0x00, 0x00, 0x00,
  0x00, 0x00, 0x00, 0x00, 0x00, 0x00, 0x00, 0x00, 0x00, 0x00, 0x00, 0x00, 0x00, 0x00, 0x00, 0x00,
  0x00, 0x00, 0x41, 0x30, 0x82, 0x38, 0x86, 0x51, 0xe7, 0x49, 0x48, 0x42, 0x48, 0x4a, 0x48, 0x4a,
  0x48, 0x4a, 0x48, 0x4a, 0x28, 0x4a, 0x28, 0x4a, 0x08, 0x4a, 0x24, 0x31, 0x29, 0x5a, 0xbb, 0xee,
  0x79, 0xe6, 0xdb, 0xf6, 0x59, 0xde, 0xdb, 0xee, 0x8e, 0x83, 0x04, 0x31, 0x24, 0x39, 0x85, 0x41,
  0xa5, 0x41, 0x24, 0x39, 0x44, 0x39, 0xc6, 0x51, 0xa6, 0x59, 0xe3, 0x40, 0xe7, 0x69, 0x54, 0xd5,
  0x54, 0xd5, 0x96, 0xdd, 0xf3, 0xc4, 0x34, 0xcd, 0x34, 0xd5, 0x30, 0xb4, 0x0f, 0xac, 0x0c, 0x93,
  0x89, 0x7a, 0x85, 0x59, 0x44, 0x51, 0x24, 0x51, 0xe3, 0x48, 0xa9, 0x82, 0xee, 0xab, 0xf2, 0xcc,
  0xb5, 0xe5, 0x74, 0xe5, 0x95, 0xe5, 0x95, 0xe5, 0x28, 0x72, 0x61, 0x30, 0x27, 0x52, 0x28, 0x4a,
  0x28, 0x52, 0x09, 0x52, 0x29, 0x52, 0x29, 0x4a, 0x48, 0x52, 0x28, 0x52, 0x08, 0x52, 0xe8, 0x59,
  0x82, 0x38, 0x8e, 0x93, 0xdb, 0xfe, 0xf4, 0xbc, 0x8e, 0x93, 0xa2, 0x38, 0x04, 0x49, 0xcb, 0x82,
  0x55, 0xcd, 0xda, 0xf6, 0xda, 0xee, 0xd6, 0xcd, 0x49, 0x62, 0xd7, 0xd5, 0x9d, 0xff, 0xb6, 0xcd,
  0x49, 0x6a, 0x86, 0x51, 0x34, 0xc5, 0x13, 0xbd, 0x54, 0xc5, 0x54, 0xbd, 0x54, 0xc5, 0x53, 0xc5,
  0x53, 0xc5, 0x53, 0xc5, 0x53, 0xc5, 0x33, 0xc5, 0x33, 0xcd, 0xd2, 0xc4, 0x91, 0xbc, 0x70, 0xb4,
  0x70, 0xb4, 0x70, 0xb4, 0x70, 0xb4, 0x70, 0xb4, 0x50, 0xb4, 0x91, 0xb4, 0xd2, 0xc4, 0x13, 0xc5,
  0x75, 0xd5, 0x95, 0xdd, 0x75, 0xdd, 0x55, 0xd5, 0x51, 0xbc, 0x25, 0x51, 0x61, 0x30, 0xc2, 0x38,
  0x03, 0x39, 0xa6, 0x41, 0x07, 0x4a, 0x28, 0x4a, 0x27, 0x4a, 0x28, 0x52, 0xa6, 0x51, 0x25, 0x41,
  0x69, 0x62, 0x6d, 0x7b, 0xaa, 0x62, 0x47, 0x5a, 0xb5, 0xee, 0x57, 0xff, 0xad, 0xac, 0xa2, 0x49,
  0xa9, 0x62, 0xaa, 0x62, 0x4c, 0x73, 0x89, 0x62, 0x83, 0x49, 0x6a, 0x8b, 0xac, 0x9b, 0x63, 0x49,
  0x68, 0x5a, 0x89, 0x52, 0x8a, 0x5a, 0x8a, 0x5a, 0x69, 0x62, 0x86, 0x51, 0x61, 0x28, 0x41, 0x18,
  0xe6, 0x51, 0xeb, 0x6a, 0x0c, 0x6b, 0x0c, 0x6b, 0x07, 0x5a, 0x61, 0x30, 0x00, 0x08, 0x00, 0x00,
  0x00, 0x00, 0x00, 0x00, 0x00, 0x00, 0x00, 0x00, 0x00, 0x00, 0x00, 0x00, 0x00, 0x00, 0x00, 0x00,
  0x00, 0x00, 0x00, 0x00, 0x00, 0x00, 0x00, 0x00, 0x00, 0x00, 0x00, 0x00, 0x00, 0x00, 0x00, 0x00,
  0x00, 0x00, 0x00, 0x00, 0x00, 0x00, 0x00, 0x00, 0x00, 0x00, 0x00, 0x00, 0x00, 0x00, 0x00, 0x00,
  0x00, 0x00, 0x00, 0x00, 0x00, 0x00, 0x00, 0x00, 0x00, 0x00, 0x00, 0x00, 0x00, 0x00, 0x00, 0x00,
  0x00, 0x00, 0x00, 0x00, 0x00, 0x00, 0x00, 0x00, 0x00, 0x00, 0x00, 0x00, 0x00, 0x00, 0x00, 0x00,
  0x00, 0x00, 0x00, 0x00, 0x00, 0x00, 0x00, 0x00, 0x00, 0x00, 0x00, 0x00, 0x00, 0x00, 0x00, 0x00,
  0x00, 0x00, 0x00, 0x00, 0x00, 0x00, 0x00, 0x00, 0x00, 0x00, 0x00, 0x00, 0x00, 0x00, 0x00, 0x00,
  0x00, 0x00, 0x00, 0x00, 0x00, 0x00, 0x00, 0x00, 0x00, 0x00, 0x00, 0x00, 0x00, 0x00, 0x00, 0x00,
  0x00, 0x00, 0x00, 0x00, 0x00, 0x00, 0x00, 0x00, 0x00, 0x00, 0x00, 0x00, 0x00, 0x00, 0x00, 0x00,
  0x00, 0x00, 0x00, 0x00, 0x00, 0x00, 0x00, 0x00, 0x00, 0x00, 0x00, 0x00, 0x00, 0x00, 0x00, 0x00,
  0x00, 0x00, 0x00, 0x00, 0x00, 0x00, 0x00, 0x00, 0x00, 0x00, 0x00, 0x00, 0x00, 0x00, 0x00, 0x00,
  0x00, 0x00, 0x00, 0x00, 0x00, 0x00, 0x00, 0x00, 0x00, 0x00, 0x00, 0x00, 0x00, 0x00, 0x00, 0x00,
  0x00, 0x00, 0x00, 0x00, 0x00, 0x00, 0x00, 0x08, 0x65, 0x51, 0xe3, 0x40, 0x65, 0x49, 0x85, 0x41,
  0x28, 0x4a, 0x48, 0x4a, 0x48, 0x4a, 0x48, 0x4a, 0x48, 0x4a, 0x69, 0x4a, 0xe7, 0x41, 0x07, 0x4a,
  0xa6, 0x41, 0xe3, 0x28, 0x96, 0xc5, 0x9a, 0xe6, 0x9a, 0xe6, 0x9a, 0xe6, 0x59, 0xde, 0xef, 0x93,
  0x04, 0x39, 0x04, 0x31, 0x44, 0x39, 0x65, 0x41, 0x85, 0x41, 0x65, 0x41, 0x48, 0x5a, 0xc6, 0x51,
  0xc3, 0x38, 0xc3, 0x48, 0x0b, 0x8b, 0x34, 0xd5, 0x10, 0xb4, 0x10, 0xb4, 0x10, 0xb4, 0x10, 0xb4,
  0x30, 0xb4, 0x10, 0xb4, 0xc2, 0x40, 0xc2, 0x48, 0x00, 0x30, 0x24, 0x51, 0xa6, 0x61, 0x44, 0x59,
  0x24, 0x51, 0xce, 0xab, 0x91, 0xc4, 0xef, 0xab, 0xce, 0xab, 0x91, 0xc4, 0x91, 0xc4, 0xb2, 0xc4,
  0x61, 0x38, 0x23, 0x39, 0x07, 0x4a, 0x68, 0x4a, 0x28, 0x52, 0x29, 0x52, 0x29, 0x52, 0x29, 0x52,
  0x49, 0x52, 0x28, 0x4a, 0xe7, 0x51, 0xa2, 0x30, 0x28, 0x62, 0x55, 0xcd, 0x08, 0x5a, 0xc3, 0x30,
  0x07, 0x62, 0x49, 0x62, 0xf3, 0xb4, 0xda, 0xee, 0x1b, 0xef, 0xb9, 0xde, 0x37, 0xd6, 0xda, 0xe6,
  0xde, 0xff, 0xf7, 0xdd, 0xec, 0x82, 0x25, 0x49, 0xe7, 0x59, 0x92, 0xac, 0x34, 0xc5, 0x14, 0xc5,
  0x54, 0xc5, 0x54, 0xc5, 0x54, 0xc5, 0x54, 0xc5, 0x54, 0xc5, 0x54, 0xc5, 0x54, 0xc5, 0x54, 0xc5,
  0x54, 0xc5, 0x34, 0xcd, 0x34, 0xcd, 0x34, 0xcd, 0x34, 0xcd, 0x34, 0xcd, 0x34, 0xcd, 0x13, 0xcd,
  0x13, 0xc5, 0x33, 0xcd, 0x33, 0xc5, 0x34, 0xcd, 0xd6, 0xe5, 0xb6, 0xdd, 0xd3, 0xc4, 0x8a, 0x7a,
  0xc3, 0x40, 0x41, 0x30, 0x61, 0x28, 0x65, 0x41, 0x07, 0x4a, 0x07, 0x4a, 0x27, 0x42, 0x27, 0x42,
  0x48, 0x4a, 0x28, 0x52, 0xa7, 0x51, 0x25, 0x41, 0x69, 0x62, 0x2c, 0x73, 0xeb, 0x6a, 0xe5, 0x49,
  0xac, 0xac, 0x51, 0xe6, 0x4f, 0xc5, 0x46, 0x62, 0xc7, 0x51, 0xcb, 0x6a, 0x0a, 0x6b, 0x05, 0x52,
  0xc3, 0x51, 0x4a, 0x93, 0x09, 0x83, 0xc5, 0x51, 0x88, 0x5a, 0xa9, 0x52, 0x8a, 0x5a, 0x6a, 0x5a,
  0x6a, 0x6a, 0x04, 0x49, 0x41, 0x20, 0x00, 0x08, 0xe7, 0x59, 0x8a, 0x62, 0xab, 0x62, 0xec, 0x6a,
  0x49, 0x62, 0x82, 0x38, 0x00, 0x08, 0x00, 0x00, 0x00, 0x00, 0x00, 0x00, 0x00, 0x00, 0x00, 0x00,
  0x00, 0x00, 0x00, 0x00, 0x00, 0x00, 0x00, 0x00, 0x00, 0x00, 0x00, 0x00, 0x00, 0x00, 0x00, 0x00,
  0x00, 0x00, 0x00, 0x00, 0x00, 0x00, 0x00, 0x00, 0x00, 0x00, 0x00, 0x00, 0x00, 0x00, 0x00, 0x00,
  0x00, 0x00, 0x00, 0x00, 0x00, 0x00, 0x00, 0x00, 0x00, 0x00, 0x00, 0x00, 0x00, 0x00, 0x00, 0x00,
  0x00, 0x00, 0x00, 0x00, 0x00, 0x00, 0x00, 0x00, 0x00, 0x00, 0x00, 0x00, 0x00, 0x00, 0x00, 0x00,
  0x00, 0x00, 0x00, 0x00, 0x00, 0x00, 0x00, 0x00, 0x00, 0x00, 0x00, 0x00, 0x00, 0x00, 0x00, 0x00,
  0x00, 0x00, 0x00, 0x00, 0x00, 0x00, 0x00, 0x00, 0x00, 0x00, 0x00, 0x00, 0x00, 0x00, 0x00, 0x00,
  0x00, 0x00, 0x00, 0x00, 0x00, 0x00, 0x00, 0x00, 0x00, 0x00, 0x00, 0x00, 0x00, 0x00, 0x00, 0x00,
  0x00, 0x00, 0x00, 0x00, 0x00, 0x00, 0x00, 0x00, 0x00, 0x00, 0x00, 0x00, 0x00, 0x00, 0x00, 0x00,
  0x00, 0x00, 0x00, 0x00, 0x00, 0x00, 0x00, 0x00, 0x00, 0x00, 0x00, 0x00, 0x00, 0x00, 0x00, 0x00,
  0x00, 0x00, 0x00, 0x00, 0x00, 0x00, 0x00, 0x00, 0x00, 0x00, 0x00, 0x00, 0x00, 0x00, 0x00, 0x00,
  0x00, 0x00, 0x00, 0x00, 0x00, 0x00, 0x00, 0x00, 0x00, 0x00, 0x00, 0x00, 0x00, 0x00, 0x00, 0x00,
  0x00, 0x00, 0x00, 0x00, 0x00, 0x00, 0x00, 0x00, 0x00, 0x00, 0x00, 0x00, 0x00, 0x00, 0xc3, 0x38,
  0xc2, 0x30, 0xa6, 0x49, 0xa6, 0x49, 0xe7, 0x49, 0x48, 0x4a, 0x48, 0x4a, 0x48, 0x4a, 0x48, 0x4a,
  0x28, 0x4a, 0x49, 0x4a, 0x89, 0x5a, 0x86, 0x39, 0xc3, 0x28, 0x10, 0x94, 0x79, 0xde, 0x9a, 0xe6,
  0xba, 0xe6, 0x38, 0xde, 0xe8, 0x51, 0x24, 0x39, 0xc3, 0x30, 0x49, 0x62, 0xa6, 0x41, 0x85, 0x41,
  0xe7, 0x51, 0x07, 0x52, 0x28, 0x5a, 0x85, 0x49, 0xc3, 0x40, 0xe7, 0x69, 0x91, 0xbc, 0x34, 0xd5,
  0x10, 0xb4, 0x10, 0xb4, 0x10, 0xb4, 0x10, 0xb4, 0x50, 0xb4, 0xe7, 0x69, 0x03, 0x49, 0xc6, 0x61,
  0x0f, 0xb4, 0x0f, 0xb4, 0x4c, 0x93, 0xc6, 0x69, 0xef, 0xab, 0x50, 0xb4, 0x91, 0xc4, 0xae, 0xa3,
  0xae, 0xa3, 0x30, 0xbc, 0x8d, 0xa3, 0xc6, 0x61, 0x23, 0x39, 0xe6, 0x49, 0x27, 0x4a, 0x48, 0x4a,
  0x28, 0x52, 0x29, 0x52, 0x29, 0x52, 0x29, 0x52, 0x48, 0x4a, 0x68, 0x52, 0x08, 0x5a, 0x82, 0x30,
  0x8e, 0x93, 0xae, 0x93, 0x8e, 0x8b, 0xae, 0x93, 0x54, 0xc5, 0xda, 0xee, 0x5c, 0xf7, 0x58, 0xce,
  0x37, 0xc6, 0x78, 0xd6, 0xda, 0xe6, 0x1b, 0xef, 0xd7, 0xd5, 0x65, 0x49, 0xc3, 0x38, 0xab, 0x7a,
  0x13, 0xbd, 0xd6, 0xd5, 0x54, 0xc5, 0x55, 0xcd, 0x54, 0xc5, 0x54, 0xc5, 0x54, 0xc5, 0x54, 0xc5,
  0x54, 0xc5, 0x54, 0xc5, 0x54, 0xc5, 0x54, 0xc5, 0x54, 0xc5, 0x34, 0xc5, 0x34, 0xc5, 0x34, 0xc5,
  0x34, 0xcd, 0x34, 0xcd, 0x34, 0xcd, 0x34, 0xcd, 0x13, 0xc5, 0xf3, 0xc4, 0x75, 0xd5, 0xd6, 0xe5,
  0x74, 0xd5, 0xae, 0x9b, 0xe7, 0x61, 0xe3, 0x40, 0x41, 0x30, 0x04, 0x41, 0xe8, 0x51, 0x28, 0x52,
  0x07, 0x4a, 0x27, 0x42, 0x47, 0x42, 0x47, 0x42, 0x48, 0x4a, 0x28, 0x52, 0xa7, 0x51, 0x25, 0x41,
  0xaa, 0x6a, 0x4c, 0x73, 0x2c, 0x73, 0x84, 0x41, 0xe1, 0x51, 0x8f, 0xcd, 0x30, 0xc5, 0x05, 0x5a,
  0x85, 0x49, 0x27, 0x5a, 0x46, 0x5a, 0xc3, 0x49, 0x65, 0x6a, 0xab, 0x9b, 0xc5, 0x59, 0xe6, 0x51,
  0x89, 0x52, 0xa9, 0x52, 0x8a, 0x5a, 0x6a, 0x62, 0x69, 0x6a, 0xe3, 0x48, 0x20, 0x18, 0x00, 0x00,
  0x86, 0x51, 0x6a, 0x6a, 0xab, 0x62, 0xcb, 0x6a, 0x48, 0x62, 0x81, 0x30, 0x00, 0x08, 0x00, 0x00,
  0x00, 0x00, 0x00, 0x00, 0x00, 0x00, 0x00, 0x00, 0x00, 0x00, 0x00, 0x00, 0x00, 0x00, 0x00, 0x00,
  0x00, 0x00, 0x00, 0x00, 0x00, 0x00, 0x00, 0x00, 0x00, 0x00, 0x00, 0x00, 0x00, 0x00, 0x00, 0x00,
  0x00, 0x00, 0x00, 0x00, 0x00, 0x00, 0x00, 0x00, 0x00, 0x00, 0x00, 0x00, 0x00, 0x00, 0x00, 0x00,
  0x00, 0x00, 0x00, 0x00, 0x00, 0x00, 0x00, 0x00, 0x00, 0x00, 0x00, 0x00, 0x00, 0x00, 0x00, 0x00,
  0x00, 0x00, 0x00, 0x00, 0x00, 0x00, 0x00, 0x00, 0x00, 0x00, 0x00, 0x00, 0x00, 0x00, 0x00, 0x00,
  0x00, 0x00, 0x00, 0x00, 0x00, 0x00, 0x00, 0x00, 0x00, 0x00, 0x00, 0x00, 0x00, 0x00, 0x00, 0x00,
  0x00, 0x00, 0x00, 0x00, 0x00, 0x00, 0x00, 0x00, 0x00, 0x00, 0x00, 0x00, 0x00, 0x00, 0x00, 0x00,
  0x00, 0x00, 0x00, 0x00, 0x00, 0x00, 0x00, 0x00, 0x00, 0x00, 0x00, 0x00, 0x00, 0x00, 0x00, 0x00,
  0x00, 0x00, 0x00, 0x00, 0x00, 0x00, 0x00, 0x00, 0x00, 0x00, 0x00, 0x00, 0x00, 0x00, 0x00, 0x00,
  0x00, 0x00, 0x00, 0x00, 0x00, 0x00, 0x00, 0x00, 0x00, 0x00, 0x00, 0x00, 0x00, 0x00, 0x00, 0x00,
  0x00, 0x00, 0x00, 0x00, 0x00, 0x00, 0x00, 0x00, 0x00, 0x00, 0x00, 0x00, 0x00, 0x00, 0x00, 0x00,
  0x00, 0x00, 0x00, 0x00, 0x00, 0x00, 0x00, 0x00, 0x00, 0x00, 0x00, 0x00, 0x00, 0x00, 0x00, 0x00,
  0x00, 0x00, 0x00, 0x00, 0xc3, 0x40, 0x04, 0x39, 0x24, 0x39, 0x27, 0x52, 0x27, 0x4a, 0x48, 0x4a,
  0x48, 0x52, 0x28, 0x52, 0x28, 0x52, 0x28, 0x52, 0x08, 0x4a, 0x49, 0x52, 0x8a, 0x5a, 0x45, 0x39,
  0x69, 0x62, 0x7a, 0xe6, 0xfb, 0xee, 0x99, 0xde, 0x38, 0xd6, 0x69, 0x5a, 0x45, 0x41, 0xa6, 0x49,
  0x28, 0x5a, 0xe7, 0x51, 0xc7, 0x49, 0xc6, 0x49, 0xe7, 0x51, 0x07, 0x52, 0x81, 0x20, 0x24, 0x41,
  0x8a, 0x7a, 0xb2, 0xc4, 0xf3, 0xcc, 0x0f, 0xac, 0x10, 0xb4, 0x2f, 0xb4, 0x2f, 0xb4, 0x2f, 0xb4,
  0xce, 0xa3, 0xca, 0x82, 0x2f, 0xb4, 0x70, 0xbc, 0xd2, 0xc4, 0x91, 0xc4, 0x0f, 0xb4, 0xce, 0xa3,
  0x2f, 0xb4, 0xee, 0xab, 0x4f, 0xb4, 0x0e, 0xb4, 0x90, 0xc4, 0x0f, 0xb4, 0x03, 0x51, 0x60, 0x30,
  0x06, 0x4a, 0x27, 0x4a, 0x28, 0x52, 0x28, 0x52, 0x29, 0x52, 0x29, 0x52, 0x29, 0x4a, 0x49, 0x4a,
  0x28, 0x42, 0x48, 0x52, 0x00, 0x18, 0x08, 0x62, 0x34, 0xc5, 0x89, 0x6a, 0xdb, 0xfe, 0xda, 0xf6,
  0xda, 0xee, 0xfa, 0xee, 0x78, 0xde, 0xfb, 0xee, 0x1b, 0xf7, 0x78, 0xe6, 0x34, 0xbd, 0xef, 0x93,
  0x44, 0x41, 0x24, 0x41, 0x10, 0x9c, 0xd6, 0xd5, 0x55, 0xcd, 0xf3, 0xbc, 0x34, 0xc5, 0x95, 0xcd,
  0x54, 0xc5, 0x54, 0xbd, 0x54, 0xc5, 0x54, 0xc5, 0x54, 0xc5, 0x54, 0xc5, 0x54, 0xc5, 0x54, 0xc5,
  0x54, 0xc5, 0x54, 0xc5, 0x54, 0xc5, 0x54, 0xc5, 0x54, 0xc5, 0x54, 0xc5, 0x34, 0xc5, 0x34, 0xcd,
  0x34, 0xcd, 0x54, 0xcd, 0x75, 0xd5, 0x0f, 0xa4, 0xe7, 0x61, 0xe3, 0x40, 0x81, 0x30, 0x23, 0x41,
  0x86, 0x49, 0x8a, 0x6a, 0xe7, 0x49, 0x07, 0x4a, 0x28, 0x42, 0x28, 0x42, 0x48, 0x3a, 0x48, 0x42,
  0x48, 0x4a, 0x28, 0x52, 0xa7, 0x51, 0x25, 0x41, 0x49, 0x62, 0x4c, 0x73, 0x89, 0x5a, 0x0a, 0x73,
  0xe4, 0x59, 0x4a, 0x8b, 0x8b, 0x93, 0xc8, 0x7a, 0x82, 0x49, 0x60, 0x41, 0x43, 0x5a, 0x47, 0x7b,
  0x4b, 0xac, 0x08, 0x8b, 0xe2, 0x40, 0xca, 0x6a, 0x89, 0x52, 0xa9, 0x52, 0x89, 0x5a, 0x49, 0x62,
  0x86, 0x59, 0x61, 0x30, 0x00, 0x08, 0x00, 0x08, 0x45, 0x51, 0x6a, 0x6a, 0xec, 0x6a, 0xec, 0x6a,
  0x69, 0x62, 0xa2, 0x38, 0x20, 0x18, 0x00, 0x00, 0x00, 0x00, 0x00, 0x00, 0x00, 0x00, 0x00, 0x00,
  0x00, 0x00, 0x00, 0x00, 0x00, 0x00, 0x00, 0x00, 0x00, 0x00, 0x00, 0x00, 0x00, 0x00, 0x00, 0x00,
  0x00, 0x00, 0x00, 0x00, 0x00, 0x00, 0x00, 0x00, 0x00, 0x00, 0x00, 0x00, 0x00, 0x00, 0x00, 0x00,
  0x00, 0x00, 0x00, 0x00, 0x00, 0x00, 0x00, 0x00, 0x00, 0x00, 0x00, 0x00, 0x00, 0x00, 0x00, 0x00,
  0x00, 0x00, 0x00, 0x00, 0x00, 0x00, 0x00, 0x00, 0x00, 0x00, 0x00, 0x00, 0x00, 0x00, 0x00, 0x00,
  0x00, 0x00, 0x00, 0x00, 0x00, 0x00, 0x00, 0x00, 0x00, 0x00, 0x00, 0x00, 0x00, 0x00, 0x00, 0x00,
  0x00, 0x00, 0x00, 0x00, 0x00, 0x00, 0x00, 0x00, 0x00, 0x00, 0x00, 0x00, 0x00, 0x00, 0x00, 0x00,
  0x00, 0x00, 0x00, 0x00, 0x00, 0x00, 0x00, 0x00, 0x00, 0x00, 0x00, 0x00, 0x00, 0x00, 0x00, 0x00,
  0x00, 0x00, 0x00, 0x00, 0x00, 0x00, 0x00, 0x00, 0x00, 0x00, 0x00, 0x00, 0x00, 0x00, 0x00, 0x00,
  0x00, 0x00, 0x00, 0x00, 0x00, 0x00, 0x00, 0x00, 0x00, 0x00, 0x00, 0x00, 0x00, 0x00, 0x00, 0x00,
  0x00, 0x00, 0x00, 0x00, 0x00, 0x00, 0x00, 0x00, 0x00, 0x00, 0x00, 0x00, 0x00, 0x00, 0x00, 0x00,
  0x00, 0x00, 0x00, 0x00, 0x00, 0x00, 0x00, 0x00, 0x00, 0x00, 0x00, 0x00, 0x00, 0x00, 0x00, 0x00,
  0x00, 0x00, 0x00, 0x00, 0x00, 0x00, 0x00, 0x00, 0x00, 0x00, 0xe4, 0x48, 0x04, 0x41, 0x24, 0x39,
  0x48, 0x5a, 0xe6, 0x41, 0x47, 0x4a, 0x48, 0x4a, 0x28, 0x52, 0x28, 0x5a, 0x28, 0x5a, 0x28, 0x52,
  0x28, 0x52, 0x49, 0x5a, 0x86, 0x41, 0x24, 0x39, 0xf3, 0xb4, 0x5d, 0xff, 0x79, 0xe6, 0x51, 0x9c,
  0x69, 0x5a, 0x03, 0x31, 0xa6, 0x49, 0xa7, 0x49, 0xe7, 0x49, 0x69, 0x5a, 0xa6, 0x49, 0xc6, 0x51,
  0xa6, 0x51, 0x81, 0x30, 0x03, 0x41, 0x89, 0x72, 0x30, 0xac, 0xef, 0xab, 0x0f, 0xac, 0x50, 0xb4,
  0x2f, 0xb4, 0x2f, 0xb4, 0x2f, 0xb4, 0x2f, 0xb4, 0x50, 0xb4, 0x0f, 0xac, 0x0f, 0xac, 0x0f, 0xac,
  0x50, 0xbc, 0x2f, 0xb4, 0x0f, 0xb4, 0x2f, 0xb4, 0x0e, 0xac, 0x8f, 0xbc, 0x4f, 0xb4, 0x90, 0xbc,
  0x2e, 0xac, 0x68, 0x72, 0x40, 0x30, 0xe7, 0x59, 0x68, 0x52, 0x68, 0x4a, 0x28, 0x52, 0x08, 0x52,
  0x49, 0x52, 0x29, 0x52, 0x29, 0x52, 0x28, 0x52, 0x48, 0x52, 0xc2, 0x20, 0x40, 0x20, 0x54, 0xcd,
  0x13, 0xbd, 0xca, 0x72, 0xe3, 0x38, 0xef, 0x9b, 0x95, 0xc5, 0xb5, 0xc5, 0xb6, 0xcd, 0xf3, 0xb4,
  0xae, 0x93, 0xa6, 0x51, 0x24, 0x39, 0x03, 0x39, 0x30, 0xa4, 0x96, 0xd5, 0x38, 0xde, 0xf7, 0xdd,
  0x54, 0xc5, 0xf3, 0xbc, 0x75, 0xcd, 0x54, 0xc5, 0x54, 0xc5, 0x54, 0xbd, 0x54, 0xc5, 0x54, 0xc5,
  0x54, 0xc5, 0x54, 0xc5, 0x54, 0xc5, 0x54, 0xc5, 0x54, 0xc5, 0x54, 0xc5, 0x54, 0xc5, 0x54, 0xc5,
  0x54, 0xc5, 0x34, 0xc5, 0x34, 0xcd, 0x34, 0xcd, 0x76, 0xd5, 0x30, 0xac, 0x2c, 0x8b, 0x03, 0x41,
  0x03, 0x41, 0x44, 0x41, 0xa5, 0x49, 0x07, 0x52, 0x08, 0x52, 0x29, 0x52, 0xe8, 0x49, 0xe7, 0x41,
  0x28, 0x42, 0x28, 0x42, 0x48, 0x42, 0x28, 0x42, 0x28, 0x4a, 0x28, 0x52, 0xa7, 0x51, 0x45, 0x41,
  0xaa, 0x62, 0x6d, 0x7b, 0xeb, 0x6a, 0xaa, 0x6a, 0x85, 0x51, 0xe2, 0x40, 0x44, 0x49, 0x68, 0x6a,
  0x28, 0x7b, 0x68, 0x83, 0x0b, 0x94, 0x4c, 0xa4, 0x86, 0x72, 0x22, 0x49, 0xe7, 0x59, 0x0c, 0x73,
  0x89, 0x52, 0xa9, 0x52, 0x8a, 0x52, 0x69, 0x62, 0x86, 0x59, 0x41, 0x30, 0x00, 0x00, 0x00, 0x08,
  0xe4, 0x40, 0x6a, 0x6a, 0xec, 0x6a, 0xec, 0x6a, 0x48, 0x62, 0x82, 0x38, 0x20, 0x10, 0x00, 0x00,
  0x00, 0x00, 0x00, 0x00, 0x00, 0x00, 0x00, 0x00, 0x00, 0x00, 0x00, 0x00, 0x00, 0x00, 0x00, 0x00,
  0x00, 0x00, 0x00, 0x00, 0x00, 0x00, 0x00, 0x00, 0x00, 0x00, 0x00, 0x00, 0x00, 0x00, 0x00, 0x00,
  0x00, 0x00, 0x00, 0x00, 0x00, 0x00, 0x00, 0x00, 0x00, 0x00, 0x00, 0x00, 0x00, 0x00, 0x00, 0x00,
  0x00, 0x00, 0x00, 0x00, 0x00, 0x00, 0x00, 0x00, 0x00, 0x00, 0x00, 0x00, 0x00, 0x00, 0x00, 0x00,
  0x00, 0x00, 0x00, 0x00, 0x00, 0x00, 0x00, 0x00, 0x00, 0x00, 0x00, 0x00, 0x00, 0x00, 0x00, 0x00,
  0x00, 0x00, 0x00, 0x00, 0x00, 0x00, 0x00, 0x00, 0x00, 0x00, 0x00, 0x00, 0x00, 0x00, 0x00, 0x00,
  0x00, 0x00, 0x00, 0x00, 0x00, 0x00, 0x00, 0x00, 0x00, 0x00, 0x00, 0x00, 0x00, 0x00, 0x00, 0x00,
  0x00, 0x00, 0x00, 0x00, 0x00, 0x00, 0x00, 0x00, 0x00, 0x00, 0x00, 0x00, 0x00, 0x00, 0x00, 0x00,
  0x00, 0x00, 0x00, 0x00, 0x00, 0x00, 0x00, 0x00, 0x00, 0x00, 0x00, 0x00, 0x00, 0x00, 0x00, 0x00,
  0x00, 0x00, 0x00, 0x00, 0x00, 0x00, 0x00, 0x00, 0x00, 0x00, 0x00, 0x00, 0x00, 0x00, 0x00, 0x00,
  0x00, 0x00, 0x00, 0x00, 0x00, 0x00, 0x00, 0x00, 0x00, 0x00, 0x00, 0x00, 0x00, 0x00, 0x00, 0x00,
  0x00, 0x00, 0x00, 0x00, 0x00, 0x00, 0x00, 0x00, 0x00, 0x00, 0x00, 0x00, 0x20, 0x10, 0x21, 0x18,
  0xe4, 0x50, 0xe3, 0x40, 0x24, 0x41, 0x28, 0x52, 0x07, 0x42, 0x07, 0x42, 0x68, 0x4a, 0xaa, 0x5a,
  0x08, 0x5a, 0x29, 0x62, 0xa2, 0x28, 0x28, 0x5a, 0x48, 0x5a, 0x28, 0x5a, 0x0b, 0x6b, 0xd2, 0xac,
  0xdb, 0xf6, 0xd7, 0xd5, 0x30, 0x9c, 0xe7, 0x51, 0xc3, 0x28, 0xa6, 0x49, 0xe7, 0x51, 0xa7, 0x49,
  0xe7, 0x49, 0xe7, 0x49, 0xe6, 0x49, 0x08, 0x62, 0xe3, 0x48, 0x00, 0x30, 0xea, 0x82, 0xad, 0x9b,
  0x2f, 0xac, 0x0f, 0xb4, 0x0f, 0xb4, 0x0f, 0xb4, 0x0f, 0xb4, 0x0f, 0xb4, 0x0f, 0xb4, 0x2f, 0xb4,
  0x2f, 0xb4, 0x2f, 0xb4, 0x2f, 0xb4, 0x2f, 0xb4, 0x2f, 0xb4, 0x2f, 0xb4, 0x2f, 0xb4, 0x2f, 0xb4,
  0xcd, 0xa3, 0x6f, 0xb4, 0x4e, 0xac, 0x90, 0xb4, 0xca, 0x7a, 0x61, 0x28, 0x25, 0x41, 0x08, 0x52,
  0x49, 0x52, 0x48, 0x4a, 0x28, 0x52, 0x28, 0x52, 0x49, 0x52, 0x08, 0x4a, 0xe8, 0x51, 0x08, 0x52,
  0x65, 0x41, 0x20, 0x18, 0xae, 0x93, 0x74, 0xc5, 0x74, 0xc5, 0x30, 0xa4, 0x69, 0x6a, 0x44, 0x41,
  0x24, 0x41, 0x65, 0x49, 0x24, 0x41, 0x03, 0x41, 0x65, 0x49, 0xe7, 0x59, 0x8d, 0x93, 0x13, 0xbd,
  0x54, 0xc5, 0x54, 0xc5, 0x54, 0xc5, 0x54, 0xc5, 0x34, 0xc5, 0x34, 0xc5, 0x34, 0xbd, 0x54, 0xbd,
  0x54, 0xbd, 0x54, 0xbd, 0x54, 0xbd, 0x54, 0xbd, 0x54, 0xbd, 0x54, 0xbd, 0x54, 0xbd, 0x54, 0xc5,
  0xd6, 0xd5, 0x74, 0xc5, 0x33, 0xbd, 0x54, 0xc5, 0x75, 0xc5, 0xd7, 0xdd, 0xb6, 0xdd, 0x10, 0xac,
  0x0d, 0x93, 0xa3, 0x48, 0x25, 0x51, 0x45, 0x49, 0x86, 0x49, 0x28, 0x52, 0x68, 0x52, 0x28, 0x4a,
  0xe7, 0x41, 0x08, 0x42, 0xe8, 0x41, 0xe7, 0x41, 0x28, 0x4a, 0x28, 0x4a, 0x28, 0x42, 0x28, 0x4a,
  0x48, 0x4a, 0xe7, 0x49, 0x08, 0x4a, 0xa6, 0x41, 0x8a, 0x5a, 0x2c, 0x73, 0x2c, 0x73, 0x8a, 0x62,
  0x08, 0x5a, 0xa6, 0x59, 0x66, 0x51, 0x24, 0x41, 0x07, 0x62, 0xea, 0x7a, 0xca, 0x72, 0xe6, 0x59,
  0x85, 0x49, 0xe6, 0x51, 0x69, 0x62, 0x69, 0x5a, 0xca, 0x5a, 0xca, 0x52, 0xaa, 0x52, 0x8a, 0x5a,
  0x24, 0x49, 0x20, 0x10, 0x00, 0x00, 0x00, 0x08, 0x44, 0x41, 0x49, 0x5a, 0x0c, 0x6b, 0xec, 0x6a,
  0xe7, 0x61, 0x82, 0x38, 0x20, 0x10, 0x00, 0x00, 0x00, 0x00, 0x00, 0x00, 0x00, 0x00, 0x00, 0x00,
  0x00, 0x00, 0x00, 0x00, 0x00, 0x00, 0x00, 0x00, 0x00, 0x00, 0x00, 0x00, 0x00, 0x00, 0x00, 0x00,
  0x00, 0x00, 0x00, 0x00, 0x00, 0x00, 0x00, 0x00, 0x00, 0x00, 0x00, 0x00, 0x00, 0x00, 0x00, 0x00,
  0x00, 0x00, 0x00, 0x00, 0x00, 0x00, 0x00, 0x00, 0x00, 0x00, 0x00, 0x00, 0x00, 0x00, 0x00, 0x00,
  0x00, 0x00, 0x00, 0x00, 0x00, 0x00, 0x00, 0x00, 0x00, 0x00, 0x00, 0x00, 0x00, 0x00, 0x00, 0x00,
  0x00, 0x00, 0x00, 0x00, 0x00, 0x00, 0x00, 0x00, 0x00, 0x00, 0x00, 0x00, 0x00, 0x00, 0x00, 0x00,
  0x00, 0x00, 0x00, 0x00, 0x00, 0x00, 0x00, 0x00, 0x00, 0x00, 0x00, 0x00, 0x00, 0x00, 0x00, 0x00,
  0x00, 0x00, 0x00, 0x00, 0x00, 0x00, 0x00, 0x00, 0x00, 0x00, 0x00, 0x00, 0x00, 0x00, 0x00, 0x00,
  0x00, 0x00, 0x00, 0x00, 0x00, 0x00, 0x00, 0x00, 0x00, 0x00, 0x00, 0x00, 0x00, 0x00, 0x00, 0x00,
  0x00, 0x00, 0x00, 0x00, 0x00, 0x00, 0x00, 0x00, 0x00, 0x00, 0x00, 0x00, 0x00, 0x00, 0x00, 0x00,
  0x00, 0x00, 0x00, 0x00, 0x00, 0x00, 0x00, 0x00, 0x00, 0x00, 0x00, 0x00, 0x00, 0x00, 0x00, 0x00,
  0x00, 0x00, 0x00, 0x00, 0x00, 0x00, 0x00, 0x00, 0x00, 0x00, 0x00, 0x00, 0x00, 0x00, 0x00, 0x00,
  0x00, 0x00, 0x00, 0x00, 0x21, 0x20, 0xa3, 0x48, 0x24, 0x49, 0x65, 0x49, 0xe7, 0x49, 0x27, 0x4a,
  0x48, 0x4a, 0x89, 0x52, 0x8a, 0x5a, 0x8a, 0x62, 0x49, 0x5a, 0x49, 0x62, 0x6d, 0x83, 0xf7, 0xd5,
  0x28, 0x5a, 0xe3, 0x30, 0x91, 0xa4, 0x7d, 0xff, 0x38, 0xde, 0xae, 0x8b, 0x49, 0x5a, 0x86, 0x41,
  0x65, 0x39, 0x08, 0x52, 0x28, 0x5a, 0xe7, 0x51, 0x89, 0x5a, 0x68, 0x5a, 0x48, 0x5a, 0xc6, 0x59,
  0x81, 0x40, 0xa6, 0x69, 0x0e, 0xac, 0x4f, 0xb4, 0x0f, 0xac, 0x0f, 0xb4, 0x0f, 0xb4, 0x0f, 0xb4,
  0x0f, 0xb4, 0x0f, 0xb4, 0x2f, 0xb4, 0x2f, 0xb4, 0x2f, 0xb4, 0x2f, 0xb4, 0x2f, 0xb4, 0x2f, 0xb4,
  0x2f, 0xb4, 0x2f, 0xb4, 0x2f, 0xb4, 0x2e, 0xb4, 0x4e, 0xb4, 0x0d, 0xac, 0x4e, 0xac, 0x68, 0x6a,
  0x61, 0x28, 0x08, 0x52, 0xc8, 0x49, 0x29, 0x4a, 0x49, 0x4a, 0x48, 0x4a, 0x28, 0x52, 0x28, 0x52,
  0x28, 0x52, 0xe8, 0x51, 0x46, 0x41, 0x25, 0x41, 0xc2, 0x30, 0xca, 0x72, 0x75, 0xc5, 0x95, 0xcd,
  0x54, 0xc5, 0x54, 0xc5, 0x54, 0xc5, 0x54, 0xcd, 0x10, 0xa4, 0xce, 0x9b, 0xeb, 0x7a, 0x50, 0xac,
  0x54, 0xcd, 0x95, 0xd5, 0x95, 0xcd, 0xf3, 0xbc, 0x54, 0xc5, 0x54, 0xc5, 0x54, 0xc5, 0x54, 0xc5,
  0x54, 0xc5, 0x34, 0xbd, 0x54, 0xbd, 0x53, 0xbd, 0x54, 0xbd, 0x54, 0xbd, 0x54, 0xbd, 0x54, 0xbd,
  0x54, 0xc5, 0x54, 0xc5, 0x54, 0xc5, 0x54, 0xc5, 0x54, 0xc5, 0x74, 0xc5, 0x75, 0xc5, 0x74, 0xc5,
  0x75, 0xcd, 0xd3, 0xbc, 0x8e, 0x9b, 0xc8, 0x69, 0x25, 0x51, 0xe4, 0x48, 0x45, 0x49, 0x86, 0x49,
  0x28, 0x52, 0x49, 0x4a, 0x28, 0x42, 0x07, 0x3a, 0x49, 0x4a, 0x49, 0x4a, 0x08, 0x4a, 0x08, 0x42,
  0x08, 0x4a, 0x08, 0x4a, 0x28, 0x4a, 0x28, 0x4a, 0x49, 0x52, 0x07, 0x42, 0xe7, 0x41, 0xe7, 0x41,
  0xca, 0x62, 0x2c, 0x6b, 0x0c, 0x6b, 0x8a, 0x62, 0x69, 0x62, 0x29, 0x62, 0x08, 0x5a, 0xe7, 0x51,
  0x45, 0x41, 0x86, 0x49, 0xc7, 0x49, 0xc7, 0x49, 0x08, 0x52, 0xaa, 0x5a, 0x8a, 0x5a, 0x69, 0x52,
  0xeb, 0x62, 0xcb, 0x5a, 0x8a, 0x52, 0xc7, 0x49, 0xe3, 0x40, 0x00, 0x00, 0x00, 0x00, 0x20, 0x08,
  0x44, 0x39, 0x69, 0x5a, 0x0c, 0x6b, 0x0c, 0x6b, 0xe7, 0x61, 0x82, 0x38, 0x20, 0x08, 0x00, 0x00,
  0x00, 0x00, 0x00, 0x00, 0x00, 0x00, 0x00, 0x00, 0x00, 0x00, 0x00, 0x00, 0x00, 0x00, 0x00, 0x00,
  0x00, 0x00, 0x00, 0x00, 0x00, 0x00, 0x00, 0x00, 0x00, 0x00, 0x00, 0x00, 0x00, 0x00, 0x00, 0x00,
  0x00, 0x00, 0x00, 0x00, 0x00, 0x00, 0x00, 0x00, 0x00, 0x00, 0x00, 0x00, 0x00, 0x00, 0x00, 0x00,
  0x00, 0x00, 0x00, 0x00, 0x00, 0x00, 0x00, 0x00, 0x00, 0x00, 0x00, 0x00, 0x00, 0x00, 0x00, 0x00,
  0x00, 0x00, 0x00, 0x00, 0x00, 0x00, 0x00, 0x00, 0x00, 0x00, 0x00, 0x00, 0x00, 0x00, 0x00, 0x00,
  0x00, 0x00, 0x00, 0x00, 0x00, 0x00, 0x00, 0x00, 0x00, 0x00, 0x00, 0x00, 0x00, 0x00, 0x00, 0x00,
  0x00, 0x00, 0x00, 0x00, 0x00, 0x00, 0x00, 0x00, 0x00, 0x00, 0x00, 0x00, 0x00, 0x00, 0x00, 0x00,
  0x00, 0x00, 0x00, 0x00, 0x00, 0x00, 0x00, 0x00, 0x00, 0x00, 0x00, 0x00, 0x00, 0x00, 0x00, 0x00,
  0x00, 0x00, 0x00, 0x00, 0x00, 0x00, 0x00, 0x00, 0x00, 0x00, 0x00, 0x00, 0x00, 0x00, 0x00, 0x00,
  0x00, 0x00, 0x00, 0x00, 0x00, 0x00, 0x00, 0x00, 0x00, 0x00, 0x00, 0x00, 0x00, 0x00, 0x00, 0x00,
  0x00, 0x00, 0x00, 0x00, 0x00, 0x00, 0x00, 0x00, 0x00, 0x00, 0x00, 0x00, 0x00, 0x00, 0x00, 0x00,
  0x00, 0x00, 0x00, 0x00, 0x00, 0x00, 0x00, 0x00, 0x00, 0x08, 0x20, 0x10, 0xe4, 0x48, 0xc3, 0x40,
  0x85, 0x41, 0x27, 0x4a, 0x47, 0x42, 0x27, 0x42, 0x68, 0x42, 0x48, 0x4a, 0x28, 0x52, 0x28, 0x52,
  0x49, 0x5a, 0x13, 0xad, 0xd6, 0xcd, 0x6d, 0x83, 0xe3, 0x30, 0x6d, 0x83, 0x38, 0xde, 0xdb, 0xf6,
  0x2c, 0x7b, 0x65, 0x41, 0x65, 0x41, 0xa6, 0x41, 0x49, 0x5a, 0x8a, 0x62, 0x69, 0x62, 0x28, 0x52,
  0xea, 0x62, 0xca, 0x62, 0x69, 0x62, 0xe3, 0x40, 0x40, 0x38, 0x0b, 0x93, 0x4f, 0xbc, 0x4f, 0xb4,
  0x0e, 0xb4, 0x0f, 0xb4, 0x0f, 0xb4, 0x0f, 0xb4, 0x0f, 0xb4, 0x2f, 0xb4, 0x2f, 0xb4, 0x2f, 0xb4,
  0x2f, 0xb4, 0x2f, 0xb4, 0x2f, 0xb4, 0x2f, 0xb4, 0x2f, 0xb4, 0x2f, 0xb4, 0x2f, 0xb4, 0x2e, 0xb4,
  0x0e, 0xb4, 0x4f, 0xbc, 0xc9, 0x8a, 0x60, 0x30, 0x44, 0x39, 0xe7, 0x49, 0x29, 0x52, 0x29, 0x4a,
  0x49, 0x4a, 0x48, 0x4a, 0x28, 0x52, 0x28, 0x52, 0x08, 0x5a, 0x08, 0x5a, 0xc3, 0x38, 0xa3, 0x38,
  0x28, 0x62, 0xb6, 0xcd, 0x75, 0xc5, 0x95, 0xcd, 0x75, 0xc5, 0x74, 0xc5, 0x54, 0xc5, 0x54, 0xc5,
  0x54, 0xc5, 0x54, 0xc5, 0xb6, 0xcd, 0xf7, 0xdd, 0xf6, 0xd5, 0x75, 0xc5, 0x34, 0xbd, 0x74, 0xc5,
  0x54, 0xc5, 0x54, 0xc5, 0x54, 0xc5, 0x54, 0xc5, 0x54, 0xbd, 0x53, 0xbd, 0x53, 0xbd, 0x53, 0xbd,
  0x54, 0xbd, 0x54, 0xc5, 0x54, 0xc5, 0x54, 0xc5, 0x54, 0xc5, 0x54, 0xc5, 0x54, 0xc5, 0x74, 0xc5,
  0x74, 0xbd, 0x54, 0xbd, 0x34, 0xc5, 0x34, 0xcd, 0x10, 0xac, 0x29, 0x72, 0xc4, 0x48, 0x05, 0x49,
  0x45, 0x49, 0xe7, 0x51, 0xe7, 0x49, 0x07, 0x4a, 0x49, 0x52, 0x28, 0x42, 0x07, 0x42, 0x08, 0x42,
  0xcb, 0x5a, 0xaa, 0x5a, 0x49, 0x4a, 0x08, 0x4a, 0x28, 0x4a, 0x28, 0x4a, 0x28, 0x4a, 0x28, 0x4a,
  0x49, 0x52, 0x07, 0x4a, 0x86, 0x39, 0x28, 0x4a, 0x2c, 0x6b, 0x0c, 0x6b, 0xcb, 0x62, 0x8a, 0x5a,
  0xaa, 0x5a, 0x89, 0x5a, 0x89, 0x5a, 0x89, 0x52, 0xcb, 0x62, 0x8a, 0x5a, 0x69, 0x52, 0x69, 0x52,
  0xeb, 0x5a, 0xca, 0x5a, 0xaa, 0x5a, 0x8a, 0x5a, 0xaa, 0x62, 0xcb, 0x6a, 0x29, 0x5a, 0xa3, 0x30,
  0x41, 0x10, 0x00, 0x00, 0x00, 0x00, 0x20, 0x08, 0x24, 0x39, 0x69, 0x5a, 0x0c, 0x6b, 0x0c, 0x6b,
  0xe7, 0x61, 0x82, 0x38, 0x00, 0x08, 0x00, 0x00, 0x00, 0x00, 0x00, 0x00, 0x00, 0x00, 0x00, 0x00,
  0x00, 0x00, 0x00, 0x00, 0x00, 0x00, 0x00, 0x00, 0x00, 0x00, 0x00, 0x00, 0x00, 0x00, 0x00, 0x00,
  0x00, 0x00, 0x00, 0x00, 0x00, 0x00, 0x00, 0x00, 0x00, 0x00, 0x00, 0x00, 0x00, 0x00, 0x00, 0x00,
  0x00, 0x00, 0x00, 0x00, 0x00, 0x00, 0x00, 0x00, 0x00, 0x00, 0x00, 0x00, 0x00, 0x00, 0x00, 0x00,
  0x00, 0x00, 0x00, 0x00, 0x00, 0x00, 0x00, 0x00, 0x00, 0x00, 0x00, 0x00, 0x00, 0x00, 0x00, 0x00,
  0x00, 0x00, 0x00, 0x00, 0x00, 0x00, 0x00, 0x00, 0x00, 0x00, 0x00, 0x00, 0x00, 0x00, 0x00, 0x00,
  0x00, 0x00, 0x00, 0x00, 0x00, 0x00, 0x00, 0x00, 0x00, 0x00, 0x00, 0x00, 0x00, 0x00, 0x00, 0x00,
  0x00, 0x00, 0x00, 0x00, 0x00, 0x00, 0x00, 0x00, 0x00, 0x00, 0x00, 0x00, 0x00, 0x00, 0x00, 0x00,
  0x00, 0x00, 0x00, 0x00, 0x00, 0x00, 0x00, 0x00, 0x00, 0x00, 0x00, 0x00, 0x00, 0x00, 0x00, 0x00,
  0x00, 0x00, 0x00, 0x00, 0x00, 0x00, 0x00, 0x00, 0x00, 0x00, 0x00, 0x00, 0x00, 0x00, 0x00, 0x00,
  0x00, 0x00, 0x00, 0x00, 0x00, 0x00, 0x00, 0x00, 0x00, 0x00, 0x00, 0x00, 0x00, 0x00, 0x00, 0x00,
  0x00, 0x00, 0x00, 0x00, 0x00, 0x00, 0x00, 0x00, 0x00, 0x00, 0x00, 0x00, 0x00, 0x00, 0x00, 0x00,
  0x61, 0x28, 0xc3, 0x40, 0xc3, 0x40, 0xa6, 0x51, 0xc6, 0x41, 0x48, 0x4a, 0x68, 0x42, 0x47, 0x3a,
  0x47, 0x3a, 0xc6, 0x31, 0x69, 0x52, 0xcf, 0x8b, 0x17, 0xce, 0x38, 0xd6, 0xad, 0x83, 0xa2, 0x20,
  0xb2, 0xac, 0xd7, 0xd5, 0x14, 0xc5, 0x29, 0x62, 0x24, 0x39, 0x24, 0x39, 0x89, 0x62, 0x89, 0x5a,
  0xca, 0x6a, 0xaa, 0x62, 0x8a, 0x62, 0xaa, 0x62, 0xca, 0x5a, 0xea, 0x62, 0xe7, 0x51, 0xa1, 0x38,
  0xe7, 0x69, 0x50, 0xbc, 0x4f, 0xb4, 0x6f, 0xbc, 0x0e, 0xb4, 0x0e, 0xb4, 0x0f, 0xb4, 0x0f, 0xb4,
  0x0f, 0xb4, 0x0f, 0xb4, 0x2f, 0xb4, 0x2f, 0xb4, 0x2f, 0xb4, 0x2f, 0xb4, 0x2f, 0xb4, 0x2f, 0xb4,
  0x2f, 0xb4, 0x2f, 0xb4, 0x2e, 0xb4, 0x2e, 0xb4, 0xcd, 0xab, 0x4c, 0x9b, 0x40, 0x38, 0x24, 0x49,
  0x07, 0x52, 0x28, 0x52, 0x08, 0x4a, 0xa6, 0x39, 0x28, 0x52, 0x28, 0x52, 0x28, 0x52, 0x28, 0x5a,
  0xe7, 0x51, 0xc3, 0x30, 0x41, 0x28, 0x4d, 0x83, 0x75, 0xcd, 0x75, 0xc5, 0xb5, 0xcd, 0x54, 0xc5,
  0x54, 0xc5, 0x54, 0xc5, 0x54, 0xc5, 0x74, 0xc5, 0x95, 0xc5, 0x95, 0xcd, 0xf3, 0xb4, 0x34, 0xbd,
  0x54, 0xbd, 0x33, 0xbd, 0x13, 0xb5, 0x13, 0xb5, 0x54, 0xc5, 0x54, 0xc5, 0x54, 0xc5, 0x54, 0xc5,
  0x53, 0xbd, 0x53, 0xbd, 0x53, 0xbd, 0x53, 0xbd, 0x33, 0xbd, 0x54, 0xc5, 0x54, 0xc5, 0x54, 0xc5,
  0x54, 0xc5, 0x54, 0xc5, 0x54, 0xc5, 0x54, 0xc5, 0x75, 0xc5, 0xb6, 0xcd, 0x10, 0xa4, 0xa7, 0x61,
  0xe4, 0x48, 0xa3, 0x40, 0x25, 0x49, 0x08, 0x62, 0x48, 0x52, 0x07, 0x42, 0x28, 0x4a, 0x48, 0x4a,
  0x28, 0x42, 0xe7, 0x39, 0x08, 0x42, 0x89, 0x52, 0x2c, 0x63, 0xeb, 0x5a, 0x69, 0x52, 0x28, 0x4a,
  0x28, 0x4a, 0x28, 0x4a, 0x28, 0x4a, 0x28, 0x4a, 0x69, 0x52, 0x08, 0x4a, 0x65, 0x31, 0x48, 0x4a,
  0x4d, 0x73, 0x0b, 0x6b, 0xaa, 0x5a, 0x89, 0x52, 0x89, 0x52, 0x89, 0x52, 0x89, 0x52, 0xa9, 0x52,
  0x89, 0x52, 0xca, 0x5a, 0xeb, 0x5a, 0xca, 0x52, 0x0b, 0x5b, 0xca, 0x52, 0xaa, 0x5a, 0xaa, 0x5a,
  0x29, 0x5a, 0x6a, 0x62, 0x87, 0x49, 0x62, 0x30, 0x00, 0x00, 0x00, 0x00, 0x00, 0x00, 0x00, 0x08,
  0x24, 0x39, 0x69, 0x5a, 0x0c, 0x6b, 0x0c, 0x6b, 0xe7, 0x61, 0x82, 0x38, 0x00, 0x08, 0x00, 0x00,
  0x00, 0x00, 0x00, 0x00, 0x00, 0x00, 0x00, 0x00, 0x00, 0x00, 0x00, 0x00, 0x00, 0x00, 0x00, 0x00,
  0x00, 0x00, 0x00, 0x00, 0x00, 0x00, 0x00, 0x00, 0x00, 0x00, 0x00, 0x00, 0x00, 0x00, 0x00, 0x00,
  0x00, 0x00, 0x00, 0x00, 0x00, 0x00, 0x00, 0x00, 0x00, 0x00, 0x00, 0x00, 0x00, 0x00, 0x00, 0x00,
  0x00, 0x00, 0x00, 0x00, 0x00, 0x00, 0x00, 0x00, 0x00, 0x00, 0x00, 0x00, 0x00, 0x00, 0x00, 0x00,
  0x00, 0x00, 0x00, 0x00, 0x00, 0x00, 0x00, 0x00, 0x00, 0x00, 0x00, 0x00, 0x00, 0x00, 0x00, 0x00,
  0x00, 0x00, 0x00, 0x00, 0x00, 0x00, 0x00, 0x00, 0x00, 0x00, 0x00, 0x00, 0x00, 0x00, 0x00, 0x00,
  0x00, 0x00, 0x00, 0x00, 0x00, 0x00, 0x00, 0x00, 0x00, 0x00, 0x00, 0x00, 0x00, 0x00, 0x00, 0x00,
  0x00, 0x00, 0x00, 0x00, 0x00, 0x00, 0x00, 0x00, 0x00, 0x00, 0x00, 0x00, 0x00, 0x00, 0x00, 0x00,
  0x00, 0x00, 0x00, 0x00, 0x00, 0x00, 0x00, 0x00, 0x00, 0x00, 0x00, 0x00, 0x00, 0x00, 0x00, 0x00,
  0x00, 0x00, 0x00, 0x00, 0x00, 0x00, 0x00, 0x00, 0x00, 0x00, 0x00, 0x00, 0x00, 0x00, 0x00, 0x00,
  0x00, 0x00, 0x00, 0x00, 0x00, 0x00, 0x00, 0x00, 0x00, 0x00, 0x00, 0x00, 0x00, 0x00, 0x00, 0x00,
  0x00, 0x00, 0x00, 0x00, 0x61, 0x18, 0xc3, 0x38, 0x61, 0x28, 0x45, 0x41, 0xa6, 0x49, 0x08, 0x52,
  0x69, 0x5a, 0x69, 0x52, 0xc6, 0x31, 0xe6, 0x31, 0xa9, 0x42, 0x2f, 0x7c, 0x37, 0xc6, 0xff, 0xff,
  0x13, 0xad, 0x07, 0x4a, 0xe2, 0x28, 0xce, 0x8b, 0xf3, 0xb4, 0xe7, 0x59, 0x04, 0x39, 0x24, 0x41,
  0x69, 0x62, 0x69, 0x5a, 0xca, 0x62, 0xea, 0x62, 0xeb, 0x62, 0xca, 0x62, 0xca, 0x62, 0xca, 0x62,
  0x0b, 0x63, 0x0b, 0x6b, 0xe3, 0x30, 0x03, 0x49, 0x2f, 0xb4, 0x4f, 0xb4, 0xcd, 0xa3, 0xed, 0xab,
  0x0e, 0xb4, 0x0e, 0xb4, 0xce, 0xab, 0x4c, 0x9b, 0xee, 0xab, 0x0f, 0xb4, 0x2f, 0xb4, 0x2f, 0xb4,
  0x2f, 0xb4, 0x0f, 0xb4, 0x2e, 0xb4, 0x2e, 0xb4, 0x2e, 0xb4, 0x6f, 0xbc, 0x4f, 0xbc, 0x2f, 0xb4,
  0x0b, 0x93, 0x81, 0x40, 0xa5, 0x59, 0xa5, 0x51, 0x07, 0x5a, 0x28, 0x5a, 0x07, 0x4a, 0xe7, 0x49,
  0x08, 0x5a, 0xe7, 0x61, 0x08, 0x62, 0x65, 0x49, 0x20, 0x18, 0x20, 0x18, 0x0f, 0x94, 0x74, 0xbd,
  0x95, 0xc5, 0x95, 0xcd, 0x95, 0xcd, 0x74, 0xc5, 0x54, 0xc5, 0x54, 0xc5, 0x54, 0xc5, 0x54, 0xc5,
  0x54, 0xc5, 0x54, 0xc5, 0x54, 0xc5, 0x54, 0xbd, 0x54, 0xbd, 0x34, 0xbd, 0x54, 0xbd, 0x54, 0xbd,
  0x54, 0xbd, 0x54, 0xbd, 0x54, 0xc5, 0x54, 0xbd, 0x53, 0xc5, 0x53, 0xc5, 0x53, 0xc5, 0x33, 0xc5,
  0x54, 0xc5, 0x54, 0xc5, 0x75, 0xcd, 0x75, 0xcd, 0x33, 0xc5, 0xb5, 0xd5, 0x75, 0xcd, 0x55, 0xcd,
  0x30, 0xac, 0xcb, 0x7a, 0xc3, 0x40, 0xa3, 0x40, 0x05, 0x49, 0x86, 0x49, 0xe7, 0x51, 0x07, 0x4a,
  0x27, 0x42, 0x27, 0x42, 0x28, 0x42, 0x28, 0x42, 0x28, 0x42, 0x07, 0x42, 0x48, 0x4a, 0xcb, 0x5a,
  0x0c, 0x63, 0x2c, 0x6b, 0x49, 0x4a, 0x28, 0x4a, 0x28, 0x4a, 0x28, 0x4a, 0x28, 0x4a, 0x28, 0x4a,
  0x28, 0x4a, 0x08, 0x42, 0xa6, 0x39, 0xcb, 0x62, 0x6d, 0x73, 0xeb, 0x62, 0x69, 0x52, 0x69, 0x52,
  0x69, 0x52, 0x8a, 0x5a, 0xca, 0x5a, 0xeb, 0x62, 0x8a, 0x52, 0x8a, 0x52, 0x8a, 0x52, 0xaa, 0x52,
  0xaa, 0x52, 0xaa, 0x52, 0xaa, 0x5a, 0x8a, 0x5a, 0x29, 0x5a, 0xc8, 0x59, 0x06, 0x49, 0x41, 0x20,
  0x00, 0x00, 0x00, 0x00, 0x00, 0x00, 0x20, 0x08, 0x24, 0x39, 0x89, 0x5a, 0x0c, 0x6b, 0x0c, 0x6b,
  0xc7, 0x59, 0x61, 0x38, 0x00, 0x00, 0x00, 0x00, 0x00, 0x00, 0x00, 0x00, 0x00, 0x00, 0x00, 0x00,
  0x00, 0x00, 0x00, 0x00, 0x00, 0x00, 0x00, 0x00, 0x00, 0x00, 0x00, 0x00, 0x00, 0x00, 0x00, 0x00,
  0x00, 0x00, 0x00, 0x00, 0x00, 0x00, 0x00, 0x00, 0x00, 0x00, 0x00, 0x00, 0x00, 0x00, 0x00, 0x00,
  0x00, 0x00, 0x00, 0x00, 0x00, 0x00, 0x00, 0x00, 0x00, 0x00, 0x00, 0x00, 0x00, 0x00, 0x00, 0x00,
  0x00, 0x00, 0x00, 0x00, 0x00, 0x00, 0x00, 0x00, 0x00, 0x00, 0x00, 0x00, 0x00, 0x00, 0x00, 0x00,
  0x00, 0x00, 0x00, 0x00, 0x00, 0x00, 0x00, 0x00, 0x00, 0x00, 0x00, 0x00, 0x00, 0x00, 0x00, 0x00,
  0x00, 0x00, 0x00, 0x00, 0x00, 0x00, 0x00, 0x00, 0x00, 0x00, 0x00, 0x00, 0x00, 0x00, 0x00, 0x00,
  0x00, 0x00, 0x00, 0x00, 0x00, 0x00, 0x00, 0x00, 0x00, 0x00, 0x00, 0x00, 0x00, 0x00, 0x00, 0x00,
  0x00, 0x00, 0x00, 0x00, 0x00, 0x00, 0x00, 0x00, 0x00, 0x00, 0x00, 0x00, 0x00, 0x00, 0x00, 0x00,
  0x00, 0x00, 0x00, 0x00, 0x00, 0x00, 0x20, 0x18, 0x00, 0x00, 0x00, 0x00, 0x00, 0x00, 0x00, 0x00,
  0x00, 0x00, 0x00, 0x00, 0x00, 0x00, 0x00, 0x00, 0x00, 0x00, 0x00, 0x00, 0x00, 0x00, 0x00, 0x00,
  0x00, 0x00, 0x00, 0x00, 0x00, 0x00, 0x00, 0x00, 0x20, 0x08, 0x83, 0x30, 0xc3, 0x38, 0xe4, 0x38,
  0xa6, 0x51, 0xe7, 0x51, 0x48, 0x5a, 0x86, 0x41, 0x86, 0x39, 0x65, 0x31, 0xe7, 0x39, 0x4c, 0x63,
  0x95, 0xad, 0x7d, 0xef, 0xba, 0xde, 0xd2, 0xa4, 0xe7, 0x49, 0xc6, 0x49, 0x0f, 0x94, 0xca, 0x6a,
  0xe3, 0x30, 0xc3, 0x30, 0xc7, 0x51, 0xeb, 0x72, 0x2c, 0x73, 0x0b, 0x6b, 0xeb, 0x62, 0xea, 0x62,
  0xea, 0x62, 0xea, 0x62, 0xea, 0x62, 0xea, 0x62, 0x0b, 0x63, 0xca, 0x62, 0xe3, 0x38, 0xa6, 0x59,
  0x2f, 0xac, 0x4f, 0xb4, 0xcd, 0xab, 0xed, 0xab, 0x0e, 0xb4, 0x0e, 0xb4, 0xce, 0xab, 0x4c, 0x9b,
  0xee, 0xab, 0xee, 0xb3, 0x2f, 0xb4, 0x2f, 0xb4, 0x0f, 0xb4, 0x8d, 0xa3, 0x8c, 0xa3, 0x2e, 0xb4,
  0x2e, 0xb4, 0x4f, 0xbc, 0xad, 0xa3, 0x27, 0x72, 0x23, 0x51, 0x23, 0x49, 0x06, 0x5a, 0xc6, 0x51,
  0x07, 0x62, 0x07, 0x62, 0x27, 0x5a, 0xc6, 0x51, 0x49, 0x72, 0xe7, 0x69, 0xc2, 0x40, 0x60, 0x28,
  0xc6, 0x51, 0x50, 0x9c, 0x54, 0xbd, 0xd5, 0xc5, 0x95, 0xc5, 0x74, 0xc5, 0x54, 0xc5, 0x54, 0xc5,
  0x54, 0xc5, 0x54, 0xc5, 0x54, 0xc5, 0x54, 0xc5, 0x54, 0xc5, 0x54, 0xc5, 0x54, 0xc5, 0x54, 0xc5,
  0x34, 0xbd, 0x34, 0xbd, 0x34, 0xbd, 0x34, 0xbd, 0x33, 0xbd, 0x33, 0xbd, 0x54, 0xc5, 0x54, 0xc5,
  0x53, 0xc5, 0x53, 0xc5, 0x53, 0xc5, 0x53, 0xc5, 0x54, 0xcd, 0x14, 0xc5, 0x13, 0xc5, 0x54, 0xcd,
  0x95, 0xd5, 0x13, 0xc5, 0x8d, 0x93, 0x48, 0x6a, 0x04, 0x41, 0x04, 0x41, 0x04, 0x41, 0x86, 0x51,
  0xc7, 0x51, 0xe7, 0x51, 0x28, 0x4a, 0x27, 0x42, 0x27, 0x42, 0x27, 0x42, 0x28, 0x42, 0x28, 0x42,
  0x28, 0x42, 0x28, 0x42, 0x89, 0x4a, 0xcb, 0x5a, 0x0b, 0x63, 0x0c, 0x63, 0x48, 0x4a, 0x28, 0x4a,
  0x08, 0x4a, 0x08, 0x4a, 0x08, 0x4a, 0x08, 0x4a, 0x69, 0x52, 0xa6, 0x39, 0xc7, 0x41, 0x0c, 0x6b,
  0x2c, 0x6b, 0xca, 0x5a, 0x69, 0x52, 0x69, 0x52, 0x8a, 0x5a, 0xaa, 0x5a, 0xaa, 0x5a, 0xaa, 0x5a,
  0x8a, 0x5a, 0x8a, 0x5a, 0x8a, 0x5a, 0x8a, 0x52, 0xaa, 0x52, 0xaa, 0x52, 0x8a, 0x5a, 0x6a, 0x5a,
  0x4a, 0x62, 0x67, 0x51, 0x84, 0x38, 0x00, 0x00, 0x00, 0x00, 0x00, 0x00, 0x00, 0x00, 0x20, 0x10,
  0x45, 0x41, 0x8a, 0x62, 0x0c, 0x6b, 0xeb, 0x6a, 0x65, 0x49, 0x61, 0x30, 0x00, 0x00, 0x00, 0x00,
  0x00, 0x00, 0x00, 0x00, 0x00, 0x00, 0x00, 0x00, 0x00, 0x00, 0x00, 0x00, 0x00, 0x00, 0x00, 0x00,
  0x00, 0x00, 0x00, 0x00, 0x00, 0x00, 0x00, 0x00, 0x00, 0x00, 0x00, 0x00, 0x00, 0x00, 0x00, 0x00,
  0x00, 0x00, 0x00, 0x00, 0x00, 0x00, 0x00, 0x00, 0x00, 0x00, 0x00, 0x00, 0x00, 0x00, 0x00, 0x00,
  0x00, 0x00, 0x00, 0x00, 0x00, 0x00, 0x00, 0x00, 0x00, 0x00, 0x00, 0x00, 0x00, 0x00, 0x00, 0x00,
  0x00, 0x00, 0x00, 0x00, 0x00, 0x00, 0x00, 0x00, 0x00, 0x00, 0x00, 0x00, 0x00, 0x00, 0x00, 0x00,
  0x00, 0x00, 0x00, 0x00, 0x00, 0x00, 0x00, 0x00, 0x00, 0x00, 0x00, 0x00, 0x00, 0x00, 0x00, 0x00,
  0x00, 0x00, 0x00, 0x00, 0x00, 0x00, 0x00, 0x00, 0x00, 0x00, 0x00, 0x00, 0x00, 0x00, 0x00, 0x00,
  0x00, 0x00, 0x00, 0x00, 0x00, 0x00, 0x00, 0x00, 0x00, 0x00, 0x00, 0x00, 0x00, 0x00, 0x00, 0x00,
  0x00, 0x00, 0x00, 0x00, 0x00, 0x00, 0x00, 0x00, 0x00, 0x00, 0x00, 0x00, 0x00, 0x00, 0x82, 0x48,
  0x82, 0x30, 0x41, 0x18, 0x20, 0x10, 0x20, 0x08, 0x00, 0x00, 0x00, 0x00, 0x00, 0x00, 0x00, 0x00,
  0x00, 0x00, 0x00, 0x00, 0x00, 0x00, 0x00, 0x00, 0x00, 0x00, 0x00, 0x00, 0x20, 0x10, 0x81, 0x28,
  0x82, 0x38, 0xa3, 0x38, 0x66, 0x51, 0x49, 0x62, 0x86, 0x41, 0x28, 0x52, 0x48, 0x52, 0x24, 0x29,
  0x8a, 0x5a, 0x13, 0xa5, 0x1b, 0xe7, 0x3c, 0xe7, 0x9a, 0xde, 0x92, 0xa4, 0xcb, 0x7a, 0xa3, 0x38,
  0xa6, 0x51, 0xa6, 0x49, 0xe7, 0x51, 0x82, 0x28, 0x65, 0x41, 0x0c, 0x73, 0xaa, 0x62, 0x4c, 0x73,
  0xea, 0x62, 0x0b, 0x63, 0x0b, 0x63, 0xea, 0x62, 0xea, 0x62, 0xea, 0x62, 0xea, 0x62, 0xea, 0x5a,
  0x2b, 0x63, 0x88, 0x52, 0xe2, 0x38, 0x89, 0x7a, 0x2f, 0xac, 0x4f, 0xb4, 0xcd, 0xab, 0xed, 0xab,
  0x0e, 0xb4, 0x0e, 0xb4, 0xad, 0xab, 0x4c, 0x9b, 0xee, 0xab, 0x0f, 0xb4, 0x0f, 0xb4, 0x2f, 0xb4,
  0x0f, 0xb4, 0x8d, 0xa3, 0x8c, 0xa3, 0x2e, 0xb4, 0x4f, 0xbc, 0x2b, 0x93, 0x47, 0x7a, 0xc1, 0x40,
  0x02, 0x39, 0x27, 0x5a, 0x07, 0x5a, 0xa5, 0x51, 0x07, 0x62, 0x27, 0x62, 0xe7, 0x61, 0x64, 0x51,
  0x03, 0x49, 0x00, 0x28, 0x03, 0x49, 0x6d, 0x93, 0x33, 0xc5, 0x54, 0xc5, 0x74, 0xc5, 0x74, 0xc5,
  0x54, 0xc5, 0x53, 0xbd, 0x53, 0xbd, 0x33, 0xbd, 0x34, 0xc5, 0x34, 0xc5, 0x54, 0xc5, 0x54, 0xc5,
  0x54, 0xc5, 0x54, 0xc5, 0x54, 0xc5, 0x34, 0xc5, 0x34, 0xc5, 0x34, 0xbd, 0x34, 0xc5, 0x34, 0xc5,
  0x33, 0xc5, 0x33, 0xc5, 0x53, 0xc5, 0x53, 0xc5, 0x53, 0xc5, 0x53, 0xc5, 0x53, 0xc5, 0x53, 0xc5,
  0x34, 0xcd, 0xb7, 0xdd, 0x95, 0xd5, 0x91, 0xbc, 0xae, 0x9b, 0x24, 0x49, 0x44, 0x51, 0x65, 0x51,
  0x45, 0x49, 0x86, 0x49, 0x08, 0x52, 0x28, 0x52, 0x27, 0x4a, 0x07, 0x4a, 0x07, 0x4a, 0x07, 0x4a,
  0x07, 0x4a, 0x07, 0x4a, 0x08, 0x4a, 0x28, 0x4a, 0x28, 0x42, 0x89, 0x4a, 0xca, 0x52, 0xcb, 0x5a,
  0xeb, 0x5a, 0xeb, 0x62, 0x08, 0x4a, 0x07, 0x42, 0x08, 0x4a, 0x08, 0x4a, 0x08, 0x4a, 0x08, 0x4a,
  0x49, 0x52, 0x45, 0x31, 0x69, 0x52, 0x6d, 0x73, 0xeb, 0x62, 0x89, 0x52, 0x49, 0x52, 0x69, 0x52,
  0xca, 0x5a, 0xaa, 0x5a, 0xaa, 0x5a, 0x8a, 0x52, 0x8a, 0x52, 0x8a, 0x52, 0x8a, 0x52, 0x8a, 0x52,
  0x89, 0x5a, 0x89, 0x5a, 0x69, 0x5a, 0x6a, 0x62, 0x66, 0x49, 0x83, 0x30, 0x41, 0x18, 0x00, 0x00,
  0x00, 0x00, 0x00, 0x00, 0x00, 0x00, 0x41, 0x10, 0x65, 0x41, 0xaa, 0x62, 0xeb, 0x62, 0xcb, 0x62,
  0x04, 0x41, 0x61, 0x20, 0x00, 0x00, 0x00, 0x00, 0x00, 0x00, 0x00, 0x00, 0x00, 0x00, 0x00, 0x00,
  0x00, 0x00, 0x00, 0x00, 0x00, 0x00, 0x00, 0x00, 0x00, 0x00, 0x00, 0x00, 0x00, 0x00, 0x00, 0x00,
  0x00, 0x00, 0x00, 0x00, 0x00, 0x00, 0x00, 0x00, 0x00, 0x00, 0x00, 0x00, 0x00, 0x00, 0x00, 0x00,
  0x00, 0x00, 0x00, 0x00, 0x00, 0x00, 0x00, 0x00, 0x00, 0x00, 0x00, 0x00, 0x00, 0x00, 0x00, 0x00,
  0x00, 0x00, 0x00, 0x00, 0x00, 0x00, 0x00, 0x00, 0x00, 0x00, 0x00, 0x00, 0x00, 0x00, 0x00, 0x00,
  0x00, 0x00, 0x00, 0x00, 0x00, 0x00, 0x00, 0x00, 0x00, 0x00, 0x00, 0x00, 0x00, 0x00, 0x00, 0x00,
  0x00, 0x00, 0x00, 0x00, 0x00, 0x00, 0x00, 0x00, 0x00, 0x00, 0x00, 0x00, 0x00, 0x00, 0x00, 0x00,
  0x00, 0x00, 0x00, 0x00, 0x00, 0x00, 0x00, 0x00, 0x00, 0x00, 0x00, 0x00, 0x00, 0x00, 0x00, 0x00,
  0x00, 0x00, 0x00, 0x00, 0x00, 0x00, 0x00, 0x00, 0x00, 0x00, 0x00, 0x00, 0x00, 0x00, 0x00, 0x00,
  0x00, 0x00, 0x00, 0x00, 0x00, 0x00, 0x20, 0x18, 0xc3, 0x50, 0xc3, 0x50, 0xe3, 0x50, 0x82, 0x30,
  0x20, 0x08, 0x00, 0x00, 0x00, 0x00, 0x00, 0x00, 0x00, 0x00, 0x00, 0x08, 0x00, 0x08, 0x00, 0x18,
  0x41, 0x28, 0x81, 0x30, 0xa2, 0x40, 0xc2, 0x38, 0x04, 0x41, 0xe4, 0x38, 0x66, 0x49, 0x49, 0x62,
  0x8a, 0x5a, 0xcb, 0x62, 0xae, 0x7b, 0x34, 0xad, 0xb6, 0xbd, 0x5c, 0xf7, 0x1c, 0xef, 0x54, 0xbd,
  0x6d, 0x83, 0x66, 0x49, 0xa3, 0x40, 0xc4, 0x48, 0xc3, 0x40, 0xc3, 0x38, 0xe3, 0x38, 0xc7, 0x51,
  0xca, 0x6a, 0xeb, 0x6a, 0x2c, 0x6b, 0xeb, 0x62, 0x68, 0x52, 0x0a, 0x63, 0x2b, 0x6b, 0x0a, 0x63,
  0xea, 0x5a, 0xea, 0x5a, 0xea, 0x5a, 0xea, 0x5a, 0x4b, 0x63, 0x47, 0x4a, 0xe2, 0x38, 0x2b, 0x8b,
  0x2f, 0xac, 0x4f, 0xb4, 0xcd, 0xab, 0xcd, 0xb3, 0xee, 0xb3, 0xee, 0xab, 0xad, 0xab, 0x4c, 0x9b,
  0xee, 0xab, 0x0f, 0xb4, 0x0f, 0xb4, 0x2f, 0xb4, 0x2f, 0xb4, 0x0f, 0xb4, 0x2e, 0xb4, 0x2e, 0xb4,
  0x6b, 0x9b, 0x23, 0x59, 0x64, 0x59, 0xa5, 0x61, 0x06, 0x5a, 0xc5, 0x51, 0xc6, 0x59, 0xa5, 0x51,
  0x24, 0x49, 0x24, 0x49, 0xa2, 0x40, 0x00, 0x28, 0x03, 0x51, 0xaa, 0x82, 0xee, 0xa3, 0xb1, 0xb4,
  0x74, 0xcd, 0xf2, 0xbc, 0x74, 0xc5, 0x33, 0xbd, 0x33, 0xbd, 0x53, 0xbd, 0x53, 0xbd, 0x33, 0xbd,
  0x34, 0xc5, 0x34, 0xc5, 0x54, 0xc5, 0x54, 0xc5, 0x54, 0xc5, 0x54, 0xc5, 0x54, 0xc5, 0x34, 0xc5,
  0x34, 0xc5, 0x34, 0xc5, 0x34, 0xc5, 0x33, 0xc5, 0x33, 0xc5, 0x33, 0xc5, 0x53, 0xc5, 0x53, 0xc5,
  0x53, 0xc5, 0x53, 0xc5, 0x53, 0xc5, 0x33, 0xc5, 0x34, 0xcd, 0x92, 0xbc, 0x0c, 0x8b, 0x86, 0x59,
  0xe3, 0x48, 0x86, 0x59, 0x86, 0x59, 0x04, 0x41, 0x45, 0x41, 0x86, 0x41, 0x68, 0x52, 0x07, 0x42,
  0x07, 0x42, 0x07, 0x42, 0x07, 0x4a, 0x07, 0x4a, 0x07, 0x4a, 0x07, 0x4a, 0x08, 0x4a, 0x28, 0x4a,
  0x28, 0x42, 0xaa, 0x52, 0xeb, 0x62, 0xcb, 0x5a, 0xcb, 0x5a, 0xcb, 0x5a, 0x08, 0x42, 0xe7, 0x41,
  0x08, 0x4a, 0x08, 0x4a, 0x08, 0x4a, 0x08, 0x4a, 0xc7, 0x39, 0xa6, 0x39, 0x0c, 0x6b, 0x4d, 0x73,
  0xaa, 0x5a, 0x69, 0x52, 0x48, 0x4a, 0x89, 0x52, 0xeb, 0x62, 0xca, 0x5a, 0x8a, 0x52, 0x89, 0x52,
  0x89, 0x52, 0x8a, 0x52, 0x8a, 0x52, 0x8a, 0x52, 0x89, 0x5a, 0x89, 0x5a, 0x69, 0x62, 0x69, 0x62,
  0xc3, 0x30, 0x41, 0x18, 0x00, 0x00, 0x00, 0x00, 0x00, 0x00, 0x00, 0x00, 0x00, 0x00, 0x41, 0x18,
  0x85, 0x41, 0xca, 0x62, 0xeb, 0x62, 0xaa, 0x62, 0x04, 0x41, 0x41, 0x18, 0x00, 0x00, 0x00, 0x00,
  0x00, 0x00, 0x00, 0x00, 0x00, 0x00, 0x00, 0x00, 0x00, 0x00, 0x00, 0x00, 0x00, 0x00, 0x00, 0x00,
  0x00, 0x00, 0x00, 0x00, 0x00, 0x00, 0x00, 0x00, 0x00, 0x00, 0x00, 0x00, 0x00, 0x00, 0x00, 0x00,
  0x00, 0x00, 0x00, 0x00, 0x00, 0x00, 0x00, 0x00, 0x00, 0x00, 0x00, 0x00, 0x00, 0x00, 0x00, 0x00,
  0x00, 0x00, 0x00, 0x00, 0x00, 0x00, 0x00, 0x00, 0x00, 0x00, 0x00, 0x00, 0x00, 0x00, 0x00, 0x00,
  0x00, 0x00, 0x00, 0x00, 0x00, 0x00, 0x00, 0x00, 0x00, 0x00, 0x00, 0x00, 0x00, 0x00, 0x00, 0x00,
  0x00, 0x00, 0x00, 0x00, 0x00, 0x00, 0x00, 0x00, 0x00, 0x00, 0x00, 0x00, 0x00, 0x00, 0x00, 0x00,
  0x00, 0x00, 0x00, 0x00, 0x00, 0x00, 0x00, 0x00, 0x00, 0x00, 0x00, 0x00, 0x00, 0x00, 0x00, 0x00,
  0x00, 0x00, 0x00, 0x00, 0x00, 0x00, 0x00, 0x00, 0x00, 0x00, 0x00, 0x00, 0x00, 0x00, 0x00, 0x00,
  0x00, 0x00, 0x00, 0x00, 0x00, 0x00, 0x00, 0x00, 0x00, 0x00, 0x00, 0x00, 0x00, 0x00, 0x00, 0x00,
  0x62, 0x30, 0xe4, 0x50, 0x86, 0x61, 0x65, 0x61, 0xc3, 0x50, 0xa2, 0x40, 0x41, 0x30, 0x00, 0x28,
  0x00, 0x30, 0x01, 0x40, 0x01, 0x48, 0x01, 0x40, 0x41, 0x38, 0x40, 0x30, 0xa2, 0x38, 0xc7, 0x51,
  0x69, 0x5a, 0x8a, 0x62, 0xae, 0x83, 0x55, 0xb5, 0xd6, 0xbd, 0xb9, 0xd6, 0x9d, 0xf7, 0xde, 0xff,
  0xba, 0xe6, 0x96, 0xcd, 0xe4, 0x40, 0x04, 0x49, 0xc4, 0x48, 0xc4, 0x48, 0xc4, 0x50, 0xe4, 0x48,
  0xe4, 0x40, 0xc7, 0x59, 0xcb, 0x72, 0xcb, 0x72, 0xcb, 0x6a, 0x0c, 0x73, 0x2c, 0x6b, 0x0b, 0x6b,
  0x2b, 0x63, 0xca, 0x5a, 0x0b, 0x63, 0xeb, 0x62, 0xea, 0x5a, 0xea, 0x5a, 0xea, 0x5a, 0xea, 0x5a,
  0x4b, 0x63, 0x47, 0x4a, 0xc2, 0x30, 0xca, 0x82, 0x2f, 0xb4, 0x2f, 0xbc, 0xad, 0xab, 0x0e, 0xbc,
  0xee, 0xb3, 0xee, 0xb3, 0xad, 0xab, 0x8d, 0xa3, 0xee, 0xb3, 0x0e, 0xb4, 0x0f, 0xb4, 0x0f, 0xb4,
  0x0e, 0xb4, 0xad, 0xab, 0x48, 0x7a, 0xe2, 0x50, 0xa1, 0x40, 0x02, 0x51, 0x03, 0x51, 0xe2, 0x48,
  0xe2, 0x40, 0xc2, 0x40, 0x23, 0x49, 0x24, 0x51, 0x44, 0x51, 0x03, 0x49, 0xc6, 0x61, 0x2b, 0x93,
  0x30, 0xb4, 0x71, 0xbc, 0x91, 0xbc, 0x91, 0xb4, 0x54, 0xc5, 0x54, 0xc5, 0x54, 0xc5, 0x54, 0xc5,
  0x53, 0xbd, 0x53, 0xbd, 0x53, 0xc5, 0x54, 0xc5, 0x54, 0xc5, 0x54, 0xc5, 0x54, 0xc5, 0x54, 0xc5,
  0x54, 0xc5, 0x54, 0xc5, 0x54, 0xc5, 0x54, 0xc5, 0x54, 0xc5, 0x54, 0xc5, 0x54, 0xc5, 0x54, 0xc5,
  0x54, 0xc5, 0x54, 0xc5, 0x54, 0xc5, 0x54, 0xc5, 0xf6, 0xdd, 0xf6, 0xdd, 0x94, 0xcd, 0x0f, 0xa4,
  0xec, 0x82, 0x05, 0x49, 0xa3, 0x40, 0xc3, 0x40, 0x24, 0x49, 0xe7, 0x61, 0xe8, 0x61, 0x05, 0x49,
  0x25, 0x41, 0x86, 0x49, 0xe7, 0x51, 0x07, 0x4a, 0x28, 0x4a, 0x28, 0x4a, 0x07, 0x4a, 0x27, 0x4a,
  0x28, 0x42, 0x28, 0x42, 0x28, 0x42, 0x28, 0x42, 0x07, 0x42, 0xca, 0x5a, 0xca, 0x5a, 0xeb, 0x62,
  0xeb, 0x62, 0x49, 0x4a, 0x28, 0x4a, 0x07, 0x42, 0x48, 0x4a, 0x28, 0x4a, 0x28, 0x4a, 0x69, 0x52,
  0x65, 0x31, 0x08, 0x42, 0x8d, 0x73, 0x0c, 0x63, 0x8a, 0x5a, 0x49, 0x52, 0x69, 0x52, 0xaa, 0x5a,
  0xcb, 0x5a, 0xaa, 0x5a, 0x8a, 0x52, 0x8a, 0x52, 0x8a, 0x52, 0x8a, 0x52, 0x8a, 0x52, 0x8a, 0x52,
  0x89, 0x5a, 0x89, 0x62, 0x48, 0x5a, 0x24, 0x41, 0x04, 0x41, 0x00, 0x00, 0x00, 0x00, 0x00, 0x00,
  0x00, 0x00, 0x00, 0x00, 0x00, 0x00, 0x41, 0x20, 0xc6, 0x49, 0x0a, 0x63, 0xa9, 0x5a, 0x48, 0x5a,
  0xa2, 0x38, 0x00, 0x08, 0x00, 0x00, 0x00, 0x00, 0x00, 0x00, 0x00, 0x00, 0x00, 0x00, 0x00, 0x00,
  0x00, 0x00, 0x00, 0x00, 0x00, 0x00, 0x00, 0x00, 0x00, 0x00, 0x00, 0x00, 0x00, 0x00, 0x00, 0x00,
  0x00, 0x00, 0x00, 0x00, 0x00, 0x00, 0x00, 0x00, 0x00, 0x00, 0x00, 0x00, 0x00, 0x00, 0x00, 0x00,
  0x00, 0x00, 0x00, 0x00, 0x00, 0x00, 0x00, 0x00, 0x00, 0x00, 0x00, 0x00, 0x00, 0x00, 0x00, 0x00,
  0x00, 0x00, 0x00, 0x00, 0x00, 0x00, 0x00, 0x00, 0x00, 0x00, 0x00, 0x00, 0x00, 0x00, 0x00, 0x00,
  0x00, 0x00, 0x00, 0x00, 0x00, 0x00, 0x00, 0x00, 0x00, 0x00, 0x00, 0x00, 0x00, 0x00, 0x00, 0x00,
  0x00, 0x00, 0x00, 0x00, 0x00, 0x00, 0x00, 0x00, 0x00, 0x00, 0x00, 0x00, 0x00, 0x00, 0x00, 0x00,
  0x00, 0x00, 0x00, 0x00, 0x00, 0x00, 0x00, 0x00, 0x00, 0x00, 0x00, 0x00, 0x00, 0x00, 0x00, 0x00,
  0x00, 0x00, 0x00, 0x00, 0x00, 0x00, 0x00, 0x00, 0x00, 0x00, 0x00, 0x00, 0x00, 0x00, 0x00, 0x00,
  0x00, 0x00, 0x00, 0x00, 0x00, 0x00, 0x00, 0x00, 0x00, 0x00, 0x20, 0x18, 0x86, 0x61, 0x08, 0x72,
  0x0c, 0x93, 0xeb, 0x92, 0x49, 0x7a, 0x66, 0x69, 0x87, 0x71, 0xa8, 0x79, 0x29, 0x7a, 0x8b, 0x82,
  0x0c, 0x83, 0x6d, 0x8b, 0x55, 0xc5, 0x13, 0xb5, 0xd7, 0xc5, 0x79, 0xde, 0xfb, 0xee, 0xfb, 0xe6,
  0x1b, 0xef, 0xda, 0xe6, 0x37, 0xce, 0x95, 0xbd, 0x2c, 0x7b, 0x82, 0x30, 0xc4, 0x48, 0x82, 0x38,
  0x42, 0x20, 0x20, 0x10, 0x21, 0x10, 0x61, 0x20, 0xa7, 0x59, 0xa6, 0x49, 0xcb, 0x6a, 0x0c, 0x73,
  0xeb, 0x6a, 0x4c, 0x73, 0x0b, 0x6b, 0xcb, 0x62, 0x89, 0x52, 0x85, 0x31, 0x2b, 0x63, 0xeb, 0x5a,
  0xea, 0x5a, 0xea, 0x5a, 0xea, 0x5a, 0xea, 0x5a, 0x4b, 0x63, 0x89, 0x52, 0x23, 0x39, 0x28, 0x6a,
  0x30, 0xbc, 0x2f, 0xbc, 0xad, 0xab, 0xce, 0xb3, 0xee, 0xb3, 0xee, 0xab, 0xad, 0xab, 0x8d, 0xa3,
  0x0e, 0xb4, 0x0e, 0xb4, 0x0f, 0xb4, 0x0e, 0xb4, 0x27, 0x72, 0xa1, 0x48, 0x80, 0x40, 0xa1, 0x40,
  0xa1, 0x40, 0x80, 0x40, 0x81, 0x40, 0xe2, 0x48, 0x44, 0x59, 0x65, 0x59, 0x28, 0x72, 0x89, 0x82,
  0x4c, 0x93, 0xce, 0xa3, 0x2f, 0xb4, 0xef, 0xab, 0x0f, 0xac, 0x6c, 0x93, 0xad, 0x9b, 0xb1, 0xb4,
  0x54, 0xc5, 0x54, 0xc5, 0x54, 0xc5, 0x54, 0xc5, 0x53, 0xbd, 0x53, 0xbd, 0x53, 0xc5, 0x54, 0xc5,
  0x54, 0xc5, 0x54, 0xc5, 0x54, 0xc5, 0x54, 0xc5, 0x54, 0xc5, 0x54, 0xc5, 0x54, 0xc5, 0x54, 0xc5,
  0x54, 0xc5, 0x54, 0xc5, 0x33, 0xc5, 0x33, 0xc5, 0x13, 0xbd, 0x74, 0xcd, 0xb5, 0xd5, 0x74, 0xcd,
  0xb1, 0xb4, 0x0b, 0x83, 0x84, 0x49, 0xc2, 0x38, 0xa2, 0x38, 0xe4, 0x40, 0x65, 0x51, 0x85, 0x59,
  0xe7, 0x61, 0x28, 0x6a, 0xe8, 0x61, 0x25, 0x49, 0x66, 0x49, 0xc7, 0x51, 0x28, 0x5a, 0x28, 0x52,
  0x08, 0x4a, 0x28, 0x4a, 0x27, 0x4a, 0x27, 0x42, 0x28, 0x42, 0x28, 0x42, 0x28, 0x42, 0x28, 0x42,
  0x48, 0x4a, 0xeb, 0x62, 0xca, 0x5a, 0xeb, 0x62, 0xeb, 0x62, 0x49, 0x4a, 0x28, 0x4a, 0x08, 0x42,
  0x48, 0x4a, 0x28, 0x4a, 0x08, 0x42, 0x08, 0x4a, 0xa6, 0x39, 0xcb, 0x5a, 0x4d, 0x6b, 0x8a, 0x52,
  0x69, 0x52, 0x49, 0x52, 0x8a, 0x52, 0xcb, 0x5a, 0xcb, 0x5a, 0xaa, 0x5a, 0x8a, 0x52, 0x8a, 0x52,
  0x8a, 0x52, 0x8a, 0x52, 0x8a, 0x52, 0x8a, 0x5a, 0x69, 0x5a, 0x69, 0x62, 0x45, 0x41, 0xa2, 0x30,
  0x00, 0x00, 0x00, 0x00, 0x00, 0x00, 0x00, 0x00, 0x00, 0x00, 0x00, 0x00, 0x00, 0x00, 0x41, 0x20,
  0xe7, 0x49, 0x2b, 0x63, 0x88, 0x52, 0xa9, 0x6a, 0xa2, 0x38, 0x00, 0x00, 0x00, 0x00, 0x00, 0x00,
  0x00, 0x00, 0x00, 0x00, 0x00, 0x00, 0x00, 0x00, 0x00, 0x00, 0x00, 0x00, 0x00, 0x00, 0x00, 0x00,
  0x00, 0x00, 0x00, 0x00, 0x00, 0x00, 0x00, 0x00, 0x00, 0x00, 0x00, 0x00, 0x00, 0x00, 0x00, 0x00,
  0x00, 0x00, 0x00, 0x00, 0x00, 0x00, 0x00, 0x00, 0x00, 0x00, 0x00, 0x00, 0x00, 0x00, 0x00, 0x00,
  0x00, 0x00, 0x00, 0x00, 0x00, 0x00, 0x00, 0x00, 0x00, 0x00, 0x00, 0x00, 0x00, 0x00, 0x00, 0x00,
  0x00, 0x00, 0x00, 0x00, 0x00, 0x00, 0x00, 0x00, 0x00, 0x00, 0x00, 0x00, 0x00, 0x00, 0x00, 0x00,
  0x00, 0x00, 0x00, 0x00, 0x00, 0x00, 0x00, 0x00, 0x00, 0x00, 0x00, 0x00, 0x00, 0x00, 0x00, 0x00,
  0x00, 0x00, 0x00, 0x00, 0x00, 0x00, 0x00, 0x00, 0x00, 0x00, 0x00, 0x00, 0x00, 0x00, 0x00, 0x00,
  0x00, 0x00, 0x00, 0x00, 0x00, 0x00, 0x00, 0x00, 0x00, 0x00, 0x00, 0x00, 0x00, 0x00, 0x00, 0x00,
  0x00, 0x00, 0x00, 0x00, 0x00, 0x00, 0x00, 0x00, 0x00, 0x00, 0x00, 0x00, 0x00, 0x00, 0x00, 0x00,
  0x00, 0x00, 0x20, 0x08, 0x61, 0x20, 0x82, 0x38, 0x04, 0x51, 0x49, 0x82, 0x10, 0xb4, 0x55, 0xdd,
  0x7a, 0xf6, 0x9a, 0xf6, 0x7a, 0xee, 0x59, 0xe6, 0x9a, 0xe6, 0xbb, 0xe6, 0x3c, 0xf7, 0x3c, 0xf7,
  0x3c, 0xf7, 0x3c, 0xf7, 0x18, 0xd6, 0x71, 0xa4, 0x30, 0x9c, 0x0c, 0x7b, 0xa6, 0x51, 0xa2, 0x30,
  0xc3, 0x30, 0x82, 0x30, 0x41, 0x20, 0x00, 0x00, 0x00, 0x00, 0x00, 0x00, 0x00, 0x00, 0xc3, 0x30,
  0x28, 0x5a, 0x8e, 0x7b, 0x4c, 0x6b, 0x4d, 0x6b, 0x6d, 0x73, 0xeb, 0x6a, 0xcb, 0x72, 0xc7, 0x51,
  0x85, 0x31, 0x68, 0x42, 0xea, 0x5a, 0xca, 0x52, 0x0a, 0x5b, 0x0a, 0x5b, 0x0a, 0x5b, 0x0a, 0x5b,
  0x4c, 0x63, 0xea, 0x62, 0x85, 0x49, 0x65, 0x51, 0xef, 0xb3, 0x30, 0xc4, 0xce, 0xb3, 0xce, 0xb3,
  0xee, 0xb3, 0xce, 0xab, 0xad, 0xab, 0x8d, 0xa3, 0x0e, 0xb4, 0x0e, 0xb4, 0x0e, 0xb4, 0x0e, 0xb4,
  0xea, 0x92, 0x27, 0x7a, 0x47, 0x7a, 0xa9, 0x8a, 0xea, 0x8a, 0xea, 0x8a, 0x6c, 0x9b, 0xee, 0xb3,
  0x2f, 0xb4, 0xef, 0xab, 0x50, 0xb4, 0x30, 0xb4, 0x50, 0xb4, 0x0f, 0xac, 0x0f, 0xac, 0x30, 0xb4,
  0xee, 0xab, 0x0f, 0xac, 0x70, 0xb4, 0xf2, 0xbc, 0x54, 0xc5, 0x54, 0xc5, 0x54, 0xc5, 0x54, 0xc5,
  0x53, 0xbd, 0x53, 0xbd, 0x53, 0xc5, 0x54, 0xc5, 0x54, 0xc5, 0x54, 0xc5, 0x54, 0xc5, 0x54, 0xc5,
  0x54, 0xc5, 0x54, 0xc5, 0x54, 0xc5, 0x34, 0xc5, 0x33, 0xc5, 0x33, 0xc5, 0x54, 0xc5, 0x54, 0xcd,
  0x33, 0xc5, 0x33, 0xc5, 0x0f, 0xa4, 0x88, 0x72, 0x80, 0x30, 0x80, 0x30, 0xa1, 0x30, 0xe2, 0x38,
  0xc3, 0x40, 0xe3, 0x40, 0x29, 0x8b, 0x4e, 0xb4, 0x68, 0x72, 0xa6, 0x59, 0x65, 0x51, 0xc6, 0x59,
  0x45, 0x41, 0xa6, 0x49, 0x07, 0x52, 0x07, 0x4a, 0x28, 0x4a, 0x28, 0x4a, 0x28, 0x42, 0x28, 0x42,
  0x28, 0x42, 0x28, 0x42, 0x28, 0x42, 0x28, 0x4a, 0x8a, 0x52, 0x2c, 0x6b, 0xcb, 0x62, 0xcb, 0x62,
  0xeb, 0x62, 0x49, 0x4a, 0x28, 0x4a, 0x08, 0x42, 0xe7, 0x41, 0x69, 0x52, 0x28, 0x4a, 0x65, 0x31,
  0x49, 0x4a, 0x4d, 0x73, 0xeb, 0x62, 0x48, 0x4a, 0x49, 0x52, 0x69, 0x52, 0xaa, 0x5a, 0xcb, 0x5a,
  0xaa, 0x5a, 0x8a, 0x52, 0x8a, 0x52, 0x8a, 0x52, 0x8a, 0x5a, 0x8a, 0x5a, 0x8a, 0x5a, 0x8a, 0x5a,
  0x8a, 0x6a, 0xa6, 0x59, 0xc3, 0x40, 0x00, 0x00, 0x00, 0x00, 0x00, 0x00, 0x00, 0x00, 0x00, 0x00,
  0x00, 0x00, 0x00, 0x00, 0x00, 0x00, 0x82, 0x30, 0xe7, 0x51, 0xea, 0x62, 0x2b, 0x73, 0x85, 0x49,
  0x41, 0x18, 0x00, 0x00, 0x00, 0x00, 0x00, 0x00, 0x00, 0x00, 0x00, 0x00, 0x00, 0x00, 0x00, 0x00,
  0x00, 0x00, 0x00, 0x00, 0x00, 0x00, 0x00, 0x00, 0x00, 0x00, 0x00, 0x00, 0x00, 0x00, 0x00, 0x00,
  0x00, 0x00, 0x00, 0x00, 0x00, 0x00, 0x00, 0x00, 0x00, 0x00, 0x00, 0x00, 0x00, 0x00, 0x00, 0x00,
  0x00, 0x00, 0x00, 0x00, 0x00, 0x00, 0x00, 0x00, 0x00, 0x00, 0x00, 0x00, 0x00, 0x00, 0x00, 0x00,
  0x00, 0x00, 0x00, 0x00, 0x00, 0x00, 0x00, 0x00, 0x00, 0x00, 0x00, 0x00, 0x00, 0x00, 0x00, 0x00,
  0x00, 0x00, 0x00, 0x00, 0x00, 0x00, 0x00, 0x00, 0x00, 0x00, 0x00, 0x00, 0x00, 0x00, 0x00, 0x00,
  0x00, 0x00, 0x00, 0x00, 0x00, 0x00, 0x00, 0x00, 0x00, 0x00, 0x00, 0x00, 0x00, 0x00, 0x00, 0x00,
  0x00, 0x00, 0x00, 0x00, 0x00, 0x00, 0x00, 0x00, 0x00, 0x00, 0x00, 0x00, 0x00, 0x00, 0x00, 0x00,
  0x00, 0x00, 0x00, 0x00, 0x00, 0x00, 0x00, 0x00, 0x00, 0x00, 0x00, 0x00, 0x00, 0x00, 0x00, 0x00,
  0x00, 0x00, 0x00, 0x00, 0x00, 0x00, 0x00, 0x00, 0x00, 0x00, 0x00, 0x00, 0x00, 0x00, 0x41, 0x18,
  0x21, 0x20, 0x82, 0x40, 0xa7, 0x69, 0x0c, 0x8b, 0x6d, 0x8b, 0xb2, 0xac, 0x55, 0xbd, 0xf3, 0xb4,
  0x34, 0xbd, 0xf3, 0xb4, 0xf3, 0xb4, 0x71, 0xa4, 0xcf, 0x93, 0x49, 0x6a, 0xe8, 0x59, 0xc7, 0x59,
  0x24, 0x49, 0xa2, 0x38, 0x62, 0x30, 0x82, 0x28, 0x41, 0x18, 0x00, 0x00, 0x20, 0x10, 0x00, 0x00,
  0x00, 0x00, 0x00, 0x00, 0x82, 0x28, 0xa2, 0x28, 0x48, 0x52, 0x6c, 0x6b, 0x6c, 0x6b, 0x2c, 0x63,
  0x4c, 0x6b, 0x4d, 0x7b, 0x46, 0x49, 0xe4, 0x38, 0x07, 0x4a, 0xca, 0x52, 0xea, 0x52, 0x0b, 0x5b,
  0x0a, 0x5b, 0x0a, 0x5b, 0x0a, 0x5b, 0x0a, 0x5b, 0x4c, 0x63, 0x2c, 0x6b, 0xe7, 0x51, 0xc3, 0x38,
  0x8e, 0xa3, 0xef, 0xbb, 0xae, 0xb3, 0xee, 0xb3, 0xee, 0xb3, 0xce, 0xab, 0xad, 0xab, 0x8d, 0xa3,
  0x0e, 0xb4, 0x0e, 0xb4, 0x0e, 0xb4, 0x0e, 0xb4, 0x70, 0xbc, 0x4f, 0xbc, 0x2f, 0xb4, 0x90, 0xc4,
  0x50, 0xbc, 0x91, 0xc4, 0x90, 0xc4, 0x2f, 0xb4, 0x50, 0xbc, 0x0f, 0xb4, 0x50, 0xb4, 0x0f, 0xb4,
  0x2f, 0xb4, 0x2f, 0xb4, 0x2f, 0xb4, 0x2f, 0xb4, 0xce, 0xa3, 0x0f, 0xac, 0x71, 0xb4, 0x12, 0xc5,
  0x33, 0xc5, 0x53, 0xc5, 0x53, 0xc5, 0x53, 0xbd, 0x53, 0xbd, 0x54, 0xbd, 0x54, 0xc5, 0x54, 0xc5,
  0x54, 0xc5, 0x54, 0xc5, 0x54, 0xc5, 0x54, 0xc5, 0x54, 0xc5, 0x54, 0xc5, 0x54, 0xc5, 0x34, 0xc5,
  0xd6, 0xdd, 0x75, 0xcd, 0xf2, 0xbc, 0x91, 0xb4, 0x0b, 0x83, 0x44, 0x49, 0x60, 0x30, 0xe2, 0x40,
  0xc1, 0x38, 0xee, 0xa3, 0x4f, 0xac, 0x85, 0x59, 0xc3, 0x40, 0xc2, 0x40, 0x2d, 0xac, 0x4e, 0xac,
  0x63, 0x51, 0xa5, 0x59, 0xa5, 0x59, 0x65, 0x51, 0xe3, 0x38, 0x45, 0x41, 0x86, 0x41, 0xa6, 0x41,
  0x08, 0x4a, 0x08, 0x4a, 0x28, 0x4a, 0x28, 0x4a, 0x08, 0x4a, 0x08, 0x4a, 0x08, 0x4a, 0x08, 0x4a,
  0xca, 0x62, 0x4c, 0x6b, 0xeb, 0x62, 0xcb, 0x5a, 0xeb, 0x62, 0x49, 0x4a, 0x28, 0x4a, 0x08, 0x42,
  0x89, 0x52, 0xc7, 0x41, 0x86, 0x31, 0xc6, 0x39, 0x0c, 0x6b, 0x0c, 0x6b, 0x08, 0x4a, 0x69, 0x52,
  0x69, 0x52, 0x69, 0x52, 0xcb, 0x5a, 0xaa, 0x5a, 0xaa, 0x52, 0x8a, 0x52, 0x8a, 0x52, 0x8a, 0x5a,
  0x8a, 0x5a, 0x6a, 0x5a, 0x6a, 0x5a, 0x6a, 0x62, 0x25, 0x49, 0x62, 0x38, 0x41, 0x20, 0x00, 0x00,
  0x00, 0x00, 0x00, 0x00, 0x00, 0x00, 0x00, 0x00, 0x00, 0x00, 0x00, 0x00, 0x20, 0x10, 0xe3, 0x38,
  0x28, 0x5a, 0xea, 0x62, 0x27, 0x52, 0xc2, 0x30, 0x00, 0x00, 0x00, 0x00, 0x00, 0x00, 0x00, 0x00,
  0x00, 0x00, 0x00, 0x00, 0x00, 0x00, 0x00, 0x00, 0x00, 0x00, 0x00, 0x00, 0x00, 0x00, 0x00, 0x00,
  0x00, 0x00, 0x00, 0x00, 0x00, 0x00, 0x00, 0x00, 0x00, 0x00, 0x00, 0x00, 0x00, 0x00, 0x00, 0x00,
  0x00, 0x00, 0x00, 0x00, 0x00, 0x00, 0x00, 0x00, 0x00, 0x00, 0x00, 0x00, 0x00, 0x00, 0x00, 0x00,
  0x00, 0x00, 0x00, 0x00, 0x00, 0x00, 0x00, 0x00, 0x00, 0x00, 0x00, 0x00, 0x00, 0x00, 0x00, 0x00,
  0x00, 0x00, 0x00, 0x00, 0x00, 0x00, 0x00, 0x00, 0x00, 0x00, 0x00, 0x00, 0x00, 0x00, 0x00, 0x00,
  0x00, 0x00, 0x00, 0x00, 0x00, 0x00, 0x00, 0x00, 0x00, 0x00, 0x00, 0x00, 0x00, 0x00, 0x00, 0x00,
  0x00, 0x00, 0x00, 0x00, 0x00, 0x00, 0x00, 0x00, 0x00, 0x00, 0x00, 0x00, 0x00, 0x00, 0x00, 0x00,
  0x00, 0x00, 0x00, 0x00, 0x00, 0x00, 0x00, 0x00, 0x00, 0x00, 0x00, 0x00, 0x00, 0x00, 0x00, 0x00,
  0x00, 0x00, 0x00, 0x00, 0x00, 0x00, 0x00, 0x00, 0x00, 0x00, 0x00, 0x00, 0x00, 0x00, 0x00, 0x00,
  0x00, 0x00, 0x00, 0x00, 0x00, 0x00, 0x00, 0x00, 0x00, 0x00, 0x00, 0x00, 0x41, 0x18, 0x82, 0x40,
  0xa2, 0x40, 0xc3, 0x40, 0x82, 0x38, 0xa2, 0x40, 0xe3, 0x40, 0xa2, 0x40, 0xc3, 0x40, 0xa3, 0x40,
  0x82, 0x40, 0x82, 0x40, 0x82, 0x38, 0x41, 0x20, 0x21, 0x18, 0x00, 0x00, 0x00, 0x00, 0x00, 0x00,
  0x00, 0x00, 0x00, 0x00, 0x00, 0x00, 0x00, 0x00, 0x00, 0x00, 0x20, 0x08, 0x82, 0x38, 0x86, 0x49,
  0x0b, 0x6b, 0x8d, 0x73, 0x4c, 0x6b, 0x2c, 0x6b, 0x08, 0x52, 0xc3, 0x30, 0x05, 0x49, 0xc8, 0x59,
  0x2c, 0x73, 0x2b, 0x63, 0x0b, 0x63, 0xea, 0x5a, 0xca, 0x5a, 0x2b, 0x63, 0x2c, 0x63, 0xca, 0x5a,
  0x0b, 0x5b, 0xeb, 0x62, 0x08, 0x5a, 0xc3, 0x40, 0xa7, 0x69, 0x2d, 0xa3, 0x30, 0xc4, 0xef, 0xb3,
  0xce, 0xb3, 0xee, 0xab, 0x0e, 0xb4, 0x0e, 0xb4, 0x0e, 0xb4, 0x0e, 0xb4, 0x0e, 0xb4, 0x0e, 0xb4,
  0x0e, 0xb4, 0x0e, 0xb4, 0x0f, 0xb4, 0x0e, 0xb4, 0x0f, 0xb4, 0x0f, 0xb4, 0x0f, 0xb4, 0x0f, 0xb4,
  0x0f, 0xb4, 0x0f, 0xb4, 0x0f, 0xb4, 0x0f, 0xb4, 0x70, 0xbc, 0x30, 0xb4, 0x0f, 0xac, 0xce, 0xa3,
  0xce, 0xa3, 0x50, 0xb4, 0x13, 0xc5, 0x74, 0xcd, 0x33, 0xc5, 0x53, 0xc5, 0x53, 0xbd, 0x33, 0xbd,
  0x33, 0xbd, 0x33, 0xbd, 0x34, 0xbd, 0x34, 0xbd, 0x34, 0xc5, 0x54, 0xc5, 0x54, 0xc5, 0x13, 0xbd,
  0x54, 0xc5, 0x13, 0xc5, 0x75, 0xcd, 0xd2, 0xbc, 0xef, 0x9b, 0x0b, 0x83, 0xe7, 0x61, 0x44, 0x49,
  0x20, 0x28, 0x60, 0x30, 0x85, 0x59, 0xca, 0x82, 0xce, 0xa3, 0xad, 0x9b, 0x0e, 0xac, 0x65, 0x51,
  0x65, 0x51, 0x82, 0x38, 0x03, 0x49, 0xe2, 0x40, 0x26, 0x6a, 0xe6, 0x61, 0x25, 0x51, 0x05, 0x49,
  0x04, 0x49, 0x04, 0x41, 0x04, 0x41, 0x04, 0x41, 0x24, 0x41, 0x24, 0x39, 0x24, 0x39, 0x24, 0x39,
  0xa7, 0x51, 0xc7, 0x51, 0x29, 0x5a, 0x8a, 0x62, 0xeb, 0x6a, 0xeb, 0x62, 0x4c, 0x63, 0x2c, 0x63,
  0xeb, 0x5a, 0xc7, 0x39, 0x08, 0x4a, 0x48, 0x4a, 0x08, 0x4a, 0xc7, 0x41, 0x85, 0x31, 0x2c, 0x6b,
  0x2c, 0x6b, 0xaa, 0x5a, 0x69, 0x52, 0x69, 0x52, 0x69, 0x52, 0x8a, 0x52, 0x89, 0x52, 0x89, 0x52,
  0x8a, 0x52, 0x8a, 0x52, 0x8a, 0x52, 0x6a, 0x5a, 0x6a, 0x5a, 0x49, 0x5a, 0x8a, 0x6a, 0x86, 0x51,
  0xc4, 0x40, 0x00, 0x10, 0x00, 0x00, 0x00, 0x00, 0x00, 0x00, 0x00, 0x00, 0x00, 0x00, 0x00, 0x00,
  0x00, 0x00, 0x00, 0x00, 0x61, 0x18, 0x44, 0x41, 0xa9, 0x62, 0xca, 0x6a, 0x44, 0x41, 0x61, 0x20,
  0x00, 0x00, 0x00, 0x00, 0x00, 0x00, 0x00, 0x00, 0x00, 0x00, 0x00, 0x00, 0x00, 0x00, 0x00, 0x00,
  0x00, 0x00, 0x00, 0x00, 0x00, 0x00, 0x00, 0x00, 0x00, 0x00, 0x00, 0x00, 0x00, 0x00, 0x00, 0x00,
  0x00, 0x00, 0x00, 0x00, 0x00, 0x00, 0x00, 0x00, 0x00, 0x00, 0x00, 0x00, 0x00, 0x00, 0x00, 0x00,
  0x00, 0x00, 0x00, 0x00, 0x00, 0x00, 0x00, 0x00, 0x00, 0x00, 0x00, 0x00, 0x00, 0x00, 0x00, 0x00,
  0x00, 0x00, 0x00, 0x00, 0x00, 0x00, 0x00, 0x00, 0x00, 0x00, 0x00, 0x00, 0x00, 0x00, 0x00, 0x00,
  0x00, 0x00, 0x00, 0x00, 0x00, 0x00, 0x00, 0x00, 0x00, 0x00, 0x00, 0x00, 0x00, 0x00, 0x00, 0x00,
  0x00, 0x00, 0x00, 0x00, 0x00, 0x00, 0x00, 0x00, 0x00, 0x00, 0x00, 0x00, 0x00, 0x00, 0x00, 0x00,
  0x00, 0x00, 0x00, 0x00, 0x00, 0x00, 0x00, 0x00, 0x00, 0x00, 0x00, 0x00, 0x00, 0x00, 0x00, 0x00,
  0x00, 0x00, 0x00, 0x00, 0x00, 0x00, 0x00, 0x00, 0x00, 0x00, 0x00, 0x00, 0x00, 0x00, 0x00, 0x00,
  0x00, 0x00, 0x00, 0x00, 0x00, 0x00, 0x00, 0x00, 0x00, 0x00, 0x00, 0x00, 0x00, 0x00, 0x00, 0x00,
  0x00, 0x00, 0x00, 0x00, 0x00, 0x00, 0x00, 0x00, 0x00, 0x00, 0x20, 0x18, 0x41, 0x28, 0x20, 0x28,
  0x41, 0x28, 0x21, 0x28, 0x21, 0x20, 0x20, 0x20, 0x20, 0x18, 0x00, 0x00, 0x00, 0x00, 0x00, 0x00,
  0x00, 0x00, 0x00, 0x00, 0x00, 0x00, 0x00, 0x00, 0x00, 0x00, 0x00, 0x00, 0x00, 0x00, 0x00, 0x00,
  0x20, 0x10, 0x62, 0x30, 0xe3, 0x40, 0x28, 0x5a, 0x0b, 0x6b, 0x0b, 0x63, 0x2c, 0x73, 0x29, 0x5a,
  0xe4, 0x38, 0xe5, 0x40, 0x26, 0x51, 0x6a, 0x72, 0x2c, 0x73, 0x2c, 0x6b, 0xeb, 0x62, 0xca, 0x62,
  0xca, 0x62, 0xeb, 0x62, 0xeb, 0x62, 0xcb, 0x5a, 0xeb, 0x5a, 0xec, 0x62, 0x6a, 0x62, 0x66, 0x51,
  0x25, 0x59, 0x0d, 0x9b, 0xef, 0xbb, 0xae, 0xab, 0xef, 0xb3, 0x0f, 0xb4, 0x0f, 0xb4, 0x0e, 0xb4,
  0x0e, 0xb4, 0x0e, 0xb4, 0x0e, 0xb4, 0x0e, 0xb4, 0x0e, 0xb4, 0x0e, 0xb4, 0x0f, 0xb4, 0x0e, 0xb4,
  0x0f, 0xb4, 0x0f, 0xb4, 0x0f, 0xb4, 0x0f, 0xb4, 0x0f, 0xb4, 0x0f, 0xb4, 0x0f, 0xb4, 0x2f, 0xb4,
  0x2f, 0xb4, 0x2f, 0xb4, 0x0f, 0xac, 0xee, 0xab, 0x50, 0xb4, 0xd2, 0xc4, 0x34, 0xcd, 0x54, 0xcd,
  0x54, 0xc5, 0x54, 0xc5, 0x53, 0xc5, 0x53, 0xbd, 0x54, 0xbd, 0x54, 0xc5, 0x74, 0xc5, 0x75, 0xc5,
  0x34, 0xc5, 0x13, 0xbd, 0x54, 0xc5, 0xd6, 0xd5, 0x55, 0xcd, 0x91, 0xb4, 0xeb, 0x82, 0x07, 0x62,
  0xc2, 0x38, 0xa2, 0x40, 0xa1, 0x38, 0xa1, 0x38, 0xc2, 0x40, 0x81, 0x38, 0x44, 0x51, 0x68, 0x7a,
  0xad, 0xa3, 0xe2, 0x48, 0xc1, 0x40, 0x85, 0x59, 0xe2, 0x40, 0xc2, 0x40, 0xa1, 0x38, 0xe2, 0x40,
  0x87, 0x72, 0x87, 0x72, 0x24, 0x49, 0x25, 0x51, 0xe4, 0x48, 0xe4, 0x48, 0x04, 0x49, 0x04, 0x41,
  0x04, 0x41, 0x04, 0x39, 0x04, 0x39, 0x04, 0x39, 0x04, 0x39, 0x25, 0x41, 0x66, 0x41, 0xa6, 0x41,
  0x49, 0x5a, 0xca, 0x62, 0x69, 0x52, 0xeb, 0x5a, 0xeb, 0x62, 0x28, 0x4a, 0x28, 0x4a, 0x08, 0x42,
  0xc7, 0x39, 0x86, 0x31, 0xeb, 0x62, 0x0c, 0x63, 0xaa, 0x5a, 0x69, 0x52, 0x69, 0x52, 0x69, 0x52,
  0x69, 0x52, 0x69, 0x52, 0x89, 0x52, 0x89, 0x52, 0x8a, 0x52, 0x8a, 0x52, 0x8a, 0x52, 0x6a, 0x5a,
  0x49, 0x5a, 0x4a, 0x62, 0xc4, 0x30, 0x83, 0x30, 0x41, 0x18, 0x00, 0x08, 0x00, 0x00, 0x00, 0x00,
  0x00, 0x00, 0x00, 0x00, 0x00, 0x00, 0x00, 0x00, 0x00, 0x00, 0x00, 0x00, 0xc2, 0x30, 0x48, 0x62,
  0x4c, 0x7b, 0x48, 0x5a, 0xc2, 0x30, 0x00, 0x08, 0x00, 0x00, 0x00, 0x00, 0x00, 0x00, 0x00, 0x00,
  0x00, 0x00, 0x00, 0x00, 0x00, 0x00, 0x00, 0x00, 0x00, 0x00, 0x00, 0x00, 0x00, 0x00, 0x00, 0x00,
  0x00, 0x00, 0x00, 0x00, 0x00, 0x00, 0x00, 0x00, 0x00, 0x00, 0x00, 0x00, 0x00, 0x00, 0x00, 0x00,
  0x00, 0x00, 0x00, 0x00, 0x00, 0x00, 0x00, 0x00, 0x00, 0x00, 0x00, 0x00, 0x00, 0x00, 0x00, 0x00,
  0x00, 0x00, 0x00, 0x00, 0x00, 0x00, 0x00, 0x00, 0x00, 0x00, 0x00, 0x00, 0x00, 0x00, 0x00, 0x00,
  0x00, 0x00, 0x00, 0x00, 0x00, 0x00, 0x00, 0x00, 0x00, 0x00, 0x00, 0x00, 0x00, 0x00, 0x00, 0x00,
  0x00, 0x00, 0x00, 0x00, 0x00, 0x00, 0x00, 0x00, 0x00, 0x00, 0x00, 0x00, 0x00, 0x00, 0x00, 0x00,
  0x00, 0x00, 0x00, 0x00, 0x00, 0x00, 0x00, 0x00, 0x00, 0x00, 0x00, 0x00, 0x00, 0x00, 0x00, 0x00,
  0x00, 0x00, 0x00, 0x00, 0x00, 0x00, 0x00, 0x00, 0x00, 0x00, 0x00, 0x00, 0x00, 0x00, 0x00, 0x00,
  0x00, 0x00, 0x00, 0x00, 0x00, 0x00, 0x00, 0x00, 0x00, 0x00, 0x00, 0x00, 0x00, 0x00, 0x00, 0x00,
  0x00, 0x00, 0x00, 0x00, 0x00, 0x00, 0x00, 0x00, 0x00, 0x00, 0x00, 0x00, 0x00, 0x00, 0x00, 0x00,
  0x00, 0x00, 0x00, 0x00, 0x00, 0x00, 0x00, 0x00, 0x00, 0x00, 0x00, 0x00, 0x00, 0x00, 0x00, 0x00,
  0x00, 0x00, 0x00, 0x00, 0x00, 0x00, 0x00, 0x00, 0x00, 0x00, 0x00, 0x00, 0x00, 0x00, 0x00, 0x00,
  0x00, 0x00, 0x00, 0x00, 0x00, 0x00, 0x00, 0x08, 0x61, 0x20, 0x04, 0x51, 0xe7, 0x59, 0x2c, 0x7b,
  0x4c, 0x73, 0x69, 0x5a, 0xe4, 0x40, 0xe5, 0x48, 0x21, 0x28, 0xa4, 0x48, 0xa3, 0x40, 0x25, 0x49,
  0x86, 0x49, 0xe8, 0x51, 0x6a, 0x62, 0xcb, 0x6a, 0xeb, 0x72, 0xcb, 0x6a, 0xcb, 0x6a, 0xec, 0x6a,
  0xeb, 0x62, 0x0c, 0x6b, 0xec, 0x72, 0x09, 0x6a, 0xa4, 0x48, 0x26, 0x61, 0x0c, 0xa3, 0x51, 0xc4,
  0x0f, 0xbc, 0x0f, 0xb4, 0x0e, 0xb4, 0xee, 0xb3, 0xee, 0xb3, 0x0e, 0xb4, 0x0e, 0xb4, 0x0e, 0xb4,
  0x0e, 0xb4, 0x0e, 0xb4, 0x0f, 0xb4, 0x0e, 0xb4, 0x0f, 0xb4, 0x0f, 0xb4, 0x0f, 0xb4, 0x0f, 0xb4,
  0x0f, 0xb4, 0x0f, 0xb4, 0x2f, 0xb4, 0x0f, 0xb4, 0x0f, 0xac, 0x2f, 0xb4, 0x0f, 0xac, 0x2f, 0xb4,
  0xf3, 0xcc, 0x34, 0xcd, 0x34, 0xcd, 0x34, 0xcd, 0x54, 0xc5, 0x74, 0xc5, 0x54, 0xc5, 0x54, 0xc5,
  0x74, 0xc5, 0x75, 0xc5, 0xb5, 0xcd, 0xb6, 0xcd, 0x54, 0xc5, 0x13, 0xbd, 0x50, 0xa4, 0x4c, 0x83,
  0x49, 0x6a, 0xa2, 0x38, 0x04, 0x49, 0xa2, 0x40, 0xe3, 0x40, 0xe3, 0x40, 0x04, 0x49, 0x44, 0x51,
  0x81, 0x38, 0x03, 0x49, 0x64, 0x59, 0x85, 0x59, 0xa5, 0x61, 0x47, 0x72, 0x47, 0x72, 0x84, 0x59,
  0xa5, 0x59, 0x27, 0x6a, 0x4e, 0xac, 0x8e, 0xb4, 0x6a, 0x8b, 0x46, 0x6a, 0xe6, 0x61, 0xca, 0x82,
  0x04, 0x49, 0x04, 0x49, 0x04, 0x41, 0x04, 0x41, 0x04, 0x41, 0x04, 0x39, 0x04, 0x39, 0x04, 0x31,
  0x04, 0x31, 0x04, 0x31, 0x24, 0x31, 0x24, 0x39, 0x24, 0x39, 0x24, 0x39, 0x08, 0x5a, 0x08, 0x52,
  0x28, 0x4a, 0x49, 0x4a, 0x28, 0x4a, 0xc7, 0x39, 0xc7, 0x39, 0x69, 0x52, 0x0c, 0x63, 0xeb, 0x62,
  0x69, 0x52, 0x69, 0x52, 0x69, 0x52, 0x69, 0x52, 0x89, 0x52, 0x89, 0x52, 0x89, 0x52, 0x89, 0x52,
  0x8a, 0x52, 0x8a, 0x52, 0x8a, 0x5a, 0x6a, 0x5a, 0x8a, 0x62, 0x66, 0x49, 0xa3, 0x30, 0x21, 0x20,
  0x00, 0x08, 0x00, 0x00, 0x00, 0x00, 0x00, 0x00, 0x00, 0x00, 0x00, 0x00, 0x00, 0x00, 0x00, 0x00,
  0x00, 0x00, 0x00, 0x08, 0x24, 0x41, 0xca, 0x6a, 0xa9, 0x62, 0xa5, 0x41, 0x61, 0x18, 0x00, 0x00,
  0x00, 0x00, 0x00, 0x00, 0x00, 0x00, 0x00, 0x00, 0x00, 0x00, 0x00, 0x00, 0x00, 0x00, 0x00, 0x00,
  0x00, 0x00, 0x00, 0x00, 0x00, 0x00, 0x00, 0x00, 0x00, 0x00, 0x00, 0x00, 0x00, 0x00, 0x00, 0x00,
  0x00, 0x00, 0x00, 0x00, 0x00, 0x00, 0x00, 0x00, 0x00, 0x00, 0x00, 0x00, 0x00, 0x00, 0x00, 0x00,
  0x00, 0x00, 0x00, 0x00, 0x00, 0x00, 0x00, 0x00, 0x00, 0x00, 0x00, 0x00, 0x00, 0x00, 0x00, 0x00,
  0x00, 0x00, 0x00, 0x00, 0x00, 0x00, 0x00, 0x00, 0x00, 0x00, 0x00, 0x00, 0x00, 0x00, 0x00, 0x00,
  0x00, 0x00, 0x00, 0x00, 0x00, 0x00, 0x00, 0x00, 0x00, 0x00, 0x00, 0x00, 0x00, 0x00, 0x00, 0x00,
  0x00, 0x00, 0x00, 0x00, 0x00, 0x00, 0x00, 0x00, 0x00, 0x00, 0x00, 0x00, 0x00, 0x00, 0x00, 0x00,
  0x00, 0x00, 0x00, 0x00, 0x00, 0x00, 0x00, 0x00, 0x00, 0x00, 0x00, 0x00, 0x00, 0x00, 0x00, 0x00,
  0x00, 0x00, 0x00, 0x00, 0x00, 0x00, 0x00, 0x00, 0x00, 0x00, 0x00, 0x00, 0x00, 0x00, 0x00, 0x00,
  0x00, 0x00, 0x00, 0x00, 0x00, 0x00, 0x00, 0x00, 0x00, 0x00, 0x00, 0x00, 0x00, 0x00, 0x00, 0x00,
  0x00, 0x00, 0x00, 0x00, 0x00, 0x00, 0x00, 0x00, 0x00, 0x00, 0x00, 0x00, 0x00, 0x00, 0x00, 0x00,
  0x00, 0x00, 0x00, 0x00, 0x00, 0x00, 0x00, 0x00, 0x00, 0x00, 0x00, 0x00, 0x00, 0x00, 0x00, 0x00,
  0x00, 0x00, 0x00, 0x00, 0x00, 0x00, 0x00, 0x00, 0x00, 0x00, 0x00, 0x00, 0x00, 0x00, 0x20, 0x10,
  0xe4, 0x48, 0x69, 0x72, 0x6d, 0x93, 0x4d, 0x8b, 0xe7, 0x51, 0x04, 0x41, 0x62, 0x28, 0x21, 0x20,
  0x21, 0x28, 0xa4, 0x40, 0x46, 0x49, 0xe4, 0x38, 0xa3, 0x28, 0x04, 0x31, 0x66, 0x41, 0xa7, 0x49,
  0xe7, 0x51, 0x86, 0x41, 0x86, 0x49, 0xe8, 0x51, 0xec, 0x6a, 0xec, 0x6a, 0xec, 0x72, 0x8b, 0x72,
  0xe9, 0x69, 0xc4, 0x48, 0xa4, 0x48, 0x0c, 0x9b, 0x30, 0xbc, 0x2f, 0xb4, 0xee, 0xb3, 0xce, 0xab,
  0x0e, 0xb4, 0xee, 0xb3, 0x0e, 0xb4, 0x0e, 0xb4, 0x0e, 0xb4, 0x0e, 0xb4, 0x0f, 0xb4, 0x0e, 0xb4,
  0x0f, 0xb4, 0x0f, 0xb4, 0x0f, 0xb4, 0x0f, 0xb4, 0x0f, 0xb4, 0x0f, 0xb4, 0x0f, 0xb4, 0x2f, 0xb4,
  0xee, 0xab, 0x0f, 0xac, 0x0f, 0xac, 0xb1, 0xbc, 0x55, 0xd5, 0x54, 0xcd, 0x14, 0xc5, 0xf3, 0xc4,
  0x75, 0xcd, 0x75, 0xcd, 0x75, 0xcd, 0x75, 0xcd, 0xb6, 0xd5, 0x13, 0xc5, 0x30, 0xa4, 0x8d, 0x93,
  0x68, 0x6a, 0xe7, 0x59, 0x64, 0x49, 0x24, 0x49, 0xc3, 0x40, 0xa2, 0x38, 0x65, 0x51, 0xe3, 0x48,
  0x23, 0x49, 0xc1, 0x40, 0xa0, 0x38, 0xc1, 0x40, 0x40, 0x30, 0xa0, 0x38, 0x43, 0x59, 0xe6, 0x69,
  0xca, 0x8a, 0x06, 0x6a, 0x70, 0xbc, 0x84, 0x59, 0x88, 0x72, 0x4b, 0x8b, 0x4d, 0xac, 0x4d, 0xac,
  0x86, 0x72, 0xa4, 0x59, 0xc9, 0x7a, 0xc9, 0x7a, 0x04, 0x41, 0x04, 0x41, 0x04, 0x41, 0x04, 0x41,
  0x04, 0x39, 0x04, 0x39, 0x04, 0x39, 0x44, 0x31, 0x45, 0x31, 0x45, 0x31, 0x24, 0x31, 0x24, 0x31,
  0xe4, 0x30, 0xe4, 0x38, 0xa3, 0x30, 0xc3, 0x30, 0x04, 0x31, 0xe7, 0x49, 0xe7, 0x41, 0x85, 0x39,
  0x89, 0x5a, 0xeb, 0x6a, 0x0c, 0x6b, 0x28, 0x4a, 0x49, 0x52, 0x69, 0x52, 0x69, 0x52, 0x69, 0x52,
  0x89, 0x52, 0x89, 0x52, 0x8a, 0x52, 0x89, 0x52, 0x89, 0x52, 0x89, 0x52, 0x89, 0x5a, 0x69, 0x62,
  0x45, 0x41, 0x62, 0x30, 0x41, 0x20, 0x21, 0x10, 0x00, 0x08, 0x00, 0x00, 0x00, 0x00, 0x00, 0x00,
  0x00, 0x00, 0x00, 0x00, 0x00, 0x00, 0x00, 0x00, 0x00, 0x00, 0x62, 0x30, 0xc6, 0x51, 0xca, 0x6a,
  0x27, 0x5a, 0xa2, 0x20, 0x00, 0x00, 0x00, 0x00, 0x00, 0x00, 0x00, 0x00, 0x00, 0x00, 0x00, 0x00,
  0x00, 0x00, 0x00, 0x00, 0x00, 0x00, 0x00, 0x00, 0x00, 0x00, 0x00, 0x00, 0x00, 0x00, 0x00, 0x00,
  0x00, 0x00, 0x00, 0x00, 0x00, 0x00, 0x00, 0x00, 0x00, 0x00, 0x00, 0x00, 0x00, 0x00, 0x00, 0x00,
  0x00, 0x00, 0x00, 0x00, 0x00, 0x00, 0x00, 0x00, 0x00, 0x00, 0x00, 0x00, 0x00, 0x00, 0x00, 0x00,
  0x00, 0x00, 0x00, 0x00, 0x00, 0x00, 0x00, 0x00, 0x00, 0x00, 0x00, 0x00, 0x00, 0x00, 0x00, 0x00,
  0x00, 0x00, 0x00, 0x00, 0x00, 0x00, 0x00, 0x00, 0x00, 0x00, 0x00, 0x00, 0x00, 0x00, 0x00, 0x00,
  0x00, 0x00, 0x00, 0x00, 0x00, 0x00, 0x00, 0x00, 0x00, 0x00, 0x00, 0x00, 0x00, 0x00, 0x00, 0x00,
  0x00, 0x00, 0x00, 0x00, 0x00, 0x00, 0x00, 0x00, 0x00, 0x00, 0x00, 0x00, 0x00, 0x00, 0x00, 0x00,
  0x00, 0x00, 0x00, 0x00, 0x00, 0x00, 0x00, 0x00, 0x00, 0x00, 0x00, 0x00, 0x00, 0x00, 0x00, 0x00,
  0x00, 0x00, 0x00, 0x00, 0x00, 0x00, 0x00, 0x00, 0x00, 0x00, 0x00, 0x00, 0x00, 0x00, 0x00, 0x00,
  0x00, 0x00, 0x00, 0x00, 0x00, 0x00, 0x00, 0x00, 0x00, 0x00, 0x00, 0x00, 0x00, 0x00, 0x00, 0x00,
  0x00, 0x00, 0x00, 0x00, 0x00, 0x00, 0x00, 0x00, 0x00, 0x00, 0x00, 0x00, 0x00, 0x00, 0x00, 0x00,
  0x00, 0x00, 0x00, 0x00, 0x00, 0x00, 0x00, 0x00, 0x00, 0x00, 0x00, 0x00, 0x00, 0x00, 0x00, 0x00,
  0x00, 0x00, 0x00, 0x00, 0x40, 0x10, 0x24, 0x41, 0x65, 0x51, 0x65, 0x51, 0x66, 0x51, 0x25, 0x51,
  0x21, 0x38, 0x00, 0x08, 0x00, 0x08, 0xa3, 0x30, 0xc4, 0x38, 0x46, 0x49, 0xa6, 0x49, 0x66, 0x41,
  0xa6, 0x41, 0xc7, 0x41, 0x45, 0x39, 0x45, 0x39, 0x03, 0x29, 0x03, 0x29, 0xe3, 0x28, 0xc4, 0x30,
  0x26, 0x49, 0x6b, 0x72, 0xec, 0x72, 0xcc, 0x6a, 0x8a, 0x62, 0xc8, 0x59, 0xc5, 0x48, 0x21, 0x38,
  0xe7, 0x71, 0x6c, 0x9b, 0x91, 0xc4, 0x2f, 0xbc, 0x0f, 0xbc, 0xef, 0xb3, 0x0f, 0xbc, 0x2f, 0xbc,
  0x2f, 0xbc, 0x0f, 0xbc, 0xce, 0xb3, 0xce, 0xab, 0xce, 0xb3, 0xee, 0xb3, 0xee, 0xb3, 0xef, 0xb3,
  0xef, 0xb3, 0x0f, 0xb4, 0x0f, 0xb4, 0x2f, 0xb4, 0x0f, 0xac, 0xd2, 0xbc, 0x94, 0xcd, 0xb5, 0xcd,
  0x34, 0xc5, 0x95, 0xcd, 0xf7, 0xdd, 0x38, 0xee, 0x55, 0xcd, 0xf4, 0xc4, 0x51, 0xac, 0xae, 0x9b,
  0xec, 0x82, 0xe7, 0x61, 0xa2, 0x38, 0x61, 0x30, 0x82, 0x38, 0x81, 0x38, 0x81, 0x38, 0x81, 0x38,
  0x41, 0x30, 0x82, 0x38, 0xa2, 0x38, 0xe2, 0x40, 0x80, 0x30, 0x45, 0x6a, 0x45, 0x6a, 0x2b, 0xa4,
  0x4b, 0xac, 0x70, 0xd5, 0x8a, 0x9b, 0x43, 0x59, 0x44, 0x59, 0x48, 0x72, 0xc5, 0x61, 0xc9, 0x7a,
  0xc9, 0x7a, 0x27, 0x6a, 0xc5, 0x59, 0xe5, 0x59, 0x67, 0x6a, 0x2a, 0x83, 0x2f, 0xac, 0xca, 0x7a,
  0x44, 0x49, 0x04, 0x41, 0x28, 0x62, 0xcf, 0x9b, 0xc3, 0x38, 0x24, 0x39, 0x04, 0x39, 0x24, 0x39,
  0x66, 0x31, 0x66, 0x31, 0x45, 0x31, 0x45, 0x31, 0x25, 0x31, 0xc7, 0x49, 0x24, 0x39, 0x03, 0x39,
  0x23, 0x41, 0xe2, 0x38, 0x23, 0x39, 0x6c, 0x83, 0x2b, 0x7b, 0x4c, 0x7b, 0x08, 0x52, 0xc7, 0x49,
  0x29, 0x5a, 0x08, 0x52, 0x8a, 0x5a, 0x89, 0x4a, 0x89, 0x4a, 0xaa, 0x4a, 0x8a, 0x52, 0xcb, 0x5a,
  0x47, 0x4a, 0x47, 0x4a, 0x07, 0x52, 0x24, 0x41, 0x82, 0x38, 0xa2, 0x38, 0x00, 0x00, 0x00, 0x00,
  0x00, 0x00, 0x00, 0x00, 0x00, 0x00, 0x00, 0x00, 0x00, 0x00, 0x00, 0x00, 0x00, 0x00, 0x00, 0x00,
  0x41, 0x18, 0x45, 0x49, 0x8a, 0x72, 0x89, 0x6a, 0x65, 0x49, 0x41, 0x18, 0x00, 0x00, 0x00, 0x00,
  0x00, 0x00, 0x00, 0x00, 0x00, 0x00, 0x00, 0x00, 0x00, 0x00, 0x00, 0x00, 0x00, 0x00, 0x00, 0x00,
  0x00, 0x00, 0x00, 0x00, 0x00, 0x00, 0x00, 0x00, 0x00, 0x00, 0x00, 0x00, 0x00, 0x00, 0x00, 0x00,
  0x00, 0x00, 0x00, 0x00, 0x00, 0x00, 0x00, 0x00, 0x00, 0x00, 0x00, 0x00, 0x00, 0x00, 0x00, 0x00,
  0x00, 0x00, 0x00, 0x00, 0x00, 0x00, 0x00, 0x00, 0x00, 0x00, 0x00, 0x00, 0x00, 0x00, 0x00, 0x00,
  0x00, 0x00, 0x00, 0x00, 0x00, 0x00, 0x00, 0x00, 0x00, 0x00, 0x00, 0x00, 0x00, 0x00, 0x00, 0x00,
  0x00, 0x00, 0x00, 0x00, 0x00, 0x00, 0x00, 0x00, 0x00, 0x00, 0x00, 0x00, 0x00, 0x00, 0x00, 0x00,
  0x00, 0x00, 0x00, 0x00, 0x00, 0x00, 0x00, 0x00, 0x00, 0x00, 0x00, 0x00, 0x00, 0x00, 0x00, 0x00,
  0x00, 0x00, 0x00, 0x00, 0x00, 0x00, 0x00, 0x00, 0x00, 0x00, 0x00, 0x00, 0x00, 0x00, 0x00, 0x00,
  0x00, 0x00, 0x00, 0x00, 0x00, 0x00, 0x00, 0x00, 0x00, 0x00, 0x00, 0x00, 0x00, 0x00, 0x00, 0x00,
  0x00, 0x00, 0x00, 0x00, 0x00, 0x00, 0x00, 0x00, 0x00, 0x00, 0x00, 0x00, 0x00, 0x00, 0x00, 0x00,
  0x00, 0x00, 0x00, 0x00, 0x00, 0x00, 0x00, 0x00, 0x00, 0x00, 0x00, 0x00, 0x00, 0x00, 0x00, 0x00,
  0x00, 0x00, 0x00, 0x00, 0x00, 0x00, 0x00, 0x00, 0x00, 0x00, 0x00, 0x00, 0x00, 0x00, 0x00, 0x00,
  0x00, 0x00, 0x00, 0x00, 0x00, 0x00, 0x00, 0x00, 0x00, 0x00, 0x82, 0x28, 0x24, 0x49, 0xa5, 0x51,
  0xa6, 0x51, 0x85, 0x51, 0x24, 0x49, 0x82, 0x28, 0x00, 0x08, 0x00, 0x08, 0x04, 0x39, 0x04, 0x31,
  0x45, 0x39, 0x86, 0x41, 0xa6, 0x41, 0xa6, 0x39, 0x86, 0x39, 0xa6, 0x41, 0x25, 0x39, 0x65, 0x41,
  0x65, 0x31, 0x65, 0x31, 0x65, 0x39, 0x45, 0x41, 0xe5, 0x40, 0xc5, 0x40, 0xa7, 0x51, 0x29, 0x5a,
  0x8b, 0x6a, 0x6a, 0x6a, 0x67, 0x59, 0xa3, 0x40, 0x81, 0x38, 0x84, 0x59, 0x89, 0x7a, 0xce, 0xab,
  0xef, 0xb3, 0x0f, 0xbc, 0x30, 0xbc, 0x30, 0xbc, 0x30, 0xc4, 0x30, 0xbc, 0x0f, 0xbc, 0x0f, 0xbc,
  0xef, 0xb3, 0xef, 0xb3, 0xef, 0xb3, 0xef, 0xb3, 0xef, 0xb3, 0xef, 0xb3, 0xef, 0xb3, 0xef, 0xab,
  0xd2, 0xc4, 0x33, 0xcd, 0x95, 0xd5, 0x95, 0xd5, 0xf3, 0xbc, 0x30, 0xac, 0x4d, 0x8b, 0x8a, 0x7a,
  0xe7, 0x61, 0x25, 0x49, 0xa3, 0x38, 0xc3, 0x38, 0x62, 0x30, 0xa2, 0x38, 0xe3, 0x40, 0x04, 0x49,
  0x44, 0x51, 0x24, 0x51, 0x44, 0x51, 0x44, 0x51, 0xa2, 0x40, 0x81, 0x38, 0xe2, 0x40, 0x46, 0x6a,
  0xeb, 0xa3, 0x0a, 0xa4, 0x29, 0xa4, 0x8f, 0xcd, 0x34, 0xff, 0x36, 0xff, 0x10, 0xcd, 0x87, 0x7a,
  0x03, 0x51, 0xc2, 0x48, 0x88, 0x7a, 0x8c, 0x93, 0xee, 0xa3, 0xee, 0xa3, 0x2f, 0xac, 0x70, 0xb4,
  0x2b, 0x8b, 0x6c, 0x8b, 0x0f, 0xa4, 0xca, 0x7a, 0xe3, 0x38, 0xa6, 0x51, 0x51, 0xac, 0x75, 0xcd,
  0x2c, 0x83, 0x40, 0x20, 0x44, 0x41, 0x24, 0x39, 0xc8, 0x41, 0xc8, 0x39, 0xc7, 0x39, 0xa6, 0x41,
  0x86, 0x41, 0xc7, 0x51, 0x03, 0x39, 0x02, 0x39, 0x02, 0x41, 0x22, 0x49, 0xe2, 0x40, 0x27, 0x62,
  0x89, 0x6a, 0x07, 0x5a, 0x28, 0x5a, 0x49, 0x5a, 0x6a, 0x62, 0x29, 0x5a, 0xab, 0x62, 0x8a, 0x52,
  0xaa, 0x52, 0x89, 0x52, 0x8a, 0x52, 0xaa, 0x5a, 0x48, 0x52, 0x47, 0x5a, 0x44, 0x41, 0x61, 0x30,
  0xa2, 0x38, 0x00, 0x00, 0x00, 0x00, 0x00, 0x00, 0x00, 0x00, 0x00, 0x00, 0x00, 0x00, 0x00, 0x00,
  0x00, 0x00, 0x00, 0x00, 0x00, 0x00, 0x00, 0x00, 0x44, 0x49, 0x65, 0x51, 0xca, 0x7a, 0xc6, 0x59,
  0x20, 0x10, 0x00, 0x08, 0x00, 0x00, 0x00, 0x00, 0x00, 0x00, 0x00, 0x00, 0x00, 0x00, 0x00, 0x00,
  0x00, 0x00, 0x00, 0x00, 0x00, 0x00, 0x00, 0x00, 0x00, 0x00, 0x00, 0x00, 0x00, 0x00, 0x00, 0x00,
  0x00, 0x00, 0x00, 0x00, 0x00, 0x00, 0x00, 0x00, 0x00, 0x00, 0x00, 0x00, 0x00, 0x00, 0x00, 0x00,
  0x00, 0x00, 0x00, 0x00, 0x00, 0x00, 0x00, 0x00, 0x00, 0x00, 0x00, 0x00, 0x00, 0x00, 0x00, 0x00,
  0x00, 0x00, 0x00, 0x00, 0x00, 0x00, 0x00, 0x00, 0x00, 0x00, 0x00, 0x00, 0x00, 0x00, 0x00, 0x00,
  0x00, 0x00, 0x00, 0x00, 0x00, 0x00, 0x00, 0x00, 0x00, 0x00, 0x00, 0x00, 0x00, 0x00, 0x00, 0x00,
  0x00, 0x00, 0x00, 0x00, 0x00, 0x00, 0x00, 0x00, 0x00, 0x00, 0x00, 0x00, 0x00, 0x00, 0x00, 0x00,
  0x00, 0x00, 0x00, 0x00, 0x00, 0x00, 0x00, 0x00, 0x00, 0x00, 0x00, 0x00, 0x00, 0x00, 0x00, 0x00,
  0x00, 0x00, 0x00, 0x00, 0x00, 0x00, 0x00, 0x00, 0x00, 0x00, 0x00, 0x00, 0x00, 0x00, 0x00, 0x00,
  0x00, 0x00, 0x00, 0x00, 0x00, 0x00, 0x00, 0x00, 0x00, 0x00, 0x00, 0x00, 0x00, 0x00, 0x00, 0x00,
  0x00, 0x00, 0x00, 0x00, 0x00, 0x00, 0x00, 0x00, 0x00, 0x00, 0x00, 0x00, 0x00, 0x00, 0x00, 0x00,
  0x00, 0x00, 0x00, 0x00, 0x00, 0x00, 0x00, 0x00, 0x00, 0x00, 0x00, 0x00, 0x00, 0x00, 0x00, 0x00,
  0x00, 0x00, 0x00, 0x00, 0x00, 0x00, 0x00, 0x00, 0x00, 0x00, 0x00, 0x00, 0x00, 0x00, 0x00, 0x00,
  0x61, 0x28, 0xe3, 0x48, 0x44, 0x51, 0x65, 0x51, 0x24, 0x49, 0xc3, 0x30, 0x21, 0x10, 0x00, 0x00,
  0x00, 0x08, 0x62, 0x38, 0x66, 0x41, 0xc7, 0x49, 0xc7, 0x49, 0xa6, 0x41, 0xa6, 0x39, 0xa6, 0x39,
  0x85, 0x39, 0xc7, 0x41, 0x29, 0x5a, 0x66, 0x41, 0xc6, 0x39, 0xc6, 0x39, 0xa6, 0x41, 0xa6, 0x41,
  0x86, 0x49, 0x83, 0x30, 0x63, 0x30, 0xa3, 0x38, 0x83, 0x30, 0x83, 0x30, 0x25, 0x41, 0xe8, 0x59,
  0x64, 0x41, 0x03, 0x41, 0xc2, 0x38, 0x64, 0x51, 0x65, 0x59, 0x28, 0x7a, 0x0c, 0x9b, 0x2c, 0xa3,
  0x8e, 0xab, 0xae, 0xab, 0xae, 0xab, 0xce, 0xb3, 0xef, 0xb3, 0xef, 0xb3, 0xef, 0xb3, 0xef, 0xb3,
  0xcf, 0xb3, 0xef, 0xb3, 0xef, 0xb3, 0x0f, 0xb4, 0x0f, 0xb4, 0x6d, 0xa3, 0xcb, 0x92, 0xab, 0x92,
  0x04, 0x51, 0xe4, 0x48, 0xa3, 0x40, 0x83, 0x38, 0x62, 0x30, 0xe4, 0x40, 0x25, 0x49, 0xe4, 0x40,
  0xc3, 0x40, 0xe3, 0x40, 0xc3, 0x40, 0xc2, 0x40, 0x44, 0x51, 0x44, 0x51, 0x44, 0x51, 0x44, 0x51,
  0x60, 0x30, 0x80, 0x30, 0x4d, 0xac, 0x70, 0xcd, 0x0a, 0xa4, 0xc3, 0x72, 0xcd, 0xd5, 0x94, 0xff,
  0xb6, 0xff, 0x6f, 0xcd, 0xaa, 0xa3, 0xc8, 0x8a, 0x27, 0x72, 0x23, 0x51, 0xcd, 0x9b, 0xcd, 0x9b,
  0xad, 0x93, 0xad, 0x93, 0x6d, 0x93, 0x2b, 0x83, 0xef, 0xa3, 0x0f, 0xa4, 0x50, 0xa4, 0x68, 0x6a,
  0xa1, 0x30, 0x28, 0x62, 0x75, 0xcd, 0x17, 0xe6, 0xf3, 0xbc, 0x48, 0x62, 0xc2, 0x30, 0x24, 0x39,
  0x08, 0x4a, 0x08, 0x42, 0xe8, 0x49, 0xe7, 0x49, 0xa5, 0x41, 0xa5, 0x49, 0x03, 0x39, 0x64, 0x49,
  0x2e, 0xac, 0x4a, 0x8b, 0x43, 0x49, 0xe2, 0x38, 0x24, 0x41, 0xe7, 0x51, 0x27, 0x5a, 0x28, 0x5a,
  0x69, 0x62, 0xe8, 0x51, 0xe8, 0x51, 0x86, 0x39, 0x8a, 0x5a, 0x69, 0x52, 0x69, 0x52, 0x48, 0x52,
  0xe7, 0x59, 0x64, 0x51, 0x60, 0x30, 0xa2, 0x30, 0x00, 0x00, 0x00, 0x00, 0x00, 0x00, 0x00, 0x00,
  0x00, 0x00, 0x00, 0x00, 0x00, 0x00, 0x00, 0x00, 0x00, 0x00, 0x00, 0x00, 0x00, 0x00, 0x04, 0x49,
  0x45, 0x51, 0x04, 0x49, 0xaa, 0x7a, 0x82, 0x28, 0x00, 0x00, 0x00, 0x00, 0x00, 0x00, 0x00, 0x00,
  0x00, 0x00, 0x00, 0x00, 0x00, 0x00, 0x00, 0x00, 0x00, 0x00, 0x00, 0x00, 0x00, 0x00, 0x00, 0x00,
  0x00, 0x00, 0x00, 0x00, 0x00, 0x00, 0x00, 0x00, 0x00, 0x00, 0x00, 0x00, 0x00, 0x00, 0x00, 0x00,
  0x00, 0x00, 0x00, 0x00, 0x00, 0x00, 0x00, 0x00, 0x00, 0x00, 0x00, 0x00, 0x00, 0x00, 0x00, 0x00,
  0x00, 0x00, 0x00, 0x00, 0x00, 0x00, 0x00, 0x00, 0x00, 0x00, 0x00, 0x00, 0x00, 0x00, 0x00, 0x00,
  0x00, 0x00, 0x00, 0x00, 0x00, 0x00, 0x00, 0x00, 0x00, 0x00, 0x00, 0x00, 0x00, 0x00, 0x00, 0x00,
  0x00, 0x00, 0x00, 0x00, 0x00, 0x00, 0x00, 0x00, 0x00, 0x00, 0x00, 0x00, 0x00, 0x00, 0x00, 0x00,
  0x00, 0x00, 0x00, 0x00, 0x00, 0x00, 0x00, 0x00, 0x00, 0x00, 0x00, 0x00, 0x00, 0x00, 0x00, 0x00,
  0x00, 0x00, 0x00, 0x00, 0x00, 0x00, 0x00, 0x00, 0x00, 0x00, 0x00, 0x00, 0x00, 0x00, 0x00, 0x00,
  0x00, 0x00, 0x00, 0x00, 0x00, 0x00, 0x00, 0x00, 0x00, 0x00, 0x00, 0x00, 0x00, 0x00, 0x00, 0x00,
  0x00, 0x00, 0x00, 0x00, 0x00, 0x00, 0x00, 0x00, 0x00, 0x00, 0x00, 0x00, 0x00, 0x00, 0x00, 0x00,
  0x00, 0x00, 0x00, 0x00, 0x00, 0x00, 0x00, 0x00, 0x00, 0x00, 0x00, 0x00, 0x00, 0x00, 0x00, 0x00,
  0x00, 0x00, 0x00, 0x00, 0x00, 0x00, 0x00, 0x00, 0x00, 0x00, 0x00, 0x00, 0x00, 0x00, 0x00, 0x00,
  0x00, 0x00, 0x00, 0x00, 0x00, 0x00, 0x00, 0x00, 0xc3, 0x40, 0x24, 0x49, 0xe3, 0x38, 0x41, 0x18,
  0x00, 0x08, 0x00, 0x00, 0x00, 0x00, 0x00, 0x00, 0x00, 0x18, 0xe4, 0x38, 0x86, 0x41, 0x49, 0x5a,
  0x08, 0x5a, 0xa6, 0x41, 0x86, 0x39, 0xc6, 0x39, 0xa6, 0x39, 0x08, 0x4a, 0xcf, 0x8b, 0x65, 0x39,
  0xa6, 0x39, 0xa6, 0x39, 0xa6, 0x41, 0x86, 0x41, 0x86, 0x41, 0xa7, 0x49, 0x25, 0x41, 0x46, 0x51,
  0xe5, 0x40, 0xe5, 0x38, 0x05, 0x39, 0x65, 0x41, 0x85, 0x49, 0xe7, 0x59, 0xe6, 0x59, 0x03, 0x41,
  0xc3, 0x40, 0xe3, 0x40, 0xc2, 0x40, 0xc3, 0x48, 0xa2, 0x40, 0xc3, 0x48, 0xe3, 0x48, 0x04, 0x51,
  0x86, 0x61, 0x66, 0x59, 0x65, 0x59, 0x65, 0x59, 0x45, 0x59, 0x45, 0x59, 0x45, 0x59, 0x45, 0x51,
  0x65, 0x59, 0xc3, 0x48, 0x62, 0x40, 0x83, 0x48, 0x04, 0x49, 0x24, 0x49, 0x45, 0x51, 0x66, 0x51,
  0xa6, 0x51, 0x66, 0x49, 0x45, 0x49, 0x65, 0x49, 0x24, 0x41, 0x24, 0x49, 0x04, 0x49, 0x03, 0x49,
  0x03, 0x41, 0x03, 0x49, 0x03, 0x49, 0x02, 0x41, 0x02, 0x41, 0x66, 0x6a, 0xd2, 0xdd, 0xb0, 0xd5,
  0x08, 0x9c, 0xae, 0xd5, 0x73, 0xff, 0x72, 0xff, 0x50, 0xe6, 0xe9, 0x9b, 0x07, 0x8b, 0xc7, 0x8a,
  0xa8, 0x82, 0xa5, 0x61, 0xad, 0x9b, 0xee, 0x9b, 0xce, 0x9b, 0x0f, 0xa4, 0xce, 0x9b, 0x4c, 0x8b,
  0x50, 0xa4, 0xf2, 0xbc, 0xb1, 0xb4, 0xc6, 0x59, 0x60, 0x28, 0x68, 0x6a, 0xd6, 0xdd, 0xb5, 0xd5,
  0xb6, 0xd5, 0x91, 0xac, 0xa5, 0x51, 0x44, 0x41, 0x07, 0x52, 0x08, 0x4a, 0xe8, 0x49, 0xc7, 0x49,
  0x64, 0x41, 0xa4, 0x49, 0x44, 0x41, 0x27, 0x62, 0x4d, 0xac, 0x28, 0x83, 0x22, 0x41, 0x23, 0x41,
  0x44, 0x41, 0xe3, 0x38, 0x07, 0x52, 0x07, 0x52, 0xe7, 0x51, 0xc7, 0x49, 0x69, 0x5a, 0x49, 0x5a,
  0x8a, 0x5a, 0x69, 0x5a, 0x29, 0x52, 0xc7, 0x51, 0x41, 0x30, 0x24, 0x51, 0x61, 0x18, 0x00, 0x00,
  0x00, 0x00, 0x00, 0x00, 0x00, 0x00, 0x00, 0x00, 0x00, 0x00, 0x00, 0x00, 0x00, 0x00, 0x00, 0x00,
  0x00, 0x00, 0x00, 0x00, 0xa2, 0x30, 0x24, 0x51, 0x24, 0x51, 0x65, 0x59, 0x41, 0x10, 0x20, 0x08,
  0x00, 0x00, 0x00, 0x00, 0x00, 0x00, 0x00, 0x00, 0x00, 0x00, 0x00, 0x00, 0x00, 0x00, 0x00, 0x00,
  0x00, 0x00, 0x00, 0x00, 0x00, 0x00, 0x00, 0x00, 0x00, 0x00, 0x00, 0x00, 0x00, 0x00, 0x00, 0x00,
  0x00, 0x00, 0x00, 0x00, 0x00, 0x00, 0x00, 0x00, 0x00, 0x00, 0x00, 0x00, 0x00, 0x00, 0x00, 0x00,
  0x00, 0x00, 0x00, 0x00, 0x00, 0x00, 0x00, 0x00, 0x00, 0x00, 0x00, 0x00, 0x00, 0x00, 0x00, 0x00,
  0x00, 0x00, 0x00, 0x00, 0x00, 0x00, 0x00, 0x00, 0x00, 0x00, 0x00, 0x00, 0x00, 0x00, 0x00, 0x00,
  0x00, 0x00, 0x00, 0x00, 0x00, 0x00, 0x00, 0x00, 0x00, 0x00, 0x00, 0x00, 0x00, 0x00, 0x00, 0x00,
  0x00, 0x00, 0x00, 0x00, 0x00, 0x00, 0x00, 0x00, 0x00, 0x00, 0x00, 0x00, 0x00, 0x00, 0x00, 0x00,
  0x00, 0x00, 0x00, 0x00, 0x00, 0x00, 0x00, 0x00, 0x00, 0x00, 0x00, 0x00, 0x00, 0x00, 0x00, 0x00,
  0x00, 0x00, 0x00, 0x00, 0x00, 0x00, 0x00, 0x00, 0x00, 0x00, 0x00, 0x00, 0x00, 0x00, 0x00, 0x00,
  0x00, 0x00, 0x00, 0x00, 0x00, 0x00, 0x00, 0x00, 0x00, 0x00, 0x00, 0x00, 0x00, 0x00, 0x00, 0x00,
  0x00, 0x00, 0x00, 0x00, 0x00, 0x00, 0x00, 0x00, 0x00, 0x00, 0x00, 0x00, 0x00, 0x00, 0x00, 0x00,
  0x00, 0x00, 0x00, 0x00, 0x00, 0x00, 0x00, 0x00, 0x00, 0x00, 0x00, 0x00, 0x00, 0x00, 0x00, 0x00,
  0x00, 0x00, 0x00, 0x00, 0x00, 0x00, 0x00, 0x00, 0x00, 0x00, 0x00, 0x00, 0x00, 0x00, 0x00, 0x00,
  0x41, 0x10, 0x41, 0x10, 0x00, 0x00, 0x00, 0x00, 0x00, 0x00, 0x00, 0x00, 0x00, 0x00, 0x41, 0x10,
  0xa3, 0x30, 0x24, 0x39, 0x65, 0x39, 0x69, 0x5a, 0x29, 0x5a, 0x86, 0x41, 0xa6, 0x39, 0xa6, 0x31,
  0xa6, 0x39, 0xaa, 0x5a, 0xef, 0x8b, 0x65, 0x39, 0x45, 0x31, 0xc6, 0x39, 0xc7, 0x41, 0x86, 0x41,
  0x08, 0x52, 0x6e, 0x83, 0xc7, 0x51, 0x86, 0x49, 0x86, 0x49, 0x66, 0x49, 0x46, 0x41, 0x25, 0x39,
  0xc3, 0x38, 0x86, 0x59, 0x29, 0x6a, 0x28, 0x62, 0x08, 0x5a, 0xe7, 0x51, 0xa5, 0x41, 0x65, 0x41,
  0xe3, 0x38, 0x04, 0x41, 0x04, 0x41, 0x04, 0x41, 0x04, 0x41, 0xe3, 0x40, 0xe3, 0x40, 0xe3, 0x38,
  0xe3, 0x38, 0xe3, 0x38, 0xc3, 0x38, 0xc3, 0x38, 0x45, 0x49, 0x24, 0x41, 0x65, 0x41, 0xe7, 0x49,
  0xa6, 0x41, 0x07, 0x4a, 0x28, 0x52, 0x07, 0x52, 0xc6, 0x49, 0x86, 0x49, 0x25, 0x41, 0xe4, 0x38,
  0x04, 0x41, 0x04, 0x41, 0x24, 0x49, 0x24, 0x49, 0x81, 0x30, 0x23, 0x49, 0x23, 0x49, 0x67, 0x6a,
  0xa3, 0x51, 0xf0, 0xbc, 0xd3, 0xdd, 0x4b, 0xa4, 0xcf, 0xd5, 0x33, 0xff, 0x73, 0xff, 0xad, 0xcd,
  0x09, 0x9c, 0x26, 0x83, 0x27, 0x8b, 0xe7, 0x8a, 0x25, 0x72, 0xc1, 0x40, 0x4c, 0x8b, 0x8d, 0x93,
  0xee, 0x9b, 0x2f, 0xa4, 0x70, 0xac, 0xb1, 0xb4, 0x91, 0xb4, 0x74, 0xcd, 0xb1, 0xb4, 0x85, 0x49,
  0xc2, 0x30, 0xea, 0x7a, 0x17, 0xe6, 0xf3, 0xbc, 0x13, 0xbd, 0xb6, 0xd5, 0xee, 0x93, 0x64, 0x41,
  0xa6, 0x49, 0xe8, 0x51, 0xc8, 0x51, 0xa6, 0x49, 0xc9, 0x72, 0x6b, 0x8b, 0x68, 0x6a, 0x27, 0x6a,
  0x6e, 0xb4, 0x6d, 0xb4, 0x44, 0x62, 0x6a, 0x8b, 0x09, 0x7b, 0x23, 0x39, 0xe4, 0x30, 0x05, 0x39,
  0xe8, 0x59, 0x29, 0x5a, 0x49, 0x52, 0x8a, 0x5a, 0x69, 0x5a, 0x8a, 0x62, 0xa7, 0x51, 0x83, 0x30,
  0x24, 0x49, 0x81, 0x18, 0x00, 0x00, 0x00, 0x00, 0x00, 0x00, 0x00, 0x00, 0x00, 0x00, 0x00, 0x00,
  0x00, 0x00, 0x00, 0x00, 0x00, 0x00, 0x00, 0x00, 0x00, 0x00, 0xa2, 0x30, 0x25, 0x51, 0x65, 0x59,
  0x24, 0x51, 0x41, 0x18, 0x20, 0x10, 0x00, 0x00, 0x00, 0x00, 0x00, 0x00, 0x00, 0x00, 0x00, 0x00,
  0x00, 0x00, 0x00, 0x00, 0x00, 0x00, 0x00, 0x00, 0x00, 0x00, 0x00, 0x00, 0x00, 0x00, 0x00, 0x00,
  0x00, 0x00, 0x00, 0x00, 0x00, 0x00, 0x00, 0x00, 0x00, 0x00, 0x00, 0x00, 0x00, 0x00, 0x00, 0x00,
  0x00, 0x00, 0x00, 0x00, 0x00, 0x00, 0x00, 0x00, 0x00, 0x00, 0x00, 0x00, 0x00, 0x00, 0x00, 0x00,
  0x00, 0x00, 0x00, 0x00, 0x00, 0x00, 0x00, 0x00, 0x00, 0x00, 0x00, 0x00, 0x00, 0x00, 0x00, 0x00,
  0x00, 0x00, 0x00, 0x00, 0x00, 0x00, 0x00, 0x00, 0x00, 0x00, 0x00, 0x00, 0x00, 0x00, 0x00, 0x00,
  0x00, 0x00, 0x00, 0x00, 0x00, 0x00, 0x00, 0x00, 0x00, 0x00, 0x00, 0x00, 0x00, 0x00, 0x00, 0x00,
  0x00, 0x00, 0x00, 0x00, 0x00, 0x00, 0x00, 0x00, 0x00, 0x00, 0x00, 0x00, 0x00, 0x00, 0x00, 0x00,
  0x00, 0x00, 0x00, 0x00, 0x00, 0x00, 0x00, 0x00, 0x00, 0x00, 0x00, 0x00, 0x00, 0x00, 0x00, 0x00,
  0x00, 0x00, 0x00, 0x00, 0x00, 0x00, 0x00, 0x00, 0x00, 0x00, 0x00, 0x00, 0x00, 0x00, 0x00, 0x00,
  0x00, 0x00, 0x00, 0x00, 0x00, 0x00, 0x00, 0x00, 0x00, 0x00, 0x00, 0x00, 0x00, 0x00, 0x00, 0x00,
  0x00, 0x00, 0x00, 0x00, 0x00, 0x00, 0x00, 0x00, 0x00, 0x00, 0x00, 0x00, 0x00, 0x00, 0x00, 0x00,
  0x00, 0x00, 0x00, 0x00, 0x00, 0x00, 0x00, 0x00, 0x00, 0x00, 0x00, 0x00, 0x00, 0x00, 0x00, 0x00,
  0x00, 0x00, 0x00, 0x00, 0x00, 0x00, 0x00, 0x00, 0x00, 0x00, 0x00, 0x00, 0x00, 0x00, 0x00, 0x00,
  0x00, 0x00, 0x00, 0x00, 0x20, 0x08, 0xe3, 0x38, 0xe3, 0x30, 0x65, 0x39, 0x86, 0x39, 0x49, 0x5a,
  0x29, 0x5a, 0xa6, 0x49, 0x65, 0x31, 0x65, 0x29, 0xa6, 0x31, 0x0b, 0x6b, 0xae, 0x83, 0x65, 0x39,
  0xc7, 0x39, 0xe7, 0x41, 0xa6, 0x41, 0x65, 0x39, 0x6d, 0x7b, 0x6e, 0x83, 0x04, 0x31, 0x45, 0x41,
  0x86, 0x49, 0x86, 0x41, 0x65, 0x39, 0x45, 0x39, 0x66, 0x49, 0xc4, 0x38, 0x25, 0x41, 0x28, 0x5a,
  0x49, 0x5a, 0x48, 0x52, 0x07, 0x4a, 0xe7, 0x41, 0xe7, 0x49, 0xe7, 0x49, 0xe7, 0x51, 0xe7, 0x49,
  0xe7, 0x49, 0xe7, 0x49, 0xe7, 0x49, 0xe7, 0x49, 0x07, 0x4a, 0xe7, 0x49, 0xe7, 0x51, 0xe7, 0x51,
  0xa6, 0x49, 0x07, 0x52, 0x28, 0x52, 0x07, 0x4a, 0xa9, 0x5a, 0x07, 0x42, 0x65, 0x31, 0x44, 0x31,
  0x44, 0x31, 0x24, 0x39, 0x24, 0x39, 0x24, 0x39, 0x45, 0x49, 0x86, 0x51, 0x04, 0x41, 0x00, 0x20,
  0x81, 0x30, 0x2b, 0x83, 0xf2, 0xc4, 0x67, 0x6a, 0x49, 0x8b, 0x4d, 0xac, 0xa6, 0x72, 0x65, 0x72,
  0xe8, 0x9b, 0xae, 0xd5, 0xae, 0xcd, 0x29, 0xa4, 0x26, 0x83, 0xc5, 0x7a, 0x06, 0x8b, 0xe6, 0x8a,
  0x82, 0x61, 0xc4, 0x61, 0xae, 0x9b, 0xcf, 0x9b, 0x50, 0xac, 0xd2, 0xbc, 0x54, 0xcd, 0x74, 0xcd,
  0xb5, 0xd5, 0xb5, 0xd5, 0xee, 0x9b, 0x64, 0x49, 0xe2, 0x38, 0x4c, 0x8b, 0xd6, 0xdd, 0x13, 0xc5,
  0xd2, 0xbc, 0xd2, 0xb4, 0xf6, 0xd5, 0x48, 0x62, 0xe3, 0x30, 0x86, 0x49, 0xc7, 0x51, 0x65, 0x49,
  0x4b, 0x83, 0xb0, 0xb4, 0x06, 0x62, 0x47, 0x6a, 0x69, 0x93, 0x88, 0x93, 0x47, 0x83, 0x89, 0x8b,
  0x2d, 0x9c, 0xe6, 0x51, 0xe4, 0x30, 0xe4, 0x30, 0x66, 0x49, 0xe8, 0x59, 0x49, 0x52, 0x8a, 0x52,
  0x69, 0x5a, 0x66, 0x41, 0x05, 0x41, 0x83, 0x38, 0x61, 0x20, 0x00, 0x00, 0x00, 0x00, 0x00, 0x00,
  0x00, 0x00, 0x00, 0x00, 0x00, 0x00, 0x00, 0x00, 0x00, 0x00, 0x00, 0x00, 0x00, 0x00, 0x41, 0x18,
  0x45, 0x59, 0x25, 0x51, 0x24, 0x51, 0xc3, 0x38, 0x41, 0x18, 0x00, 0x00, 0x00, 0x00, 0x00, 0x00,
  0x00, 0x00, 0x00, 0x00, 0x00, 0x00, 0x00, 0x00, 0x00, 0x00, 0x00, 0x00, 0x00, 0x00, 0x00, 0x00,
  0x00, 0x00, 0x00, 0x00, 0x00, 0x00, 0x00, 0x00, 0x00, 0x00, 0x00, 0x00, 0x00, 0x00, 0x00, 0x00,
  0x00, 0x00, 0x00, 0x00, 0x00, 0x00, 0x00, 0x00, 0x00, 0x00, 0x00, 0x00, 0x00, 0x00, 0x00, 0x00,
  0x00, 0x00, 0x00, 0x00, 0x00, 0x00, 0x00, 0x00, 0x00, 0x00, 0x00, 0x00, 0x00, 0x00, 0x00, 0x00,
  0x00, 0x00, 0x00, 0x00, 0x00, 0x00, 0x00, 0x00, 0x00, 0x00, 0x00, 0x00, 0x00, 0x00, 0x00, 0x00,
  0x00, 0x00, 0x00, 0x00, 0x00, 0x00, 0x00, 0x00, 0x00, 0x00, 0x00, 0x00, 0x00, 0x00, 0x00, 0x00,
  0x00, 0x00, 0x00, 0x00, 0x00, 0x00, 0x00, 0x00, 0x00, 0x00, 0x00, 0x00, 0x00, 0x00, 0x00, 0x00,
  0x00, 0x00, 0x00, 0x00, 0x00, 0x00, 0x00, 0x00, 0x00, 0x00, 0x00, 0x00, 0x00, 0x00, 0x00, 0x00,
  0x00, 0x00, 0x00, 0x00, 0x00, 0x00, 0x00, 0x00, 0x00, 0x00, 0x00, 0x00, 0x00, 0x00, 0x00, 0x00,
  0x00, 0x00, 0x00, 0x00, 0x00, 0x00, 0x00, 0x00, 0x00, 0x00, 0x00, 0x00, 0x00, 0x00, 0x00, 0x00,
  0x00, 0x00, 0x00, 0x00, 0x00, 0x00, 0x00, 0x00, 0x00, 0x00, 0x00, 0x00, 0x00, 0x00, 0x00, 0x00,
  0x00, 0x00, 0x00, 0x00, 0x00, 0x00, 0x00, 0x00, 0x00, 0x00, 0x00, 0x00, 0x00, 0x00, 0x00, 0x00,
  0x00, 0x00, 0x00, 0x00, 0x00, 0x00, 0x00, 0x00, 0x00, 0x00, 0x00, 0x00, 0x00, 0x00, 0x00, 0x00,
  0x00, 0x00, 0x00, 0x00, 0x00, 0x00, 0x00, 0x00, 0x00, 0x00, 0x00, 0x00, 0x21, 0x18, 0x82, 0x38,
  0x65, 0x39, 0xa6, 0x39, 0xa6, 0x39, 0x49, 0x5a, 0xcf, 0x93, 0x04, 0x31, 0x07, 0x42, 0x48, 0x42,
  0xa6, 0x31, 0x28, 0x52, 0x08, 0x52, 0x45, 0x39, 0x08, 0x4a, 0xe7, 0x41, 0xa6, 0x41, 0xa6, 0x41,
  0xaa, 0x5a, 0xab, 0x62, 0x66, 0x41, 0x65, 0x41, 0x86, 0x41, 0x86, 0x41, 0x65, 0x39, 0x45, 0x39,
  0x46, 0x41, 0x05, 0x39, 0x25, 0x39, 0x86, 0x41, 0x08, 0x52, 0x08, 0x4a, 0x07, 0x42, 0x07, 0x42,
  0x28, 0x4a, 0x48, 0x4a, 0x69, 0x4a, 0x48, 0x4a, 0x48, 0x4a, 0x48, 0x4a, 0x28, 0x4a, 0x28, 0x42,
  0x28, 0x42, 0x27, 0x42, 0x07, 0x42, 0x07, 0x42, 0xc7, 0x49, 0xe7, 0x51, 0xc7, 0x51, 0x86, 0x49,
  0x44, 0x39, 0xe3, 0x30, 0xe3, 0x30, 0x24, 0x39, 0x85, 0x41, 0x85, 0x41, 0x85, 0x41, 0x85, 0x41,
  0xe3, 0x38, 0x61, 0x28, 0xa2, 0x30, 0x85, 0x49, 0x91, 0xb4, 0xf6, 0xdd, 0x33, 0xc5, 0x84, 0x51,
  0x29, 0x83, 0xa3, 0x51, 0x82, 0x51, 0x61, 0x51, 0xc0, 0x40, 0xc0, 0x38, 0xa2, 0x59, 0x07, 0x83,
  0x28, 0x83, 0x07, 0x83, 0x68, 0x93, 0xe6, 0x8a, 0x04, 0x6a, 0x2a, 0x8b, 0x34, 0xcd, 0x34, 0xc5,
  0x13, 0xc5, 0x34, 0xc5, 0x54, 0xcd, 0x75, 0xcd, 0x95, 0xcd, 0xb6, 0xd5, 0x0b, 0x7b, 0x03, 0x41,
  0x03, 0x41, 0xee, 0x9b, 0x95, 0xcd, 0x33, 0xc5, 0xd2, 0xb4, 0x34, 0xc5, 0x74, 0xcd, 0x95, 0xcd,
  0x44, 0x41, 0x44, 0x41, 0xa5, 0x49, 0x64, 0x49, 0x68, 0x6a, 0x68, 0x6a, 0x26, 0x6a, 0x25, 0x6a,
  0xa8, 0x93, 0x22, 0x62, 0x84, 0x6a, 0x65, 0x6a, 0x8c, 0x8b, 0xca, 0x72, 0x45, 0x41, 0x45, 0x39,
  0x25, 0x39, 0x25, 0x39, 0x45, 0x39, 0x24, 0x31, 0x04, 0x31, 0x25, 0x41, 0x41, 0x18, 0x00, 0x00,
  0x00, 0x00, 0x00, 0x00, 0x00, 0x00, 0x00, 0x00, 0x00, 0x00, 0x00, 0x00, 0x00, 0x00, 0x00, 0x00,
  0x00, 0x00, 0x41, 0x18, 0xa2, 0x30, 0x04, 0x51, 0xe4, 0x50, 0xe3, 0x48, 0x21, 0x18, 0x00, 0x00,
  0x00, 0x00, 0x00, 0x00, 0x00, 0x00, 0x00, 0x00, 0x00, 0x00, 0x00, 0x00, 0x00, 0x00, 0x00, 0x00,
  0x00, 0x00, 0x00, 0x00, 0x00, 0x00, 0x00, 0x00, 0x00, 0x00, 0x00, 0x00, 0x00, 0x00, 0x00, 0x00,
  0x00, 0x00, 0x00, 0x00, 0x00, 0x00, 0x00, 0x00, 0x00, 0x00, 0x00, 0x00, 0x00, 0x00, 0x00, 0x00,
  0x00, 0x00, 0x00, 0x00, 0x00, 0x00, 0x00, 0x00, 0x00, 0x00, 0x00, 0x00, 0x00, 0x00, 0x00, 0x00,
  0x00, 0x00, 0x00, 0x00, 0x00, 0x00, 0x00, 0x00, 0x00, 0x00, 0x00, 0x00, 0x00, 0x00, 0x00, 0x00,
  0x00, 0x00, 0x00, 0x00, 0x00, 0x00, 0x00, 0x00, 0x00, 0x00, 0x00, 0x00, 0x00, 0x00, 0x00, 0x00,
  0x00, 0x00, 0x00, 0x00, 0x00, 0x00, 0x00, 0x00, 0x00, 0x00, 0x00, 0x00, 0x00, 0x00, 0x00, 0x00,
  0x00, 0x00, 0x00, 0x00, 0x00, 0x00, 0x00, 0x00, 0x00, 0x00, 0x00, 0x00, 0x00, 0x00, 0x00, 0x00,
  0x00, 0x00, 0x00, 0x00, 0x00, 0x00, 0x00, 0x00, 0x00, 0x00, 0x00, 0x00, 0x00, 0x00, 0x00, 0x00,
  0x00, 0x00, 0x00, 0x00, 0x00, 0x00, 0x00, 0x00, 0x00, 0x00, 0x00, 0x00, 0x00, 0x00, 0x00, 0x00,
  0x00, 0x00, 0x00, 0x00, 0x00, 0x00, 0x00, 0x00, 0x00, 0x00, 0x00, 0x00, 0x00, 0x00, 0x00, 0x00,
  0x00, 0x00, 0x00, 0x00, 0x00, 0x00, 0x00, 0x00, 0x00, 0x00, 0x00, 0x00, 0x00, 0x00, 0x00, 0x00,
  0x00, 0x00, 0x00, 0x00, 0x00, 0x00, 0x00, 0x00, 0x00, 0x00, 0x00, 0x00, 0x00, 0x00, 0x00, 0x00,
  0x00, 0x00, 0x00, 0x00, 0x00, 0x00, 0x00, 0x00, 0x00, 0x00, 0x00, 0x00, 0x00, 0x00, 0x00, 0x00,
  0x00, 0x00, 0x00, 0x00, 0x41, 0x18, 0xc3, 0x38, 0xa5, 0x39, 0xe6, 0x39, 0xa6, 0x39, 0x49, 0x5a,
  0xaf, 0x93, 0x25, 0x39, 0xa6, 0x39, 0x07, 0x42, 0xa6, 0x39, 0xaa, 0x5a, 0xc7, 0x49, 0x45, 0x39,
  0xe7, 0x41, 0xc7, 0x39, 0xc7, 0x41, 0x49, 0x52, 0x49, 0x5a, 0x04, 0x31, 0x65, 0x39, 0xa6, 0x41,
  0xa6, 0x41, 0x86, 0x41, 0x65, 0x39, 0x45, 0x39, 0x66, 0x41, 0xe4, 0x30, 0xe4, 0x30, 0x66, 0x41,
  0xe7, 0x49, 0x07, 0x42, 0x07, 0x42, 0x28, 0x42, 0x48, 0x42, 0x48, 0x42, 0x68, 0x42, 0x68, 0x42,
  0x68, 0x42, 0x48, 0x42, 0x48, 0x42, 0x48, 0x42, 0x48, 0x42, 0x48, 0x4a, 0x48, 0x4a, 0x28, 0x4a,
  0xa6, 0x41, 0x24, 0x39, 0xe3, 0x38, 0x04, 0x39, 0xa2, 0x30, 0x45, 0x41, 0xa6, 0x49, 0xa6, 0x49,
  0xa6, 0x49, 0x65, 0x41, 0x24, 0x39, 0xe3, 0x30, 0x24, 0x39, 0x65, 0x41, 0x4c, 0x83, 0x95, 0xcd,
  0x74, 0xcd, 0x53, 0xc5, 0x70, 0xac, 0xa4, 0x51, 0xc4, 0x59, 0xc3, 0x59, 0xa3, 0x59, 0x82, 0x51,
  0x46, 0x6a, 0xe5, 0x61, 0xa0, 0x38, 0x83, 0x59, 0x08, 0x83, 0xe7, 0x82, 0xe7, 0x8a, 0x24, 0x6a,
  0xa0, 0x38, 0x73, 0xd5, 0x75, 0xcd, 0x35, 0xc5, 0x75, 0xcd, 0x54, 0xcd, 0x34, 0xc5, 0x13, 0xc5,
  0x54, 0xc5, 0x95, 0xcd, 0x89, 0x6a, 0xa2, 0x30, 0x23, 0x41, 0x50, 0xac, 0x74, 0xcd, 0x54, 0xc5,
  0x54, 0xc5, 0x54, 0xc5, 0xb6, 0xd5, 0x75, 0xcd, 0x8d, 0x8b, 0x44, 0x41, 0x22, 0x41, 0x84, 0x49,
  0x64, 0x49, 0x47, 0x6a, 0x05, 0x62, 0xce, 0xbc, 0x12, 0xe6, 0xa8, 0x93, 0x44, 0x6a, 0x8a, 0x8b,
  0x22, 0x41, 0x84, 0x41, 0x23, 0x39, 0x44, 0x39, 0x24, 0x39, 0xe3, 0x30, 0xe3, 0x30, 0x24, 0x39,
  0x24, 0x41, 0xa3, 0x30, 0x00, 0x00, 0x00, 0x00, 0x00, 0x00, 0x00, 0x00, 0x00, 0x00, 0x00, 0x00,
  0x00, 0x00, 0x00, 0x00, 0x00, 0x00, 0x41, 0x10, 0x82, 0x28, 0x04, 0x49, 0x24, 0x51, 0x24, 0x51,
  0xc3, 0x40, 0x00, 0x00, 0x00, 0x00, 0x00, 0x00, 0x00, 0x00, 0x00, 0x00, 0x00, 0x00, 0x00, 0x00,
  0x00, 0x00, 0x00, 0x00, 0x00, 0x00, 0x00, 0x00, 0x00, 0x00, 0x00, 0x00, 0x00, 0x00, 0x00, 0x00,
  0x00, 0x00, 0x00, 0x00, 0x00, 0x00, 0x00, 0x00, 0x00, 0x00, 0x00, 0x00, 0x00, 0x00, 0x00, 0x00,
  0x00, 0x00, 0x00, 0x00, 0x00, 0x00, 0x00, 0x00, 0x00, 0x00, 0x00, 0x00, 0x00, 0x00, 0x00, 0x00,
  0x00, 0x00, 0x00, 0x00, 0x00, 0x00, 0x00, 0x00, 0x00, 0x00, 0x00, 0x00, 0x00, 0x00, 0x00, 0x00,
  0x00, 0x00, 0x00, 0x00, 0x00, 0x00, 0x00, 0x00, 0x00, 0x00, 0x00, 0x00, 0x00, 0x00, 0x00, 0x00,
  0x00, 0x00, 0x00, 0x00, 0x00, 0x00, 0x00, 0x00, 0x00, 0x00, 0x00, 0x00, 0x00, 0x00, 0x00, 0x00,
  0x00, 0x00, 0x00, 0x00, 0x00, 0x00, 0x00, 0x00, 0x00, 0x00, 0x00, 0x00, 0x00, 0x00, 0x00, 0x00,
  0x00, 0x00, 0x00, 0x00, 0x00, 0x00, 0x00, 0x00, 0x00, 0x00, 0x00, 0x00, 0x00, 0x00, 0x00, 0x00,
  0x00, 0x00, 0x00, 0x00, 0x00, 0x00, 0x00, 0x00, 0x00, 0x00, 0x00, 0x00, 0x00, 0x00, 0x00, 0x00,
  0x00, 0x00, 0x00, 0x00, 0x00, 0x00, 0x00, 0x00, 0x00, 0x00, 0x00, 0x00, 0x00, 0x00, 0x00, 0x00,
  0x00, 0x00, 0x00, 0x00, 0x00, 0x00, 0x00, 0x00, 0x00, 0x00, 0x00, 0x00, 0x00, 0x00, 0x00, 0x00,
  0x00, 0x00, 0x00, 0x00, 0x00, 0x00, 0x00, 0x00, 0x00, 0x00, 0x00, 0x00, 0x00, 0x00, 0x00, 0x00,
  0x00, 0x00, 0x00, 0x00, 0x00, 0x00, 0x00, 0x00, 0x00, 0x00, 0x00, 0x00, 0x00, 0x00, 0x00, 0x00,
  0x00, 0x00, 0x00, 0x00, 0x00, 0x00, 0x00, 0x00, 0x00, 0x00, 0x00, 0x00, 0x41, 0x10, 0xe3, 0x30,
  0xa6, 0x41, 0xe7, 0x41, 0xc6, 0x41, 0x69, 0x5a, 0xab, 0x72, 0x04, 0x39, 0xc6, 0x41, 0xc6, 0x39,
  0xe7, 0x41, 0x69, 0x52, 0x66, 0x39, 0x66, 0x39, 0xc7, 0x39, 0xc7, 0x39, 0xe7, 0x49, 0x08, 0x52,
  0xc7, 0x51, 0x04, 0x39, 0xa6, 0x41, 0xc6, 0x39, 0xe7, 0x41, 0xe7, 0x49, 0x25, 0x39, 0x25, 0x41,
  0x65, 0x41, 0x25, 0x39, 0xe4, 0x38, 0xc7, 0x51, 0x08, 0x4a, 0x28, 0x42, 0x28, 0x42, 0x48, 0x42,
  0x48, 0x42, 0x48, 0x42, 0x68, 0x3a, 0x68, 0x3a, 0x68, 0x42, 0x47, 0x3a, 0x28, 0x42, 0x49, 0x52,
  0x28, 0x4a, 0x28, 0x52, 0xc7, 0x49, 0x45, 0x39, 0xe3, 0x30, 0x04, 0x39, 0x24, 0x39, 0x65, 0x49,
  0xa6, 0x49, 0xc7, 0x51, 0x07, 0x5a, 0xe7, 0x51, 0x85, 0x41, 0x24, 0x39, 0xa2, 0x28, 0x44, 0x39,
  0x48, 0x5a, 0x13, 0xbd, 0x75, 0xc5, 0x54, 0xc5, 0x95, 0xcd, 0xd6, 0xdd, 0xf2, 0xc4, 0x47, 0x6a,
  0xa3, 0x59, 0xa3, 0x59, 0xe7, 0x82, 0x8a, 0x9b, 0x66, 0x72, 0x83, 0x59, 0x62, 0x51, 0x41, 0x49,
  0x86, 0x72, 0x4a, 0x93, 0x26, 0x6a, 0x02, 0x49, 0xce, 0xa3, 0x54, 0xcd, 0xf3, 0xbc, 0x34, 0xc5,
  0x14, 0xbd, 0x34, 0xc5, 0x54, 0xc5, 0x75, 0xcd, 0x54, 0xc5, 0x13, 0xc5, 0x85, 0x51, 0xa2, 0x30,
  0x85, 0x51, 0x34, 0xc5, 0x54, 0xc5, 0x54, 0xc5, 0x34, 0xc5, 0x34, 0xc5, 0x34, 0xc5, 0x34, 0xc5,
  0x75, 0xcd, 0x48, 0x6a, 0xac, 0x93, 0x26, 0x62, 0x66, 0x6a, 0x8f, 0xb4, 0x45, 0x6a, 0x44, 0x62,
  0x85, 0x72, 0x44, 0x62, 0x64, 0x6a, 0xaa, 0x93, 0x66, 0x6a, 0x62, 0x49, 0x45, 0x62, 0x6b, 0x8b,
  0x24, 0x41, 0x24, 0x41, 0x24, 0x41, 0x24, 0x41, 0x41, 0x10, 0x00, 0x00, 0x00, 0x00, 0x00, 0x00,
  0x00, 0x00, 0x00, 0x00, 0x00, 0x00, 0x00, 0x00, 0x00, 0x00, 0x00, 0x00, 0x20, 0x08, 0xc3, 0x30,
  0xe3, 0x48, 0xa2, 0x30, 0x62, 0x20, 0x20, 0x08, 0x00, 0x00, 0x00, 0x00, 0x00, 0x00, 0x00, 0x00,
  0x00, 0x00, 0x00, 0x00, 0x00, 0x00, 0x00, 0x00, 0x00, 0x00, 0x00, 0x00, 0x00, 0x00, 0x00, 0x00,
  0x00, 0x00, 0x00, 0x00, 0x00, 0x00, 0x00, 0x00, 0x00, 0x00, 0x00, 0x00, 0x00, 0x00, 0x00, 0x00,
  0x00, 0x00, 0x00, 0x00, 0x00, 0x00, 0x00, 0x00, 0x00, 0x00, 0x00, 0x00, 0x00, 0x00, 0x00, 0x00,
  0x00, 0x00, 0x00, 0x00, 0x00, 0x00, 0x00, 0x00, 0x00, 0x00, 0x00, 0x00, 0x00, 0x00, 0x00, 0x00,
  0x00, 0x00, 0x00, 0x00, 0x00, 0x00, 0x00, 0x00, 0x00, 0x00, 0x00, 0x00, 0x00, 0x00, 0x00, 0x00,
  0x00, 0x00, 0x00, 0x00, 0x00, 0x00, 0x00, 0x00, 0x00, 0x00, 0x00, 0x00, 0x00, 0x00, 0x00, 0x00,
  0x00, 0x00, 0x00, 0x00, 0x00, 0x00, 0x00, 0x00, 0x00, 0x00, 0x00, 0x00, 0x00, 0x00, 0x00, 0x00,
  0x00, 0x00, 0x00, 0x00, 0x00, 0x00, 0x00, 0x00, 0x00, 0x00, 0x00, 0x00, 0x00, 0x00, 0x00, 0x00,
  0x00, 0x00, 0x00, 0x00, 0x00, 0x00, 0x00, 0x00, 0x00, 0x00, 0x00, 0x00, 0x00, 0x00, 0x00, 0x00,
  0x00, 0x00, 0x00, 0x00, 0x00, 0x00, 0x00, 0x00, 0x00, 0x00, 0x00, 0x00, 0x00, 0x00, 0x00, 0x00,
  0x00, 0x00, 0x00, 0x00, 0x00, 0x00, 0x00, 0x00, 0x00, 0x00, 0x00, 0x00, 0x00, 0x00, 0x00, 0x00,
  0x00, 0x00, 0x00, 0x00, 0x00, 0x00, 0x00, 0x00, 0x00, 0x00, 0x00, 0x00, 0x00, 0x00, 0x00, 0x00,
  0x00, 0x00, 0x00, 0x00, 0x00, 0x00, 0x00, 0x00, 0x00, 0x00, 0x00, 0x00, 0x00, 0x00, 0x00, 0x00,
  0x00, 0x00, 0x00, 0x00, 0x00, 0x00, 0x00, 0x00, 0x00, 0x00, 0x00, 0x00, 0x00, 0x00, 0x00, 0x00,
  0x00, 0x00, 0x00, 0x00, 0x82, 0x28, 0xe3, 0x30, 0xa6, 0x49, 0xe7, 0x49, 0xc6, 0x41, 0x69, 0x5a,
  0xc7, 0x59, 0x04, 0x39, 0xa6, 0x41, 0x07, 0x42, 0xe7, 0x41, 0x28, 0x4a, 0x66, 0x39, 0x86, 0x41,
  0xc7, 0x39, 0xc7, 0x41, 0xe7, 0x49, 0x08, 0x5a, 0x86, 0x51, 0x25, 0x41, 0xa6, 0x41, 0xe7, 0x39,
  0xe7, 0x39, 0xe7, 0x41, 0x04, 0x39, 0x05, 0x41, 0x45, 0x41, 0x25, 0x39, 0xe4, 0x40, 0xc7, 0x51,
  0x08, 0x4a, 0x28, 0x42, 0x28, 0x42, 0x48, 0x42, 0x48, 0x42, 0x48, 0x42, 0x48, 0x42, 0x68, 0x3a,
  0x48, 0x3a, 0x69, 0x4a, 0x28, 0x52, 0xe7, 0x49, 0xc7, 0x49, 0x45, 0x41, 0xe3, 0x30, 0xe4, 0x38,
  0x65, 0x41, 0xa6, 0x49, 0xe7, 0x51, 0xe8, 0x51, 0x07, 0x5a, 0xa6, 0x51, 0x07, 0x5a, 0x24, 0x39,
  0xe3, 0x30, 0x24, 0x39, 0xe7, 0x51, 0x91, 0xa4, 0xd6, 0xcd, 0xd6, 0xcd, 0xd6, 0xd5, 0x54, 0xc5,
  0x33, 0xc5, 0x74, 0xd5, 0x13, 0xcd, 0x8c, 0x93, 0x42, 0x49, 0xc3, 0x59, 0x18, 0xff, 0xb7, 0xfe,
  0xa7, 0x7a, 0x41, 0x51, 0x66, 0x72, 0x83, 0x59, 0x05, 0x6a, 0x46, 0x72, 0x43, 0x51, 0x89, 0x7a,
  0x13, 0xc5, 0x55, 0xcd, 0x14, 0xbd, 0x55, 0xc5, 0x14, 0xbd, 0x34, 0xc5, 0x54, 0xc5, 0x75, 0xcd,
  0x95, 0xcd, 0x71, 0xac, 0xa6, 0x51, 0x81, 0x30, 0x08, 0x62, 0x54, 0xcd, 0x34, 0xc5, 0x54, 0xc5,
  0x34, 0xc5, 0x34, 0xc5, 0x34, 0xc5, 0x34, 0xc5, 0x33, 0xc5, 0x6c, 0x8b, 0x06, 0x62, 0x67, 0x6a,
  0x86, 0x72, 0x8e, 0xb4, 0x65, 0x6a, 0xaa, 0x93, 0xcf, 0xbc, 0xca, 0x93, 0x45, 0x6a, 0x28, 0x83,
  0x69, 0x8b, 0xa6, 0x72, 0xce, 0xb4, 0x8b, 0x93, 0x23, 0x49, 0x24, 0x49, 0x24, 0x41, 0x24, 0x41,
  0xa2, 0x28, 0x00, 0x00, 0x00, 0x00, 0x00, 0x00, 0x00, 0x00, 0x00, 0x00, 0x00, 0x00, 0x00, 0x00,
  0x00, 0x00, 0x00, 0x00, 0x00, 0x00, 0x00, 0x00, 0x00, 0x00, 0x00, 0x00, 0x00, 0x00, 0x00, 0x00,
  0x00, 0x00, 0x00, 0x00, 0x00, 0x00, 0x00, 0x00, 0x00, 0x00, 0x00, 0x00, 0x00, 0x00, 0x00, 0x00,
  0x00, 0x00, 0x00, 0x00, 0x00, 0x00, 0x00, 0x00, 0x00, 0x00, 0x00, 0x00, 0x00, 0x00, 0x00, 0x00,
  0x00, 0x00, 0x00, 0x00, 0x00, 0x00, 0x00, 0x00, 0x00, 0x00, 0x00, 0x00, 0x00, 0x00, 0x00, 0x00,
  0x00, 0x00, 0x00, 0x00, 0x00, 0x00, 0x00, 0x00, 0x00, 0x00, 0x00, 0x00, 0x00, 0x00, 0x00, 0x00,
  0x00, 0x00, 0x00, 0x00, 0x00, 0x00, 0x00, 0x00, 0x00, 0x00, 0x00, 0x00, 0x00, 0x00, 0x00, 0x00,
  0x00, 0x00, 0x00, 0x00, 0x00, 0x00, 0x00, 0x00, 0x00, 0x00, 0x00, 0x00, 0x00, 0x00, 0x00, 0x00,
  0x00, 0x00, 0x00, 0x00, 0x00, 0x00, 0x00, 0x00, 0x00, 0x00, 0x00, 0x00, 0x00, 0x00, 0x00, 0x00,
  0x00, 0x00, 0x00, 0x00, 0x00, 0x00, 0x00, 0x00, 0x00, 0x00, 0x00, 0x00, 0x00, 0x00, 0x00, 0x00,
  0x00, 0x00, 0x00, 0x00, 0x00, 0x00, 0x00, 0x00, 0x00, 0x00, 0x00, 0x00, 0x00, 0x00, 0x00, 0x00,
  0x00, 0x00, 0x00, 0x00, 0x00, 0x00, 0x00, 0x00, 0x00, 0x00, 0x00, 0x00, 0x00, 0x00, 0x00, 0x00,
  0x00, 0x00, 0x00, 0x00, 0x00, 0x00, 0x00, 0x00, 0x00, 0x00, 0x00, 0x00, 0x00, 0x00, 0x00, 0x00,
  0x00, 0x00, 0x00, 0x00, 0x00, 0x00, 0x00, 0x00, 0x00, 0x00, 0x00, 0x00, 0x00, 0x00, 0x00, 0x00,
  0x00, 0x00, 0x00, 0x00, 0x00, 0x00, 0x00, 0x00, 0x00, 0x00, 0x00, 0x00, 0x00, 0x00, 0x00, 0x00,
  0x00, 0x00, 0x00, 0x00, 0x00, 0x00, 0x00, 0x00, 0x00, 0x00, 0x00, 0x00, 0x00, 0x00, 0x00, 0x00,
  0x00, 0x00, 0x00, 0x00, 0x00, 0x00, 0x00, 0x00, 0x00, 0x00, 0x00, 0x00, 0x82, 0x28, 0xe3, 0x30,
  0xa6, 0x49, 0xe7, 0x49, 0xc6, 0x41, 0x49, 0x62, 0xe4, 0x38, 0xe4, 0x38, 0xa6, 0x41, 0x48, 0x4a,
  0x07, 0x42, 0xc7, 0x41, 0x66, 0x39, 0x86, 0x41, 0xc7, 0x39, 0xc7, 0x41, 0xe7, 0x49, 0x08, 0x52,
  0x25, 0x41, 0x66, 0x49, 0xa6, 0x41, 0x07, 0x42, 0xa6, 0x39, 0xa6, 0x41, 0xe4, 0x38, 0xe4, 0x40,
  0x45, 0x41, 0x25, 0x39, 0xe4, 0x38, 0xc7, 0x51, 0x08, 0x4a, 0x28, 0x4a, 0x28, 0x42, 0x28, 0x42,
  0x48, 0x42, 0x28, 0x4a, 0x48, 0x42, 0x48, 0x42, 0xe7, 0x41, 0xe7, 0x49, 0xc7, 0x49, 0x45, 0x41,
  0xc4, 0x38, 0xc3, 0x38, 0x45, 0x41, 0xc7, 0x49, 0x07, 0x52, 0x08, 0x52, 0x07, 0x52, 0x07, 0x52,
  0x28, 0x5a, 0x86, 0x49, 0x65, 0x41, 0x45, 0x41, 0x85, 0x49, 0xce, 0x93, 0x74, 0xc5, 0xb5, 0xcd,
  0x37, 0xde, 0x54, 0xbd, 0x95, 0xcd, 0x33, 0xbd, 0xf2, 0xbc, 0x53, 0xcd, 0x13, 0xc5, 0x70, 0xb4,
  0xa4, 0x59, 0x63, 0x51, 0xb7, 0xfe, 0xf8, 0xfe, 0xe8, 0x82, 0x01, 0x49, 0xe8, 0x82, 0x66, 0x72,
  0x84, 0x59, 0xa0, 0x38, 0xa5, 0x59, 0x54, 0xcd, 0x54, 0xc5, 0x95, 0xcd, 0x34, 0xbd, 0x55, 0xc5,
  0x14, 0xbd, 0x34, 0xc5, 0x54, 0xc5, 0x75, 0xcd, 0xb6, 0xd5, 0xef, 0x9b, 0x24, 0x41, 0xa2, 0x30,
  0xcb, 0x72, 0x75, 0xcd, 0x14, 0xbd, 0x34, 0xc5, 0x34, 0xc5, 0x34, 0xc5, 0x34, 0xc5, 0x34, 0xc5,
  0x54, 0xcd, 0xd1, 0xbc, 0x88, 0x72, 0xb0, 0xb4, 0x8b, 0x93, 0x42, 0x49, 0x41, 0x49, 0x49, 0x8b,
  0x33, 0xe6, 0xaa, 0x9b, 0x45, 0x6a, 0x20, 0x41, 0x68, 0x93, 0xb1, 0xd5, 0xae, 0xbc, 0x42, 0x49,
  0x23, 0x49, 0x24, 0x41, 0x24, 0x41, 0x24, 0x41, 0x24, 0x41, 0x04, 0x41, 0x41, 0x18, 0x00, 0x00,
  0x00, 0x00, 0x00, 0x00, 0x00, 0x00, 0x00, 0x00, 0x00, 0x00, 0x00, 0x00, 0x00, 0x00, 0x00, 0x00,
  0x00, 0x00, 0x00, 0x00, 0x00, 0x00, 0x00, 0x00, 0x00, 0x00, 0x00, 0x00, 0x00, 0x00, 0x00, 0x00,
  0x00, 0x00, 0x00, 0x00, 0x00, 0x00, 0x00, 0x00, 0x00, 0x00, 0x00, 0x00, 0x00, 0x00, 0x00, 0x00,
  0x00, 0x00, 0x00, 0x00, 0x00, 0x00, 0x00, 0x00, 0x00, 0x00, 0x00, 0x00, 0x00, 0x00, 0x00, 0x00,
  0x00, 0x00, 0x00, 0x00, 0x00, 0x00, 0x00, 0x00, 0x00, 0x00, 0x00, 0x00, 0x00, 0x00, 0x00, 0x00,
  0x00, 0x00, 0x00, 0x00, 0x00, 0x00, 0x00, 0x00, 0x00, 0x00, 0x00, 0x00, 0x00, 0x00, 0x00, 0x00,
  0x00, 0x00, 0x00, 0x00, 0x00, 0x00, 0x00, 0x00, 0x00, 0x00, 0x00, 0x00, 0x00, 0x00, 0x00, 0x00,
  0x00, 0x00, 0x00, 0x00, 0x00, 0x00, 0x00, 0x00, 0x00, 0x00, 0x00, 0x00, 0x00, 0x00, 0x00, 0x00,
  0x00, 0x00, 0x00, 0x00, 0x00, 0x00, 0x00, 0x00, 0x00, 0x00, 0x00, 0x00, 0x00, 0x00, 0x00, 0x00,
  0x00, 0x00, 0x00, 0x00, 0x00, 0x00, 0x00, 0x00, 0x00, 0x00, 0x00, 0x00, 0x00, 0x00, 0x00, 0x00,
  0x00, 0x00, 0x00, 0x00, 0x00, 0x00, 0x00, 0x00, 0x00, 0x00, 0x00, 0x00, 0x00, 0x00, 0x00, 0x00,
  0x00, 0x00, 0x00, 0x00, 0x00, 0x00, 0x00, 0x00, 0x00, 0x00, 0x00, 0x00, 0x00, 0x00, 0x00, 0x00,
  0x00, 0x00, 0x00, 0x00, 0x00, 0x00, 0x00, 0x00, 0x00, 0x00, 0x00, 0x00, 0x00, 0x00, 0x00, 0x00,
  0x00, 0x00, 0x00, 0x00, 0x00, 0x00, 0x00, 0x00, 0x00, 0x00, 0x00, 0x00, 0x00, 0x00, 0x00, 0x00,
  0x00, 0x00, 0x00, 0x00, 0x00, 0x00, 0x00, 0x00, 0x00, 0x00, 0x00, 0x00, 0x00, 0x00, 0x00, 0x00,
  0x00, 0x00, 0x00, 0x00, 0x00, 0x00, 0x00, 0x00, 0x00, 0x00, 0x00, 0x00, 0x00, 0x00, 0x00, 0x00,
  0x00, 0x00, 0xe4, 0x40, 0xc3, 0x38, 0xe3, 0x30, 0xa6, 0x49, 0xc6, 0x41, 0xc6, 0x49, 0x49, 0x62,
  0xe4, 0x38, 0xc3, 0x30, 0xa6, 0x41, 0x07, 0x42, 0xa6, 0x39, 0xc7, 0x41, 0x86, 0x41, 0xa7, 0x41,
  0xc7, 0x39, 0xe7, 0x39, 0xe7, 0x41, 0x28, 0x52, 0xe4, 0x30, 0xa7, 0x49, 0xc6, 0x41, 0x07, 0x4a,
  0x86, 0x39, 0x86, 0x41, 0xc3, 0x38, 0xc3, 0x38, 0x45, 0x41, 0x25, 0x41, 0x04, 0x39, 0xe7, 0x51,
  0x08, 0x4a, 0x28, 0x4a, 0x28, 0x42, 0x28, 0x42, 0x28, 0x4a, 0x28, 0x4a, 0x28, 0x4a, 0x28, 0x4a,
  0xa6, 0x41, 0x25, 0x39, 0xe4, 0x30, 0xe4, 0x38, 0x25, 0x41, 0xa7, 0x51, 0x08, 0x5a, 0x08, 0x52,
  0xc7, 0x49, 0xc7, 0x49, 0xc6, 0x49, 0xc6, 0x49, 0xc2, 0x30, 0xc3, 0x30, 0x03, 0x39, 0x6d, 0x83,
  0x54, 0xc5, 0x74, 0xc5, 0x37, 0xde, 0xf2, 0xb4, 0xf2, 0xac, 0x13, 0xbd, 0x54, 0xc5, 0x33, 0xbd,
  0x33, 0xc5, 0x33, 0xc5, 0xd1, 0xbc, 0x4f, 0xb4, 0xed, 0xa3, 0x63, 0x51, 0x42, 0x49, 0x87, 0x72,
  0x01, 0x41, 0x01, 0x41, 0xa8, 0x7a, 0x62, 0x51, 0xa4, 0x59, 0x4b, 0x8b, 0x53, 0xcd, 0x54, 0xcd,
  0x74, 0xcd, 0xb6, 0xcd, 0x34, 0xbd, 0x55, 0xc5, 0x34, 0xbd, 0x34, 0xbd, 0x54, 0xc5, 0x75, 0xcd,
  0xb6, 0xd5, 0xef, 0x9b, 0x61, 0x28, 0x03, 0x39, 0x4d, 0x83, 0x96, 0xd5, 0xf3, 0xbc, 0x34, 0xc5,
  0x34, 0xc5, 0x34, 0xc5, 0x34, 0xc5, 0x55, 0xcd, 0x95, 0xd5, 0x75, 0xd5, 0x4c, 0x8b, 0x67, 0x6a,
  0xac, 0x93, 0xcc, 0x9b, 0x21, 0x49, 0x66, 0x72, 0x8e, 0xb4, 0x45, 0x6a, 0x25, 0x6a, 0x8a, 0x93,
  0x8e, 0xb4, 0xce, 0xbc, 0x41, 0x49, 0x42, 0x49, 0x24, 0x41, 0x25, 0x41, 0x24, 0x39, 0x24, 0x39,
  0x24, 0x39, 0x24, 0x39, 0x04, 0x41, 0x41, 0x18, 0x00, 0x00, 0x00, 0x00, 0x00, 0x00, 0x00, 0x00,
  0x00, 0x00, 0x00, 0x00, 0x00, 0x00, 0x00, 0x00, 0x00, 0x00, 0x00, 0x00, 0x00, 0x00, 0x00, 0x00,
  0x00, 0x00, 0x00, 0x00, 0x00, 0x00, 0x00, 0x00, 0x00, 0x00, 0x00, 0x00, 0x00, 0x00, 0x00, 0x00,
  0x00, 0x00, 0x00, 0x00, 0x00, 0x00, 0x00, 0x00, 0x00, 0x00, 0x00, 0x00, 0x00, 0x00, 0x00, 0x00,
  0x00, 0x00, 0x00, 0x00, 0x00, 0x00, 0x00, 0x00, 0x00, 0x00, 0x00, 0x00, 0x00, 0x00, 0x00, 0x00,
  0x00, 0x00, 0x00, 0x00, 0x00, 0x00, 0x00, 0x00, 0x00, 0x00, 0x00, 0x00, 0x00, 0x00, 0x00, 0x00,
  0x00, 0x00, 0x00, 0x00, 0x00, 0x00, 0x00, 0x00, 0x00, 0x00, 0x00, 0x00, 0x00, 0x00, 0x00, 0x00,
  0x00, 0x00, 0x00, 0x00, 0x00, 0x00, 0x00, 0x00, 0x00, 0x00, 0x00, 0x00, 0x00, 0x00, 0x00, 0x00,
  0x00, 0x00, 0x00, 0x00, 0x00, 0x00, 0x00, 0x00, 0x00, 0x00, 0x00, 0x00, 0x00, 0x00, 0x00, 0x00,
  0x00, 0x00, 0x00, 0x00, 0x00, 0x00, 0x00, 0x00, 0x00, 0x00, 0x00, 0x00, 0x00, 0x00, 0x00, 0x00,
  0x00, 0x00, 0x00, 0x00, 0x00, 0x00, 0x00, 0x00, 0x00, 0x00, 0x00, 0x00, 0x00, 0x00, 0x00, 0x00,
  0x00, 0x00, 0x00, 0x00, 0x00, 0x00, 0x00, 0x00, 0x00, 0x00, 0x00, 0x00, 0x00, 0x00, 0x00, 0x00,
  0x00, 0x00, 0x00, 0x00, 0x00, 0x00, 0x00, 0x00, 0x00, 0x00, 0x00, 0x00, 0x00, 0x00, 0x00, 0x00,
  0x00, 0x00, 0x00, 0x00, 0x00, 0x00, 0x00, 0x00, 0x00, 0x00, 0x00, 0x00, 0x00, 0x00, 0x00, 0x00,
  0x00, 0x00, 0x00, 0x00, 0x00, 0x00, 0x00, 0x00, 0x00, 0x00, 0x00, 0x00, 0x00, 0x00, 0x00, 0x00,
  0x00, 0x00, 0x00, 0x00, 0x00, 0x00, 0x00, 0x00, 0x00, 0x00, 0x00, 0x00, 0x00, 0x00, 0x00, 0x00,
  0x00, 0x00, 0x00, 0x00, 0x00, 0x00, 0x00, 0x00, 0x62, 0x38, 0xc3, 0x38, 0xc6, 0x51, 0xc3, 0x30,
  0xa6, 0x49, 0xc6, 0x41, 0xa6, 0x41, 0xa6, 0x49, 0x25, 0x49, 0x04, 0x41, 0x08, 0x4a, 0xc6, 0x39,
  0xe7, 0x39, 0xc7, 0x39, 0x86, 0x41, 0xa7, 0x41, 0xc7, 0x41, 0xe7, 0x39, 0xa6, 0x39, 0x86, 0x39,
  0xa6, 0x41, 0xa6, 0x41, 0xc6, 0x41, 0xa6, 0x41, 0xe7, 0x49, 0x66, 0x41, 0x04, 0x41, 0x05, 0x49,
  0x46, 0x49, 0xc4, 0x38, 0xc3, 0x30, 0xe7, 0x49, 0x08, 0x4a, 0x28, 0x4a, 0x28, 0x42, 0x28, 0x42,
  0x28, 0x4a, 0x08, 0x4a, 0x28, 0x4a, 0x08, 0x4a, 0x25, 0x39, 0xc4, 0x38, 0x66, 0x41, 0xa6, 0x49,
  0x07, 0x4a, 0x28, 0x52, 0x29, 0x5a, 0x45, 0x49, 0x66, 0x49, 0xa3, 0x30, 0xc3, 0x30, 0xa2, 0x28,
  0xe3, 0x38, 0x8d, 0x8b, 0x75, 0xc5, 0x54, 0xc5, 0x34, 0xbd, 0x34, 0xbd, 0x54, 0xbd, 0x54, 0xbd,
  0x54, 0xbd, 0x54, 0xbd, 0x54, 0xc5, 0x33, 0xc5, 0x54, 0xcd, 0xf2, 0xc4, 0x91, 0xb4, 0xee, 0xa3,
  0xcd, 0x9b, 0xac, 0x93, 0x88, 0x72, 0x63, 0x49, 0xc4, 0x51, 0x87, 0x6a, 0x87, 0x72, 0x4b, 0x8b,
  0x6f, 0xac, 0xf1, 0xbc, 0x74, 0xcd, 0x74, 0xcd, 0x13, 0xbd, 0x74, 0xbd, 0x95, 0xc5, 0x75, 0xbd,
  0x34, 0xbd, 0x75, 0xc5, 0x75, 0xcd, 0x54, 0xc5, 0xd6, 0xd5, 0xaa, 0x72, 0xe3, 0x30, 0x85, 0x49,
  0x0f, 0x9c, 0x96, 0xcd, 0x34, 0xc5, 0x34, 0xc5, 0x34, 0xc5, 0x55, 0xcd, 0xf4, 0xbc, 0x75, 0xcd,
  0x55, 0xcd, 0x34, 0xc5, 0x34, 0xcd, 0x68, 0x6a, 0x63, 0x49, 0xb0, 0xb4, 0x6f, 0xb4, 0xe1, 0x40,
  0xc0, 0x38, 0x42, 0x49, 0xf0, 0xbc, 0xf4, 0xdd, 0xe5, 0x59, 0xc0, 0x38, 0xc0, 0x38, 0x02, 0x41,
  0x65, 0x49, 0x45, 0x41, 0x25, 0x39, 0x45, 0x31, 0x45, 0x31, 0x45, 0x31, 0xe4, 0x30, 0xc3, 0x30,
  0x61, 0x20, 0x00, 0x00, 0x00, 0x00, 0x00, 0x00, 0x00, 0x00, 0x00, 0x00, 0x00, 0x00, 0x00, 0x00,
  0x00, 0x00, 0x00, 0x00, 0x00, 0x00, 0x00, 0x00, 0x00, 0x00, 0x00, 0x00, 0x00, 0x00, 0x00, 0x00,
  0x00, 0x00, 0x00, 0x00, 0x00, 0x00, 0x00, 0x00, 0x00, 0x00, 0x00, 0x00, 0x00, 0x00, 0x00, 0x00,
  0x00, 0x00, 0x00, 0x00, 0x00, 0x00, 0x00, 0x00, 0x00, 0x00, 0x00, 0x00, 0x00, 0x00, 0x00, 0x00,
  0x00, 0x00, 0x00, 0x00, 0x00, 0x00, 0x00, 0x00, 0x00, 0x00, 0x00, 0x00, 0x00, 0x00, 0x00, 0x00,
  0x00, 0x00, 0x00, 0x00, 0x00, 0x00, 0x00, 0x00, 0x00, 0x00, 0x00, 0x00, 0x00, 0x00, 0x00, 0x00,
  0x00, 0x00, 0x00, 0x00, 0x00, 0x00, 0x00, 0x00, 0x00, 0x00, 0x00, 0x00, 0x00, 0x00, 0x00, 0x00,
  0x00, 0x00, 0x00, 0x00, 0x00, 0x00, 0x00, 0x00, 0x00, 0x00, 0x00, 0x00, 0x00, 0x00, 0x00, 0x00,
  0x00, 0x00, 0x00, 0x00, 0x00, 0x00, 0x00, 0x00, 0x00, 0x00, 0x00, 0x00, 0x00, 0x00, 0x00, 0x00,
  0x00, 0x00, 0x00, 0x00, 0x00, 0x00, 0x00, 0x00, 0x00, 0x00, 0x00, 0x00, 0x00, 0x00, 0x00, 0x00,
  0x00, 0x00, 0x00, 0x00, 0x00, 0x00, 0x00, 0x00, 0x00, 0x00, 0x00, 0x00, 0x00, 0x00, 0x00, 0x00,
  0x00, 0x00, 0x00, 0x00, 0x00, 0x00, 0x00, 0x00, 0x00, 0x00, 0x00, 0x00, 0x00, 0x00, 0x00, 0x00,
  0x00, 0x00, 0x00, 0x00, 0x00, 0x00, 0x00, 0x00, 0x00, 0x00, 0x00, 0x00, 0x00, 0x00, 0x00, 0x00,
  0x00, 0x00, 0x00, 0x00, 0x00, 0x00, 0x00, 0x00, 0x00, 0x00, 0x00, 0x00, 0x00, 0x00, 0x00, 0x00,
  0x00, 0x00, 0x00, 0x00, 0x00, 0x00, 0x00, 0x00, 0x00, 0x00, 0x00, 0x00, 0x00, 0x00, 0x00, 0x00,
  0x00, 0x00, 0x00, 0x00, 0x00, 0x00, 0x00, 0x00, 0x00, 0x00, 0x00, 0x00, 0x00, 0x00, 0x41, 0x20,
  0x82, 0x30, 0x28, 0x62, 0x48, 0x62, 0x44, 0x41, 0xa6, 0x49, 0xc6, 0x41, 0xa6, 0x41, 0xa6, 0x49,
  0x25, 0x41, 0x25, 0x41, 0xe7, 0x49, 0xe7, 0x41, 0xe7, 0x39, 0xc7, 0x39, 0xa6, 0x41, 0xa7, 0x41,
  0xe7, 0x39, 0xe7, 0x39, 0xa6, 0x39, 0xa6, 0x39, 0xc6, 0x39, 0xc7, 0x39, 0xc6, 0x41, 0xa6, 0x41,
  0xc7, 0x49, 0xe4, 0x38, 0xc4, 0x40, 0x87, 0x59, 0x25, 0x49, 0xc3, 0x38, 0x86, 0x41, 0xe7, 0x41,
  0x08, 0x4a, 0x28, 0x4a, 0x28, 0x42, 0x28, 0x42, 0x28, 0x4a, 0x28, 0x4a, 0x28, 0x4a, 0x08, 0x4a,
  0x04, 0x41, 0xe4, 0x40, 0xc7, 0x49, 0x28, 0x52, 0x07, 0x4a, 0x07, 0x4a, 0x24, 0x39, 0x24, 0x41,
  0x04, 0x41, 0x25, 0x41, 0x82, 0x30, 0xcb, 0x72, 0xd2, 0xb4, 0xd6, 0xd5, 0xb6, 0xcd, 0xb6, 0xcd,
  0x34, 0xbd, 0x34, 0xbd, 0x54, 0xbd, 0x54, 0xbd, 0x54, 0xbd, 0x53, 0xbd, 0x54, 0xc5, 0x33, 0xc5,
  0x54, 0xc5, 0x13, 0xc5, 0xad, 0x93, 0x4c, 0x8b, 0xcd, 0x9b, 0xf1, 0xbc, 0x94, 0xcd, 0xb4, 0xcd,
  0x73, 0xcd, 0x73, 0xcd, 0x32, 0xc5, 0x32, 0xc5, 0x73, 0xcd, 0x73, 0xcd, 0x74, 0xcd, 0x74, 0xc5,
  0x95, 0xc5, 0x54, 0xbd, 0x54, 0xbd, 0xd6, 0xcd, 0xf7, 0xd5, 0x17, 0xd6, 0x75, 0xc5, 0x91, 0xac,
  0x89, 0x6a, 0x69, 0x62, 0xe3, 0x30, 0xe3, 0x30, 0x91, 0xac, 0x96, 0xd5, 0x14, 0xc5, 0x75, 0xcd,
  0x54, 0xc5, 0x34, 0xc5, 0x75, 0xcd, 0x55, 0xcd, 0x55, 0xcd, 0x55, 0xcd, 0x75, 0xcd, 0x34, 0xcd,
  0x64, 0x49, 0x27, 0x6a, 0x26, 0x6a, 0x63, 0x49, 0x43, 0x41, 0x64, 0x49, 0x42, 0x41, 0xa4, 0x49,
  0x64, 0x49, 0xc2, 0x30, 0xe2, 0x38, 0xc2, 0x30, 0x45, 0x49, 0x46, 0x41, 0x45, 0x31, 0x45, 0x29,
  0x65, 0x29, 0x65, 0x31, 0x45, 0x31, 0x05, 0x39, 0x04, 0x41, 0x41, 0x20, 0x00, 0x00, 0x00, 0x00,
  0x00, 0x00, 0x00, 0x00, 0x00, 0x00, 0x00, 0x00, 0x00, 0x00, 0x00, 0x00, 0x00, 0x00, 0x00, 0x00,
  0x00, 0x00, 0x00, 0x00, 0x00, 0x00, 0x00, 0x00, 0x00, 0x00, 0x00, 0x00, 0x00, 0x00, 0x00, 0x00,
  0x00, 0x00, 0x00, 0x00, 0x00, 0x00, 0x00, 0x00, 0x00, 0x00, 0x00, 0x00, 0x00, 0x00, 0x00, 0x00,
  0x00, 0x00, 0x00, 0x00, 0x00, 0x00, 0x00, 0x00, 0x00, 0x00, 0x00, 0x00, 0x00, 0x00, 0x00, 0x00,
  0x00, 0x00, 0x00, 0x00, 0x00, 0x00, 0x00, 0x00, 0x00, 0x00, 0x00, 0x00, 0x00, 0x00, 0x00, 0x00,
  0x00, 0x00, 0x00, 0x00, 0x00, 0x00, 0x00, 0x00, 0x00, 0x00, 0x00, 0x00, 0x00, 0x00, 0x00, 0x00,
  0x00, 0x00, 0x00, 0x00, 0x00, 0x00, 0x00, 0x00, 0x00, 0x00, 0x00, 0x00, 0x00, 0x00, 0x00, 0x00,
  0x00, 0x00, 0x00, 0x00, 0x00, 0x00, 0x00, 0x00, 0x00, 0x00, 0x00, 0x00, 0x00, 0x00, 0x00, 0x00,
  0x00, 0x00, 0x00, 0x00, 0x00, 0x00, 0x00, 0x00, 0x00, 0x00, 0x00, 0x00, 0x00, 0x00, 0x00, 0x00,
  0x00, 0x00, 0x00, 0x00, 0x00, 0x00, 0x00, 0x00, 0x00, 0x00, 0x00, 0x00, 0x00, 0x00, 0x00, 0x00,
  0x00, 0x00, 0x00, 0x00, 0x00, 0x00, 0x00, 0x00, 0x00, 0x00, 0x00, 0x00, 0x00, 0x00, 0x00, 0x00,
  0x00, 0x00, 0x00, 0x00, 0x00, 0x00, 0x00, 0x00, 0x00, 0x00, 0x00, 0x00, 0x00, 0x00, 0x00, 0x00,
  0x00, 0x00, 0x00, 0x00, 0x00, 0x00, 0x00, 0x00, 0x00, 0x00, 0x00, 0x00, 0x00, 0x00, 0x00, 0x00,
  0x00, 0x00, 0x00, 0x00, 0x00, 0x00, 0x00, 0x00, 0x00, 0x00, 0x00, 0x00, 0x00, 0x00, 0x00, 0x00,
  0x00, 0x00, 0x00, 0x00, 0x00, 0x00, 0x00, 0x00, 0x00, 0x00, 0x00, 0x00, 0x00, 0x00, 0x00, 0x00,
  0x00, 0x00, 0x00, 0x08, 0x20, 0x08, 0xc3, 0x38, 0x24, 0x39, 0xeb, 0x72, 0xaa, 0x6a, 0xc6, 0x51,
  0xa6, 0x49, 0xc6, 0x41, 0xa6, 0x41, 0xa6, 0x49, 0x05, 0x41, 0x46, 0x49, 0xa6, 0x41, 0xe7, 0x41,
  0xe7, 0x39, 0xc7, 0x39, 0xa6, 0x41, 0xa7, 0x41, 0xe7, 0x39, 0xe7, 0x39, 0xa6, 0x39, 0xa6, 0x39,
  0xc6, 0x39, 0xc7, 0x39, 0xc6, 0x39, 0xa6, 0x41, 0x86, 0x49, 0xa4, 0x38, 0xa4, 0x38, 0x66, 0x51,
  0xc4, 0x40, 0xe4, 0x38, 0xe7, 0x49, 0x07, 0x42, 0x08, 0x4a, 0x28, 0x4a, 0x28, 0x42, 0x28, 0x42,
  0x28, 0x42, 0x28, 0x42, 0x28, 0x42, 0x28, 0x4a, 0x04, 0x41, 0xe4, 0x40, 0xe7, 0x49, 0x48, 0x52,
  0xa6, 0x49, 0xa6, 0x49, 0x24, 0x39, 0x25, 0x41, 0x04, 0x39, 0x24, 0x41, 0x65, 0x41, 0xd2, 0xb4,
  0xb6, 0xcd, 0x33, 0xbd, 0x95, 0xcd, 0x54, 0xc5, 0x33, 0xbd, 0x33, 0xbd, 0x53, 0xbd, 0x53, 0xbd,
  0x53, 0xbd, 0x53, 0xbd, 0x54, 0xc5, 0x54, 0xc5, 0x74, 0xcd, 0x91, 0xb4, 0xca, 0x7a, 0x0e, 0xa4,
  0x12, 0xbd, 0x53, 0xc5, 0x53, 0xc5, 0x12, 0xbd, 0x53, 0xc5, 0x33, 0xbd, 0x94, 0xcd, 0x73, 0xcd,
  0x93, 0xcd, 0x73, 0xc5, 0x73, 0xc5, 0x74, 0xbd, 0xd5, 0xcd, 0xf6, 0xcd, 0x75, 0xbd, 0xd2, 0xa4,
  0x8e, 0x83, 0x69, 0x62, 0x65, 0x41, 0x44, 0x41, 0xe3, 0x30, 0x44, 0x41, 0x24, 0x39, 0xe3, 0x38,
  0x51, 0xa4, 0xb6, 0xd5, 0x14, 0xbd, 0x14, 0xbd, 0x0c, 0x83, 0x45, 0x49, 0x71, 0xac, 0x14, 0xc5,
  0x55, 0xcd, 0x96, 0xd5, 0x34, 0xc5, 0x58, 0xee, 0x2f, 0xac, 0x00, 0x20, 0xa1, 0x38, 0xa5, 0x51,
  0x85, 0x49, 0x86, 0x41, 0xa6, 0x49, 0x45, 0x39, 0x24, 0x39, 0x24, 0x39, 0x65, 0x41, 0xe3, 0x30,
  0x25, 0x41, 0x66, 0x41, 0x45, 0x31, 0x45, 0x29, 0x65, 0x29, 0x86, 0x29, 0x86, 0x31, 0x86, 0x39,
  0x24, 0x41, 0x04, 0x49, 0x41, 0x28, 0x00, 0x00, 0x00, 0x00, 0x00, 0x00, 0x00, 0x00, 0x00, 0x00,
  0x00, 0x00, 0x00, 0x00, 0x00, 0x00, 0x00, 0x00, 0x00, 0x00, 0x00, 0x00, 0x00, 0x00, 0x00, 0x00,
  0x00, 0x00, 0x00, 0x00, 0x00, 0x00, 0x00, 0x00, 0x00, 0x00, 0x00, 0x00, 0x00, 0x00, 0x00, 0x00,
  0x00, 0x00, 0x00, 0x00, 0x00, 0x00, 0x00, 0x00, 0x00, 0x00, 0x00, 0x00, 0x00, 0x00, 0x00, 0x00,
  0x00, 0x00, 0x00, 0x00, 0x00, 0x00, 0x00, 0x00, 0x00, 0x00, 0x00, 0x00, 0x00, 0x00, 0x00, 0x00,
  0x00, 0x00, 0x00, 0x00, 0x00, 0x00, 0x00, 0x00, 0x00, 0x00, 0x00, 0x00, 0x00, 0x00, 0x00, 0x00,
  0x00, 0x00, 0x00, 0x00, 0x00, 0x00, 0x00, 0x00, 0x00, 0x00, 0x00, 0x00, 0x00, 0x00, 0x00, 0x00,
  0x00, 0x00, 0x00, 0x00, 0x00, 0x00, 0x00, 0x00, 0x00, 0x00, 0x00, 0x00, 0x00, 0x00, 0x00, 0x00,
  0x00, 0x00, 0x00, 0x00, 0x00, 0x00, 0x00, 0x00, 0x00, 0x00, 0x00, 0x00, 0x00, 0x00, 0x00, 0x00,
  0x00, 0x00, 0x00, 0x00, 0x00, 0x00, 0x00, 0x00, 0x00, 0x00, 0x00, 0x00, 0x00, 0x00, 0x00, 0x00,
  0x00, 0x00, 0x00, 0x00, 0x00, 0x00, 0x00, 0x00, 0x00, 0x00, 0x00, 0x00, 0x00, 0x00, 0x00, 0x00,
  0x00, 0x00, 0x00, 0x00, 0x00, 0x00, 0x00, 0x00, 0x00, 0x00, 0x00, 0x00, 0x00, 0x00, 0x00, 0x00,
  0x00, 0x00, 0x00, 0x00, 0x00, 0x00, 0x00, 0x00, 0x00, 0x00, 0x00, 0x00, 0x00, 0x00, 0x00, 0x00,
  0x00, 0x00, 0x00, 0x00, 0x00, 0x00, 0x00, 0x00, 0x00, 0x00, 0x00, 0x00, 0x00, 0x00, 0x00, 0x00,
  0x00, 0x00, 0x00, 0x00, 0x00, 0x00, 0x00, 0x00, 0x00, 0x00, 0x00, 0x00, 0x00, 0x00, 0x00, 0x00,
  0x00, 0x00, 0x00, 0x00, 0x00, 0x00, 0x00, 0x00, 0x00, 0x00, 0x00, 0x20, 0x82, 0x30, 0x86, 0x49,
  0x89, 0x62, 0xeb, 0x72, 0x07, 0x5a, 0xc3, 0x30, 0xa6, 0x49, 0xa6, 0x41, 0xa6, 0x41, 0xa6, 0x49,
  0x05, 0x39, 0x66, 0x49, 0xa6, 0x41, 0xe7, 0x41, 0xc7, 0x41, 0xa7, 0x41, 0xa6, 0x41, 0xa7, 0x41,
  0xe7, 0x41, 0xe7, 0x39, 0xa6, 0x39, 0xa6, 0x39, 0xc6, 0x39, 0xc7, 0x39, 0xc7, 0x39, 0xa7, 0x41,
  0x66, 0x49, 0xe5, 0x40, 0xa4, 0x38, 0xa4, 0x38, 0xc3, 0x38, 0x86, 0x49, 0xc7, 0x41, 0x28, 0x4a,
  0x28, 0x4a, 0x28, 0x4a, 0x28, 0x42, 0x28, 0x42, 0x28, 0x42, 0x28, 0x42, 0x48, 0x42, 0x28, 0x4a,
  0x24, 0x41, 0xc3, 0x38, 0x86, 0x41, 0xa6, 0x41, 0x24, 0x39, 0x86, 0x49, 0x08, 0x5a, 0x65, 0x41,
  0x24, 0x39, 0x03, 0x31, 0x2c, 0x7b, 0x75, 0xc5, 0x75, 0xc5, 0x54, 0xc5, 0x13, 0xbd, 0x33, 0xbd,
  0x33, 0xbd, 0x33, 0xbd, 0x33, 0xbd, 0x53, 0xbd, 0x53, 0xbd, 0x33, 0xbd, 0x54, 0xc5, 0x54, 0xc5,
  0x13, 0xbd, 0x0b, 0x83, 0x4c, 0x83, 0x13, 0xc5, 0x54, 0xc5, 0x33, 0xc5, 0x33, 0xbd, 0x53, 0xc5,
  0x74, 0xc5, 0x13, 0xbd, 0x94, 0xcd, 0x53, 0xbd, 0x73, 0xc5, 0x73, 0xc5, 0x74, 0xbd, 0x74, 0xbd,
  0xb1, 0xa4, 0xcd, 0x83, 0xca, 0x62, 0x27, 0x52, 0x44, 0x31, 0x24, 0x31, 0x64, 0x39, 0xc6, 0x49,
  0x07, 0x52, 0x44, 0x39, 0xe7, 0x51, 0x04, 0x39, 0x28, 0x62, 0x34, 0xbd, 0xb6, 0xcd, 0xb6, 0xd5,
  0x10, 0xa4, 0x82, 0x30, 0x28, 0x62, 0xf3, 0xbc, 0x14, 0xc5, 0x55, 0xcd, 0x55, 0xcd, 0x95, 0xd5,
  0x13, 0xc5, 0x6d, 0x93, 0xa1, 0x38, 0x64, 0x49, 0xa6, 0x49, 0xe8, 0x49, 0xc8, 0x49, 0x46, 0x39,
  0x45, 0x31, 0xa6, 0x41, 0x08, 0x52, 0x25, 0x31, 0x05, 0x39, 0x46, 0x39, 0x45, 0x31, 0x45, 0x29,
  0x65, 0x29, 0x86, 0x29, 0xa7, 0x31, 0xc7, 0x41, 0x25, 0x41, 0x04, 0x49, 0xe4, 0x48, 0x41, 0x28,
  0x00, 0x00, 0x00, 0x00, 0x00, 0x00, 0x00, 0x00, 0x00, 0x00, 0x00, 0x00, 0x00, 0x00, 0x00, 0x00,
  0x00, 0x00, 0x00, 0x00, 0x00, 0x00, 0x00, 0x00, 0x00, 0x00, 0x00, 0x00, 0x00, 0x00, 0x00, 0x00,
  0x00, 0x00, 0x00, 0x00, 0x00, 0x00, 0x00, 0x00, 0x00, 0x00, 0x00, 0x00, 0x00, 0x00, 0x00, 0x00,
  0x00, 0x00, 0x00, 0x00, 0x00, 0x00, 0x00, 0x00, 0x00, 0x00, 0x00, 0x00, 0x00, 0x00, 0x00, 0x00,
  0x00, 0x00, 0x00, 0x00, 0x00, 0x00, 0x00, 0x00, 0x00, 0x00, 0x00, 0x00, 0x00, 0x00, 0x00, 0x00,
  0x00, 0x00, 0x00, 0x00, 0x00, 0x00, 0x00, 0x00, 0x00, 0x00, 0x00, 0x00, 0x00, 0x00, 0x00, 0x00,
  0x00, 0x00, 0x00, 0x00, 0x00, 0x00, 0x00, 0x00, 0x00, 0x00, 0x00, 0x00, 0x00, 0x00, 0x00, 0x00,
  0x00, 0x00, 0x00, 0x00, 0x00, 0x00, 0x00, 0x00, 0x00, 0x00, 0x00, 0x00, 0x00, 0x00, 0x00, 0x00,
  0x00, 0x00, 0x00, 0x00, 0x00, 0x00, 0x00, 0x00, 0x00, 0x00, 0x00, 0x00, 0x00, 0x00, 0x00, 0x00,
  0x00, 0x00, 0x00, 0x00, 0x00, 0x00, 0x00, 0x00, 0x00, 0x00, 0x00, 0x00, 0x00, 0x00, 0x00, 0x00,
  0x00, 0x00, 0x00, 0x00, 0x00, 0x00, 0x00, 0x00, 0x00, 0x00, 0x00, 0x00, 0x00, 0x00, 0x00, 0x00,
  0x00, 0x00, 0x00, 0x00, 0x00, 0x00, 0x00, 0x00, 0x00, 0x00, 0x00, 0x00, 0x00, 0x00, 0x00, 0x00,
  0x00, 0x00, 0x00, 0x00, 0x00, 0x00, 0x00, 0x00, 0x00, 0x00, 0x00, 0x00, 0x00, 0x00, 0x00, 0x00,
  0x00, 0x00, 0x00, 0x00, 0x00, 0x00, 0x00, 0x00, 0x00, 0x00, 0x00, 0x00, 0x00, 0x00, 0x00, 0x00,
  0x00, 0x00, 0x00, 0x00, 0x00, 0x00, 0x00, 0x00, 0x00, 0x00, 0x00, 0x00, 0x00, 0x00, 0x00, 0x08,
  0x41, 0x20, 0xc3, 0x40, 0x85, 0x49, 0x27, 0x52, 0x2b, 0x73, 0x68, 0x62, 0x45, 0x51, 0xc3, 0x40,
  0xa6, 0x49, 0xa7, 0x49, 0xa7, 0x49, 0xa7, 0x49, 0xa7, 0x49, 0x87, 0x41, 0xa7, 0x41, 0xc8, 0x41,
  0xe8, 0x49, 0xe7, 0x49, 0xc7, 0x49, 0xc7, 0x41, 0xa6, 0x39, 0xa6, 0x39, 0xc7, 0x39, 0xc7, 0x41,
  0xe7, 0x39, 0xe7, 0x39, 0xe7, 0x41, 0xc7, 0x49, 0x87, 0x51, 0x63, 0x30, 0xc4, 0x38, 0x05, 0x39,
  0x49, 0x5a, 0x08, 0x4a, 0x08, 0x42, 0x28, 0x42, 0x28, 0x4a, 0x28, 0x4a, 0x28, 0x42, 0x28, 0x42,
  0x27, 0x4a, 0x07, 0x42, 0x48, 0x42, 0x68, 0x4a, 0x44, 0x39, 0xc3, 0x38, 0x25, 0x41, 0x24, 0x41,
  0xe3, 0x30, 0x69, 0x6a, 0xca, 0x72, 0x85, 0x41, 0x44, 0x39, 0x44, 0x39, 0xf2, 0xb4, 0xd6, 0xcd,
  0x34, 0xbd, 0x34, 0xbd, 0x34, 0xbd, 0x34, 0xbd, 0x33, 0xbd, 0x33, 0xbd, 0x33, 0xbd, 0x33, 0xbd,
  0x33, 0xbd, 0x33, 0xbd, 0x54, 0xc5, 0x54, 0xc5, 0x6d, 0x8b, 0x0b, 0x83, 0x54, 0xcd, 0x34, 0xc5,
  0x54, 0xc5, 0x54, 0xc5, 0x74, 0xc5, 0x54, 0xc5, 0x54, 0xbd, 0x74, 0xc5, 0xb5, 0xc5, 0x54, 0xbd,
  0xf6, 0xd5, 0x33, 0xb5, 0x0f, 0x94, 0x88, 0x62, 0xa5, 0x41, 0x03, 0x29, 0x44, 0x31, 0x65, 0x39,
  0xc6, 0x49, 0xc6, 0x49, 0xa5, 0x49, 0x85, 0x41, 0x07, 0x52, 0x86, 0x41, 0xe7, 0x51, 0x24, 0x39,
  0x45, 0x41, 0xce, 0x93, 0x95, 0xcd, 0x75, 0xcd, 0x92, 0xb4, 0xa6, 0x59, 0x04, 0x41, 0xae, 0x9b,
  0xf3, 0xbc, 0x96, 0xd5, 0x34, 0xc5, 0x75, 0xcd, 0x34, 0xc5, 0xef, 0xa3, 0xe7, 0x61, 0x65, 0x49,
  0xa6, 0x51, 0xc7, 0x51, 0xc7, 0x51, 0xe4, 0x30, 0xc7, 0x49, 0xc7, 0x49, 0xc7, 0x49, 0xc7, 0x49,
  0x46, 0x41, 0x05, 0x31, 0xe4, 0x28, 0x25, 0x31, 0x65, 0x31, 0x86, 0x31, 0xa6, 0x31, 0xc7, 0x39,
  0x24, 0x39, 0x24, 0x41, 0x24, 0x41, 0x04, 0x49, 0x61, 0x20, 0x00, 0x00, 0x00, 0x00, 0x00, 0x00,
  0x00, 0x00, 0x00, 0x00, 0x00, 0x00, 0x00, 0x00, 0x00, 0x00, 0x00, 0x00, 0x00, 0x00, 0x00, 0x00,
  0x00, 0x00, 0x00, 0x00, 0x00, 0x00, 0x00, 0x00, 0x00, 0x00, 0x00, 0x00, 0x00, 0x00, 0x00, 0x00,
  0x00, 0x00, 0x00, 0x00, 0x00, 0x00, 0x00, 0x00, 0x00, 0x00, 0x00, 0x00, 0x00, 0x00, 0x00, 0x00,
  0x00, 0x00, 0x00, 0x00, 0x00, 0x00, 0x00, 0x00, 0x00, 0x00, 0x00, 0x00, 0x00, 0x00, 0x00, 0x00,
  0x00, 0x00, 0x00, 0x00, 0x00, 0x00, 0x00, 0x00, 0x00, 0x00, 0x00, 0x00, 0x00, 0x00, 0x00, 0x00,
  0x00, 0x00, 0x00, 0x00, 0x00, 0x00, 0x00, 0x00, 0x00, 0x00, 0x00, 0x00, 0x00, 0x00, 0x00, 0x00,
  0x00, 0x00, 0x00, 0x00, 0x00, 0x00, 0x00, 0x00, 0x00, 0x00, 0x00, 0x00, 0x00, 0x00, 0x00, 0x00,
  0x00, 0x00, 0x00, 0x00, 0x00, 0x00, 0x00, 0x00, 0x00, 0x00, 0x00, 0x00, 0x00, 0x00, 0x00, 0x00,
  0x00, 0x00, 0x00, 0x00, 0x00, 0x00, 0x00, 0x00, 0x00, 0x00, 0x00, 0x00, 0x00, 0x00, 0x00, 0x00,
  0x00, 0x00, 0x00, 0x00, 0x00, 0x00, 0x00, 0x00, 0x00, 0x00, 0x00, 0x00, 0x00, 0x00, 0x00, 0x00,
  0x00, 0x00, 0x00, 0x00, 0x00, 0x00, 0x00, 0x00, 0x00, 0x00, 0x00, 0x00, 0x00, 0x00, 0x00, 0x00,
  0x00, 0x00, 0x00, 0x00, 0x00, 0x00, 0x00, 0x00, 0x00, 0x00, 0x00, 0x00, 0x00, 0x00, 0x00, 0x00,
  0x00, 0x00, 0x00, 0x00, 0x00, 0x00, 0x00, 0x00, 0x00, 0x00, 0x00, 0x00, 0x00, 0x00, 0x00, 0x00,
  0x00, 0x00, 0x00, 0x00, 0x00, 0x00, 0x00, 0x00, 0x00, 0x00, 0x00, 0x00, 0x00, 0x00, 0x00, 0x00,
  0x00, 0x00, 0x00, 0x00, 0x00, 0x00, 0x20, 0x10, 0x82, 0x40, 0x08, 0x6a, 0xeb, 0x7a, 0x0b, 0x73,
  0xca, 0x6a, 0xa6, 0x51, 0xa3, 0x40, 0x82, 0x38, 0x86, 0x49, 0xa6, 0x41, 0xa7, 0x41, 0xa7, 0x41,
  0xa7, 0x41, 0xa7, 0x41, 0xa7, 0x41, 0xa7, 0x41, 0xc7, 0x41, 0xc7, 0x41, 0xe7, 0x49, 0xe7, 0x49,
  0xe7, 0x41, 0xe7, 0x41, 0xe7, 0x41, 0xe7, 0x41, 0x08, 0x42, 0x08, 0x42, 0xe8, 0x49, 0xc8, 0x49,
  0x26, 0x49, 0x83, 0x30, 0x25, 0x41, 0xc7, 0x49, 0x69, 0x52, 0x28, 0x42, 0x08, 0x42, 0x28, 0x42,
  0x28, 0x4a, 0x28, 0x4a, 0x28, 0x42, 0x28, 0x42, 0x28, 0x42, 0x07, 0x42, 0x27, 0x42, 0x07, 0x4a,
  0x65, 0x41, 0x24, 0x41, 0x04, 0x41, 0xa2, 0x30, 0x84, 0x49, 0xc9, 0x72, 0xa9, 0x6a, 0xa5, 0x49,
  0x81, 0x28, 0x69, 0x62, 0xd5, 0xcd, 0xd5, 0xcd, 0x33, 0xbd, 0x34, 0xbd, 0x34, 0xbd, 0x34, 0xbd,
  0x33, 0xbd, 0x33, 0xbd, 0x33, 0xbd, 0x33, 0xbd, 0x54, 0xc5, 0xb5, 0xcd, 0x33, 0xbd, 0xea, 0x72,
  0x48, 0x62, 0xd2, 0xbc, 0x34, 0xc5, 0x74, 0xc5, 0x54, 0xc5, 0x54, 0xc5, 0x54, 0xc5, 0x74, 0xc5,
  0x74, 0xc5, 0x54, 0xbd, 0x74, 0xbd, 0x33, 0xb5, 0x2f, 0x94, 0x89, 0x62, 0x84, 0x39, 0xa5, 0x41,
  0x07, 0x4a, 0xc6, 0x41, 0x48, 0x52, 0x07, 0x52, 0x08, 0x52, 0xe7, 0x51, 0xc6, 0x49, 0xa5, 0x49,
  0x65, 0x41, 0x44, 0x39, 0x65, 0x41, 0x45, 0x39, 0x04, 0x31, 0x28, 0x5a, 0x34, 0xbd, 0xb6, 0xd5,
  0x55, 0xcd, 0xcf, 0x9b, 0x41, 0x28, 0x65, 0x51, 0x30, 0xa4, 0x54, 0xc5, 0x54, 0xc5, 0x34, 0xc5,
  0x34, 0xc5, 0x34, 0xc5, 0x51, 0xac, 0x04, 0x41, 0x04, 0x41, 0x65, 0x49, 0x45, 0x41, 0x45, 0x41,
  0xa6, 0x49, 0xa6, 0x41, 0xa6, 0x41, 0xa6, 0x41, 0x46, 0x41, 0x05, 0x39, 0x05, 0x39, 0x25, 0x39,
  0x45, 0x31, 0x45, 0x31, 0x66, 0x31, 0x86, 0x39, 0x45, 0x39, 0x45, 0x41, 0x44, 0x41, 0x44, 0x41,
  0x44, 0x49, 0x61, 0x20, 0x00, 0x00, 0x00, 0x00, 0x00, 0x00, 0x00, 0x00, 0x00, 0x00, 0x00, 0x00,
  0x00, 0x00, 0x00, 0x00, 0x00, 0x00, 0x00, 0x00, 0x00, 0x00, 0x00, 0x00, 0x00, 0x00, 0x00, 0x00,
  0x00, 0x00, 0x00, 0x00, 0x00, 0x00, 0x00, 0x00, 0x00, 0x00, 0x00, 0x00, 0x00, 0x00, 0x00, 0x00,
  0x00, 0x00, 0x00, 0x00, 0x00, 0x00, 0x00, 0x00, 0x00, 0x00, 0x00, 0x00, 0x00, 0x00, 0x00, 0x00,
  0x00, 0x00, 0x00, 0x00, 0x00, 0x00, 0x00, 0x00, 0x00, 0x00, 0x00, 0x00, 0x00, 0x00, 0x00, 0x00,
  0x00, 0x00, 0x00, 0x00, 0x00, 0x00, 0x00, 0x00, 0x00, 0x00, 0x00, 0x00, 0x00, 0x00, 0x00, 0x00,
  0x00, 0x00, 0x00, 0x00, 0x00, 0x00, 0x00, 0x00, 0x00, 0x00, 0x00, 0x00, 0x00, 0x00, 0x00, 0x00,
  0x00, 0x00, 0x00, 0x00, 0x00, 0x00, 0x00, 0x00, 0x00, 0x00, 0x00, 0x00, 0x00, 0x00, 0x00, 0x00,
  0x00, 0x00, 0x00, 0x00, 0x00, 0x00, 0x00, 0x00, 0x00, 0x00, 0x00, 0x00, 0x00, 0x00, 0x00, 0x00,
  0x00, 0x00, 0x00, 0x00, 0x00, 0x00, 0x00, 0x00, 0x00, 0x00, 0x00, 0x00, 0x00, 0x00, 0x00, 0x00,
  0x00, 0x00, 0x00, 0x00, 0x00, 0x00, 0x00, 0x00, 0x00, 0x00, 0x00, 0x00, 0x00, 0x00, 0x00, 0x00,
  0x00, 0x00, 0x00, 0x00, 0x00, 0x00, 0x00, 0x00, 0x00, 0x00, 0x00, 0x00, 0x00, 0x00, 0x00, 0x00,
  0x00, 0x00, 0x00, 0x00, 0x00, 0x00, 0x00, 0x00, 0x00, 0x00, 0x00, 0x00, 0x00, 0x00, 0x00, 0x00,
  0x00, 0x00, 0x00, 0x00, 0x00, 0x00, 0x00, 0x00, 0x00, 0x00, 0x00, 0x00, 0x00, 0x00, 0x00, 0x00,
  0x00, 0x00, 0x00, 0x00, 0x00, 0x00, 0x00, 0x00, 0x00, 0x00, 0x41, 0x18, 0x82, 0x30, 0xc3, 0x40,
  0x44, 0x49, 0x8a, 0x72, 0x04, 0x49, 0xc3, 0x40, 0x24, 0x49, 0x04, 0x49, 0xc2, 0x28, 0x44, 0x41,
  0x84, 0x41, 0x84, 0x39, 0x85, 0x39, 0x86, 0x39, 0x86, 0x39, 0x87, 0x39, 0x87, 0x39, 0x87, 0x39,
  0xe8, 0x49, 0x66, 0x39, 0xa7, 0x41, 0x6a, 0x5a, 0x08, 0x4a, 0x08, 0x4a, 0x08, 0x4a, 0x08, 0x4a,
  0x08, 0x4a, 0xe7, 0x49, 0xc7, 0x41, 0x87, 0x49, 0x26, 0x49, 0x63, 0x30, 0x87, 0x49, 0xab, 0x62,
  0x69, 0x52, 0x28, 0x42, 0x07, 0x42, 0x28, 0x42, 0x28, 0x42, 0x28, 0x42, 0x28, 0x42, 0x28, 0x42,
  0x48, 0x4a, 0x28, 0x4a, 0xc6, 0x49, 0x45, 0x41, 0x45, 0x41, 0x45, 0x41, 0x24, 0x41, 0x64, 0x49,
  0xee, 0xb4, 0xa9, 0x83, 0xa3, 0x49, 0xa4, 0x49, 0xa1, 0x28, 0xad, 0x8b, 0xf6, 0xd5, 0x53, 0xbd,
  0x33, 0xbd, 0x34, 0xbd, 0x34, 0xbd, 0x34, 0xbd, 0x33, 0xbd, 0x33, 0xbd, 0x33, 0xbd, 0x33, 0xbd,
  0x53, 0xc5, 0xf6, 0xd5, 0x2b, 0x83, 0xa9, 0x72, 0xb1, 0xb4, 0x54, 0xc5, 0x54, 0xc5, 0x75, 0xcd,
  0x54, 0xc5, 0x54, 0xc5, 0x54, 0xc5, 0x74, 0xbd, 0x95, 0xc5, 0xf3, 0xb4, 0x91, 0xa4, 0x65, 0x41,
  0xc2, 0x28, 0xc2, 0x28, 0xe6, 0x49, 0x8c, 0x7b, 0x27, 0x52, 0x65, 0x39, 0xa6, 0x41, 0x86, 0x41,
  0xe7, 0x49, 0xc7, 0x49, 0xc6, 0x49, 0xa5, 0x49, 0x85, 0x49, 0x07, 0x5a, 0xa5, 0x41, 0x65, 0x41,
  0xa6, 0x49, 0x65, 0x41, 0x30, 0x9c, 0x75, 0xcd, 0xb6, 0xd5, 0xd3, 0xbc, 0x28, 0x6a, 0xa2, 0x38,
  0xaa, 0x7a, 0x70, 0xac, 0x13, 0xbd, 0x13, 0xbd, 0x54, 0xcd, 0x34, 0xc5, 0x95, 0xcd, 0x2c, 0x83,
  0xc3, 0x38, 0x45, 0x41, 0xa6, 0x51, 0x44, 0x39, 0x24, 0x39, 0x24, 0x31, 0x24, 0x31, 0x24, 0x31,
  0x25, 0x39, 0xc4, 0x30, 0x05, 0x39, 0x05, 0x39, 0x45, 0x39, 0x25, 0x39, 0x45, 0x39, 0x65, 0x39,
  0x65, 0x39, 0x65, 0x39, 0x65, 0x39, 0x65, 0x41, 0x24, 0x41, 0xc2, 0x40, 0x20, 0x28, 0x00, 0x00,
  0x00, 0x00, 0x00, 0x00, 0x00, 0x00, 0x00, 0x00, 0x00, 0x00, 0x00, 0x00, 0x00, 0x00, 0x00, 0x00,
  0x00, 0x00, 0x00, 0x00, 0x00, 0x00, 0x00, 0x00, 0x00, 0x00, 0x00, 0x00, 0x00, 0x00, 0x00, 0x00,
  0x00, 0x00, 0x00, 0x00, 0x00, 0x00, 0x00, 0x00, 0x00, 0x00, 0x00, 0x00, 0x00, 0x00, 0x00, 0x00,
  0x00, 0x00, 0x00, 0x00, 0x00, 0x00, 0x00, 0x00, 0x00, 0x00, 0x00, 0x00, 0x00, 0x00, 0x00, 0x00,
  0x00, 0x00, 0x00, 0x00, 0x00, 0x00, 0x00, 0x00, 0x00, 0x00, 0x00, 0x00, 0x00, 0x00, 0x00, 0x00,
  0x00, 0x00, 0x00, 0x00, 0x00, 0x00, 0x00, 0x00, 0x00, 0x00, 0x00, 0x00, 0x00, 0x00, 0x00, 0x00,
  0x00, 0x00, 0x00, 0x00, 0x00, 0x00, 0x00, 0x00, 0x00, 0x00, 0x00, 0x00, 0x00, 0x00, 0x00, 0x00,
  0x00, 0x00, 0x00, 0x00, 0x00, 0x00, 0x00, 0x00, 0x00, 0x00, 0x00, 0x00, 0x00, 0x00, 0x00, 0x00,
  0x00, 0x00, 0x00, 0x00, 0x00, 0x00, 0x00, 0x00, 0x00, 0x00, 0x00, 0x00, 0x00, 0x00, 0x00, 0x00,
  0x00, 0x00, 0x00, 0x00, 0x00, 0x00, 0x00, 0x00, 0x00, 0x00, 0x00, 0x00, 0x00, 0x00, 0x00, 0x00,
  0x00, 0x00, 0x00, 0x00, 0x00, 0x00, 0x00, 0x00, 0x00, 0x00, 0x00, 0x00, 0x00, 0x00, 0x00, 0x00,
  0x00, 0x00, 0x00, 0x00, 0x00, 0x00, 0x00, 0x00, 0x00, 0x00, 0x00, 0x00, 0x00, 0x00, 0x00, 0x00,
  0x00, 0x00, 0x00, 0x00, 0x00, 0x00, 0x00, 0x00, 0x00, 0x00, 0x00, 0x00, 0x00, 0x00, 0x00, 0x00,
  0x00, 0x00, 0x00, 0x00, 0x00, 0x00, 0x00, 0x00, 0x00, 0x00, 0x00, 0x00, 0x00, 0x00, 0x20, 0x08,
  0x41, 0x20, 0x62, 0x38, 0x05, 0x51, 0xe8, 0x69, 0x49, 0x6a, 0xc6, 0x59, 0x45, 0x51, 0xc3, 0x48,
  0x62, 0x30, 0x00, 0x00, 0x00, 0x00, 0xa2, 0x20, 0x64, 0x39, 0x84, 0x39, 0x84, 0x39, 0x65, 0x39,
  0x66, 0x39, 0x66, 0x39, 0x66, 0x39, 0x67, 0x39, 0x46, 0x31, 0xc8, 0x41, 0x29, 0x52, 0x08, 0x4a,
  0x08, 0x4a, 0x08, 0x4a, 0x08, 0x4a, 0x08, 0x4a, 0x86, 0x41, 0x86, 0x41, 0x66, 0x41, 0x45, 0x41,
  0x83, 0x30, 0x45, 0x49, 0xaa, 0x6a, 0xeb, 0x62, 0x69, 0x52, 0x28, 0x42, 0x07, 0x42, 0x28, 0x42,
  0x28, 0x42, 0x28, 0x42, 0x28, 0x42, 0x28, 0x42, 0x48, 0x4a, 0x28, 0x52, 0xa6, 0x49, 0xc3, 0x38,
  0x24, 0x41, 0x24, 0x41, 0x65, 0x49, 0xe9, 0x7a, 0xb4, 0xee, 0xcc, 0xac, 0xc3, 0x49, 0xa4, 0x49,
  0x03, 0x39, 0xae, 0x8b, 0xb4, 0xcd, 0xb4, 0xcd, 0x33, 0xbd, 0x34, 0xbd, 0x34, 0xbd, 0x34, 0xbd,
  0x33, 0xbd, 0x33, 0xbd, 0x33, 0xbd, 0x33, 0xbd, 0x33, 0xbd, 0x0e, 0x94, 0xca, 0x72, 0x0f, 0x9c,
  0x50, 0xa4, 0x34, 0xc5, 0x54, 0xc5, 0x75, 0xcd, 0x54, 0xc5, 0x54, 0xc5, 0x54, 0xc5, 0x74, 0xbd,
  0xb6, 0xcd, 0x69, 0x62, 0x81, 0x20, 0xa1, 0x20, 0x64, 0x39, 0x85, 0x41, 0x48, 0x52, 0x2b, 0x73,
  0xe7, 0x49, 0x65, 0x39, 0xe7, 0x49, 0xe7, 0x49, 0xa5, 0x41, 0x84, 0x41, 0x62, 0x41, 0x41, 0x39,
  0x86, 0x62, 0x8b, 0x83, 0x88, 0x62, 0x64, 0x41, 0x85, 0x41, 0x45, 0x41, 0xeb, 0x72, 0x54, 0xc5,
  0xf3, 0xbc, 0x92, 0xb4, 0xae, 0x9b, 0x04, 0x49, 0x24, 0x49, 0x2c, 0x8b, 0x91, 0xb4, 0x34, 0xc5,
  0xd6, 0xd5, 0x95, 0xcd, 0x74, 0xc5, 0xf2, 0xb4, 0x89, 0x6a, 0xa2, 0x28, 0xa6, 0x49, 0x85, 0x49,
  0x86, 0x41, 0xa6, 0x41, 0xa6, 0x41, 0xa6, 0x39, 0x86, 0x41, 0xa7, 0x49, 0xc7, 0x49, 0xa7, 0x49,
  0x65, 0x41, 0x45, 0x39, 0x45, 0x39, 0x45, 0x39, 0x86, 0x41, 0x66, 0x41, 0x86, 0x39, 0x86, 0x41,
  0xa6, 0x51, 0x04, 0x41, 0xc3, 0x40, 0x82, 0x38, 0x00, 0x00, 0x00, 0x00, 0x00, 0x00, 0x00, 0x00,
  0x00, 0x00, 0x00, 0x00, 0x00, 0x00, 0x00, 0x00, 0x00, 0x00, 0x00, 0x00, 0x00, 0x00, 0x00, 0x00,
  0x00, 0x00, 0x00, 0x00, 0x00, 0x00, 0x00, 0x00, 0x00, 0x00, 0x00, 0x00, 0x00, 0x00, 0x00, 0x00,
  0x00, 0x00, 0x00, 0x00, 0x00, 0x00, 0x00, 0x00, 0x00, 0x00, 0x00, 0x00, 0x00, 0x00, 0x00, 0x00,
  0x00, 0x00, 0x00, 0x00, 0x00, 0x00, 0x00, 0x00, 0x00, 0x00, 0x00, 0x00, 0x00, 0x00, 0x00, 0x00,
  0x00, 0x00, 0x00, 0x00, 0x00, 0x00, 0x00, 0x00, 0x00, 0x00, 0x00, 0x00, 0x00, 0x00, 0x00, 0x00,
  0x00, 0x00, 0x00, 0x00, 0x00, 0x00, 0x00, 0x00, 0x00, 0x00, 0x00, 0x00, 0x00, 0x00, 0x00, 0x00,
  0x00, 0x00, 0x00, 0x00, 0x00, 0x00, 0x00, 0x00, 0x00, 0x00, 0x00, 0x00, 0x00, 0x00, 0x00, 0x00,
  0x00, 0x00, 0x00, 0x00, 0x00, 0x00, 0x00, 0x00, 0x00, 0x00, 0x00, 0x00, 0x00, 0x00, 0x00, 0x00,
  0x00, 0x00, 0x00, 0x00, 0x00, 0x00, 0x00, 0x00, 0x00, 0x00, 0x00, 0x00, 0x00, 0x00, 0x00, 0x00,
  0x00, 0x00, 0x00, 0x00, 0x00, 0x00, 0x00, 0x00, 0x00, 0x00, 0x00, 0x00, 0x00, 0x00, 0x00, 0x00,
  0x00, 0x00, 0x00, 0x00, 0x00, 0x00, 0x00, 0x00, 0x00, 0x00, 0x00, 0x00, 0x00, 0x00, 0x00, 0x00,
  0x00, 0x00, 0x00, 0x00, 0x00, 0x00, 0x00, 0x00, 0x00, 0x00, 0x00, 0x00, 0x00, 0x00, 0x00, 0x00,
  0x00, 0x00, 0x00, 0x00, 0x00, 0x00, 0x00, 0x00, 0x00, 0x00, 0x00, 0x00, 0x00, 0x00, 0x00, 0x00,
  0x00, 0x00, 0x20, 0x10, 0x41, 0x20, 0x82, 0x30, 0xc3, 0x48, 0xc3, 0x48, 0xc3, 0x48, 0xc3, 0x48,
  0xe3, 0x48, 0x04, 0x49, 0xa3, 0x38, 0x00, 0x00, 0x00, 0x00, 0x00, 0x00, 0x61, 0x18, 0x24, 0x41,
  0x03, 0x31, 0x85, 0x41, 0x44, 0x39, 0x65, 0x39, 0xc7, 0x49, 0x87, 0x41, 0x2d, 0x7b, 0x0d, 0x73,
  0xec, 0x62, 0x2d, 0x6b, 0x8a, 0x52, 0x66, 0x31, 0x86, 0x31, 0x86, 0x31, 0x25, 0x21, 0xa7, 0x39,
  0xc7, 0x49, 0xa6, 0x49, 0x85, 0x41, 0x04, 0x39, 0x82, 0x30, 0xec, 0x7a, 0x8a, 0x62, 0xeb, 0x62,
  0x48, 0x4a, 0x27, 0x42, 0x27, 0x42, 0x28, 0x42, 0x28, 0x42, 0x28, 0x42, 0x28, 0x42, 0x48, 0x4a,
  0x07, 0x4a, 0x28, 0x52, 0xc3, 0x38, 0x04, 0x49, 0x24, 0x41, 0x24, 0x39, 0x04, 0x39, 0x6b, 0x8b,
  0x0e, 0xb5, 0x87, 0x83, 0xe3, 0x51, 0x43, 0x41, 0xc2, 0x30, 0xce, 0x93, 0xd5, 0xd5, 0x94, 0xcd,
  0x54, 0xc5, 0x54, 0xc5, 0x54, 0xc5, 0x54, 0xc5, 0x33, 0xc5, 0x33, 0xc5, 0x54, 0xc5, 0x54, 0xc5,
  0x54, 0xc5, 0x68, 0x62, 0xc9, 0x72, 0x91, 0xac, 0x91, 0xb4, 0x13, 0xc5, 0x54, 0xc5, 0x75, 0xcd,
  0xf7, 0xd5, 0xb5, 0xcd, 0xd6, 0xcd, 0xce, 0x8b, 0x85, 0x41, 0x85, 0x41, 0x85, 0x41, 0x85, 0x41,
  0x65, 0x39, 0x07, 0x52, 0x68, 0x5a, 0x0b, 0x6b, 0xc6, 0x41, 0x64, 0x39, 0x64, 0x39, 0x64, 0x41,
  0x05, 0x52, 0x2c, 0x9c, 0xcc, 0xac, 0xea, 0xac, 0xeb, 0xb4, 0x05, 0x73, 0x86, 0x6a, 0x64, 0x41,
  0x65, 0x41, 0x24, 0x39, 0xa6, 0x49, 0xb2, 0xb4, 0xf3, 0xbc, 0x30, 0xac, 0x51, 0xb4, 0x86, 0x59,
  0x00, 0x28, 0x85, 0x59, 0xce, 0x9b, 0x13, 0xc5, 0x75, 0xcd, 0x95, 0xc5, 0xb5, 0xc5, 0xd6, 0xcd,
  0xb1, 0xac, 0x28, 0x62, 0x03, 0x31, 0xc6, 0x49, 0xe7, 0x49, 0xe6, 0x41, 0xe7, 0x41, 0xe7, 0x41,
  0xe7, 0x41, 0xe7, 0x41, 0xe7, 0x41, 0xe7, 0x41, 0xc6, 0x39, 0xa6, 0x39, 0xc7, 0x41, 0x25, 0x31,
  0x25, 0x39, 0x66, 0x41, 0x87, 0x41, 0xc7, 0x41, 0xc7, 0x41, 0xc6, 0x49, 0x85, 0x49, 0xe3, 0x38,
  0x61, 0x30, 0x00, 0x00, 0x00, 0x00, 0x00, 0x00, 0x00, 0x00, 0x00, 0x00, 0x00, 0x00, 0x00, 0x00,
  0x00, 0x00, 0x00, 0x00, 0x00, 0x00, 0x00, 0x00, 0x00, 0x00, 0x00, 0x00, 0x00, 0x00, 0x00, 0x00,
  0x00, 0x00, 0x00, 0x00, 0x00, 0x00, 0x00, 0x00, 0x00, 0x00, 0x00, 0x00, 0x00, 0x00, 0x00, 0x00,
  0x00, 0x00, 0x00, 0x00, 0x00, 0x00, 0x00, 0x00, 0x00, 0x00, 0x00, 0x00, 0x00, 0x00, 0x00, 0x00,
  0x00, 0x00, 0x00, 0x00, 0x00, 0x00, 0x00, 0x00, 0x00, 0x00, 0x00, 0x00, 0x00, 0x00, 0x00, 0x00,
  0x00, 0x00, 0x00, 0x00, 0x00, 0x00, 0x00, 0x00, 0x00, 0x00, 0x00, 0x00, 0x00, 0x00, 0x00, 0x00,
  0x00, 0x00, 0x00, 0x00, 0x00, 0x00, 0x00, 0x00, 0x00, 0x00, 0x00, 0x00, 0x00, 0x00, 0x00, 0x00,
  0x00, 0x00, 0x00, 0x00, 0x00, 0x00, 0x00, 0x00, 0x00, 0x00, 0x00, 0x00, 0x00, 0x00, 0x00, 0x00,
  0x00, 0x00, 0x00, 0x00, 0x00, 0x00, 0x00, 0x00, 0x00, 0x00, 0x00, 0x00, 0x00, 0x00, 0x00, 0x00,
  0x00, 0x00, 0x00, 0x00, 0x00, 0x00, 0x00, 0x00, 0x00, 0x00, 0x00, 0x00, 0x00, 0x00, 0x00, 0x00,
  0x00, 0x00, 0x00, 0x00, 0x00, 0x00, 0x00, 0x00, 0x00, 0x00, 0x00, 0x00, 0x00, 0x00, 0x00, 0x00,
  0x00, 0x00, 0x00, 0x00, 0x00, 0x00, 0x00, 0x00, 0x00, 0x00, 0x00, 0x00, 0x00, 0x00, 0x00, 0x00,
  0x00, 0x00, 0x00, 0x00, 0x00, 0x00, 0x00, 0x00, 0x00, 0x00, 0x00, 0x00, 0x00, 0x00, 0x00, 0x00,
  0x00, 0x00, 0x00, 0x00, 0x00, 0x00, 0x41, 0x18, 0x62, 0x30, 0xa3, 0x40, 0xc3, 0x48, 0xc3, 0x48,
  0xc3, 0x48, 0xc3, 0x48, 0xa3, 0x40, 0x82, 0x28, 0x41, 0x18, 0x00, 0x00, 0x00, 0x00, 0x00, 0x00,
  0x00, 0x00, 0x00, 0x00, 0x00, 0x00, 0x04, 0x49, 0x44, 0x41, 0x65, 0x41, 0xe3, 0x30, 0x44, 0x41,
  0x44, 0x41, 0xc6, 0x49, 0x03, 0x39, 0x64, 0x39, 0x64, 0x39, 0x64, 0x31, 0x65, 0x31, 0x65, 0x31,
  0x85, 0x39, 0xe6, 0x41, 0xe7, 0x41, 0x27, 0x52, 0xa6, 0x49, 0x24, 0x39, 0xe3, 0x30, 0x03, 0x39,
  0x82, 0x30, 0x28, 0x62, 0xea, 0x62, 0xea, 0x5a, 0x28, 0x4a, 0x27, 0x42, 0x27, 0x42, 0x27, 0x42,
  0x28, 0x42, 0x28, 0x42, 0x28, 0x4a, 0x48, 0x4a, 0xc7, 0x49, 0x04, 0x39, 0xe4, 0x38, 0x45, 0x49,
  0x04, 0x41, 0x04, 0x41, 0x04, 0x41, 0xea, 0x7a, 0x48, 0x7b, 0x23, 0x5a, 0x62, 0x41, 0x64, 0x41,
  0xc2, 0x30, 0xad, 0x8b, 0xd5, 0xd5, 0x73, 0xc5, 0x54, 0xc5, 0x54, 0xc5, 0x54, 0xc5, 0x54, 0xc5,
  0x54, 0xc5, 0x54, 0xc5, 0x54, 0xc5, 0x54, 0xc5, 0x6c, 0x8b, 0x47, 0x62, 0x4f, 0xa4, 0xd1, 0xb4,
  0x91, 0xb4, 0x13, 0xc5, 0x74, 0xc5, 0x75, 0xc5, 0x95, 0xcd, 0xb1, 0xac, 0xea, 0x72, 0xc2, 0x28,
  0x85, 0x41, 0x85, 0x41, 0x85, 0x41, 0x85, 0x41, 0xa5, 0x41, 0x85, 0x41, 0xe6, 0x49, 0xe6, 0x49,
  0xa6, 0x41, 0x85, 0x39, 0x85, 0x41, 0x26, 0x52, 0x07, 0x73, 0x8f, 0xcd, 0x90, 0xe6, 0x2e, 0xde,
  0x27, 0x9c, 0xa7, 0x8b, 0x45, 0x62, 0x63, 0x49, 0x85, 0x41, 0x65, 0x41, 0x65, 0x41, 0x6d, 0x8b,
  0x55, 0xcd, 0x31, 0xac, 0x10, 0xac, 0x08, 0x6a, 0x81, 0x38, 0xc2, 0x40, 0xc6, 0x61, 0xee, 0x9b,
  0xb6, 0xd5, 0x54, 0xbd, 0x54, 0xb5, 0xd5, 0xc5, 0x74, 0xc5, 0x30, 0x9c, 0xe3, 0x30, 0x85, 0x41,
  0xe7, 0x49, 0x07, 0x4a, 0xe7, 0x41, 0xe7, 0x41, 0x07, 0x3a, 0x07, 0x3a, 0xe7, 0x39, 0xe7, 0x39,
  0xc6, 0x39, 0xa6, 0x39, 0xc7, 0x41, 0x25, 0x31, 0x26, 0x39, 0x66, 0x41, 0x87, 0x41, 0xc7, 0x41,
  0x07, 0x42, 0xe7, 0x41, 0xa5, 0x41, 0x65, 0x41, 0xe3, 0x40, 0x82, 0x40, 0x00, 0x00, 0x00, 0x00,
  0x00, 0x00, 0x00, 0x00, 0x00, 0x00, 0x00, 0x00, 0x00, 0x00, 0x00, 0x00, 0x00, 0x00, 0x00, 0x00,
  0x00, 0x00, 0x00, 0x00, 0x00, 0x00, 0x00, 0x00, 0x00, 0x00, 0x00, 0x00, 0x00, 0x00, 0x00, 0x00,
  0x00, 0x00, 0x00, 0x00, 0x00, 0x00, 0x00, 0x00, 0x00, 0x00, 0x00, 0x00, 0x00, 0x00, 0x00, 0x00,
  0x00, 0x00, 0x00, 0x00, 0x00, 0x00, 0x00, 0x00, 0x00, 0x00, 0x00, 0x00, 0x00, 0x00, 0x00, 0x00,
  0x00, 0x00, 0x00, 0x00, 0x00, 0x00, 0x00, 0x00, 0x00, 0x00, 0x00, 0x00, 0x00, 0x00, 0x00, 0x00,
  0x00, 0x00, 0x00, 0x00, 0x00, 0x00, 0x00, 0x00, 0x00, 0x00, 0x00, 0x00, 0x00, 0x00, 0x00, 0x00,
  0x00, 0x00, 0x00, 0x00, 0x00, 0x00, 0x00, 0x00, 0x00, 0x00, 0x00, 0x00, 0x00, 0x00, 0x00, 0x00,
  0x00, 0x00, 0x00, 0x00, 0x00, 0x00, 0x00, 0x00, 0x00, 0x00, 0x00, 0x00, 0x00, 0x00, 0x00, 0x00,
  0x00, 0x00, 0x00, 0x00, 0x00, 0x00, 0x00, 0x00, 0x00, 0x00, 0x00, 0x00, 0x00, 0x00, 0x00, 0x00,
  0x00, 0x00, 0x00, 0x00, 0x00, 0x00, 0x00, 0x00, 0x00, 0x00, 0x00, 0x00, 0x00, 0x00, 0x00, 0x00,
  0x00, 0x00, 0x00, 0x00, 0x00, 0x00, 0x00, 0x00, 0x00, 0x00, 0x00, 0x00, 0x00, 0x00, 0x00, 0x00,
  0x00, 0x00, 0x00, 0x00, 0x00, 0x00, 0x00, 0x00, 0x00, 0x00, 0x00, 0x00, 0x00, 0x00, 0x00, 0x00,
  0x00, 0x00, 0x00, 0x00, 0x00, 0x00, 0x00, 0x00, 0x00, 0x00, 0x00, 0x00, 0x00, 0x08, 0x61, 0x20,
  0x82, 0x38, 0x82, 0x38, 0x82, 0x38, 0x82, 0x30, 0x61, 0x28, 0x20, 0x10, 0x00, 0x00, 0x00, 0x00,
  0x00, 0x00, 0x00, 0x00, 0x00, 0x00, 0x00, 0x00, 0x00, 0x00, 0x00, 0x00, 0x00, 0x00, 0xa2, 0x30,
  0x85, 0x59, 0x07, 0x62, 0xc5, 0x59, 0x05, 0x62, 0x45, 0x6a, 0xc6, 0x72, 0xe6, 0x72, 0xa5, 0x6a,
  0xc7, 0x72, 0x45, 0x62, 0x24, 0x5a, 0x45, 0x62, 0x86, 0x6a, 0x24, 0x5a, 0x24, 0x5a, 0xe4, 0x51,
  0xa5, 0x49, 0x24, 0x41, 0xe2, 0x30, 0x03, 0x39, 0x23, 0x39, 0x28, 0x5a, 0x0b, 0x63, 0x0a, 0x5b,
  0x27, 0x42, 0x27, 0x42, 0x27, 0x42, 0x27, 0x42, 0x28, 0x42, 0x28, 0x42, 0x48, 0x4a, 0x28, 0x4a,
  0xc7, 0x51, 0xa3, 0x38, 0xe3, 0x38, 0xe3, 0x38, 0x24, 0x41, 0x04, 0x41, 0x04, 0x41, 0x68, 0x6a,
  0x27, 0x62, 0x83, 0x41, 0x23, 0x39, 0x64, 0x41, 0x64, 0x41, 0xea, 0x72, 0x74, 0xc5, 0x74, 0xc5,
  0x54, 0xc5, 0x54, 0xc5, 0x54, 0xc5, 0x54, 0xc5, 0x54, 0xc5, 0x13, 0xc5, 0xf2, 0xb4, 0xd2, 0xb4,
  0xa9, 0x72, 0xc9, 0x72, 0xd1, 0xb4, 0x2f, 0x9c, 0x91, 0xb4, 0x13, 0xc5, 0x75, 0xc5, 0x75, 0xc5,
  0xd2, 0xac, 0x03, 0x31, 0x61, 0x20, 0x85, 0x41, 0x85, 0x41, 0x85, 0x41, 0x85, 0x41, 0x85, 0x41,
  0xa5, 0x41, 0xa6, 0x41, 0x64, 0x39, 0x64, 0x39, 0xa5, 0x41, 0xc6, 0x41, 0xa6, 0x41, 0x29, 0x73,
  0x8a, 0xa4, 0x8f, 0xe6, 0x0e, 0xde, 0xaa, 0xac, 0xc4, 0x72, 0xa9, 0x93, 0xa6, 0x6a, 0xa4, 0x49,
  0x85, 0x49, 0xa6, 0x49, 0x24, 0x39, 0x08, 0x5a, 0x14, 0xc5, 0x51, 0xac, 0xcf, 0xa3, 0xe7, 0x69,
  0x85, 0x61, 0xa6, 0x61, 0x03, 0x49, 0x07, 0x62, 0xf2, 0xb4, 0x53, 0xbd, 0x94, 0xb5, 0xb5, 0xc5,
  0x95, 0xcd, 0x75, 0xc5, 0x8d, 0x8b, 0xa2, 0x28, 0xa5, 0x41, 0x07, 0x4a, 0x07, 0x42, 0x06, 0x42,
  0xe7, 0x39, 0x07, 0x3a, 0xe7, 0x39, 0xe7, 0x41, 0xa6, 0x39, 0xa6, 0x41, 0xa7, 0x49, 0x25, 0x39,
  0x46, 0x39, 0x66, 0x39, 0xa7, 0x39, 0xe7, 0x39, 0x07, 0x42, 0xe7, 0x41, 0xc6, 0x41, 0x85, 0x41,
  0x65, 0x49, 0xe3, 0x40, 0xa2, 0x40, 0x00, 0x00, 0x00, 0x00, 0x00, 0x00, 0x00, 0x00, 0x00, 0x00,
  0x00, 0x00, 0x00, 0x00, 0x00, 0x00, 0x00, 0x00, 0x00, 0x00, 0x00, 0x00, 0x00, 0x00, 0x00, 0x00,
  0x00, 0x00, 0x00, 0x00, 0x00, 0x00, 0x00, 0x00, 0x00, 0x00, 0x00, 0x00, 0x00, 0x00, 0x00, 0x00,
  0x00, 0x00, 0x00, 0x00, 0x00, 0x00, 0x00, 0x00, 0x00, 0x00, 0x00, 0x00, 0x00, 0x00, 0x00, 0x00,
  0x00, 0x00, 0x00, 0x00, 0x00, 0x00, 0x00, 0x00, 0x00, 0x00, 0x00, 0x00, 0x00, 0x00, 0x00, 0x00,
  0x00, 0x00, 0x00, 0x00, 0x00, 0x00, 0x00, 0x00, 0x00, 0x00, 0x00, 0x00, 0x00, 0x00, 0x00, 0x00,
  0x00, 0x00, 0x00, 0x00, 0x00, 0x00, 0x00, 0x00, 0x00, 0x00, 0x00, 0x00, 0x00, 0x00, 0x00, 0x00,
  0x00, 0x00, 0x00, 0x00, 0x00, 0x00, 0x00, 0x00, 0x00, 0x00, 0x00, 0x00, 0x00, 0x00, 0x00, 0x00,
  0x00, 0x00, 0x00, 0x00, 0x00, 0x00, 0x00, 0x00, 0x00, 0x00, 0x00, 0x00, 0x00, 0x00, 0x00, 0x00,
  0x00, 0x00, 0x00, 0x00, 0x00, 0x00, 0x00, 0x00, 0x00, 0x00, 0x00, 0x00, 0x00, 0x00, 0x00, 0x00,
  0x00, 0x00, 0x00, 0x00, 0x00, 0x00, 0x00, 0x00, 0x00, 0x00, 0x00, 0x00, 0x00, 0x00, 0x00, 0x00,
  0x00, 0x00, 0x00, 0x00, 0x00, 0x00, 0x00, 0x00, 0x00, 0x00, 0x00, 0x00, 0x00, 0x00, 0x00, 0x00,
  0x00, 0x00, 0x00, 0x00, 0x00, 0x00, 0x00, 0x00, 0x00, 0x00, 0x00, 0x00, 0x00, 0x00, 0x00, 0x00,
  0x00, 0x00, 0x00, 0x00, 0x00, 0x00, 0x00, 0x00, 0x00, 0x00, 0x00, 0x00, 0x00, 0x00, 0x00, 0x00,
  0x00, 0x00, 0x00, 0x00, 0x00, 0x00, 0x00, 0x00, 0x00, 0x00, 0x00, 0x00, 0x00, 0x00, 0x00, 0x00,
  0x00, 0x00, 0x00, 0x00, 0x00, 0x00, 0xa2, 0x30, 0xa6, 0x61, 0x2b, 0x93, 0x4b, 0x93, 0x09, 0x8b,
  0xce, 0xbc, 0x53, 0xee, 0x15, 0xff, 0x76, 0xff, 0x77, 0xff, 0x57, 0xff, 0x36, 0xff, 0x16, 0xff,
  0x94, 0xee, 0xd5, 0xf6, 0x32, 0xe6, 0xaa, 0x93, 0xa8, 0x72, 0xa9, 0x72, 0x69, 0x6a, 0xe7, 0x59,
  0xe7, 0x59, 0xca, 0x6a, 0xea, 0x62, 0x0a, 0x5b, 0x27, 0x42, 0x27, 0x42, 0x27, 0x4a, 0x27, 0x4a,
  0x28, 0x4a, 0x28, 0x4a, 0x28, 0x52, 0xa6, 0x41, 0xc3, 0x30, 0xc3, 0x38, 0x24, 0x39, 0x65, 0x41,
  0x24, 0x39, 0x24, 0x41, 0x24, 0x39, 0x49, 0x62, 0x65, 0x41, 0x24, 0x39, 0x85, 0x41, 0x48, 0x62,
  0x06, 0x5a, 0x47, 0x62, 0xd2, 0xb4, 0x95, 0xcd, 0x54, 0xc5, 0x54, 0xc5, 0x54, 0xc5, 0x54, 0xc5,
  0xf2, 0xbc, 0xb2, 0xb4, 0x50, 0xac, 0x2f, 0xa4, 0x68, 0x6a, 0x6c, 0x8b, 0xb1, 0xac, 0x70, 0xa4,
  0x91, 0xb4, 0x13, 0xc5, 0x75, 0xc5, 0x75, 0xc5, 0xe3, 0x30, 0xe3, 0x30, 0x64, 0x39, 0xc5, 0x41,
  0xa5, 0x41, 0x85, 0x41, 0x83, 0x41, 0xa3, 0x41, 0x0d, 0x8c, 0x0d, 0x8c, 0xa4, 0x39, 0xa5, 0x39,
  0xa6, 0x41, 0xc7, 0x41, 0xa6, 0x41, 0xcc, 0x83, 0x2d, 0xbd, 0xf2, 0xf6, 0xef, 0xd5, 0x09, 0x9c,
  0x0b, 0x9c, 0xa7, 0x72, 0xa4, 0x49, 0xc6, 0x49, 0x86, 0x41, 0xc7, 0x49, 0x45, 0x39, 0x86, 0x49,
  0x51, 0xac, 0x51, 0xb4, 0x8d, 0x9b, 0x45, 0x59, 0x48, 0x7a, 0x2c, 0x9b, 0xa6, 0x59, 0x03, 0x41,
  0xea, 0x7a, 0x33, 0xbd, 0xd5, 0xcd, 0xb5, 0xc5, 0x95, 0xcd, 0x95, 0xcd, 0x74, 0xc5, 0x24, 0x39,
  0x44, 0x39, 0xa5, 0x41, 0x07, 0x4a, 0x07, 0x42, 0xe7, 0x41, 0xe7, 0x39, 0xe7, 0x39, 0xe7, 0x41,
  0xa6, 0x41, 0xa6, 0x41, 0xa6, 0x49, 0x25, 0x39, 0x45, 0x31, 0x66, 0x39, 0xa7, 0x39, 0xc7, 0x39,
  0x08, 0x42, 0x07, 0x42, 0xc7, 0x41, 0xa6, 0x41, 0xa6, 0x49, 0x65, 0x49, 0xc3, 0x38, 0x62, 0x38,
  0x00, 0x08, 0x00, 0x00, 0x00, 0x00, 0x00, 0x00, 0x00, 0x00, 0x00, 0x00, 0x00, 0x00, 0x00, 0x00,
  0x00, 0x00, 0x00, 0x00, 0x00, 0x00, 0x00, 0x00, 0x00, 0x00, 0x00, 0x00, 0x00, 0x00, 0x00, 0x00,
  0x00, 0x00, 0x00, 0x00, 0x00, 0x00, 0x00, 0x00, 0x00, 0x00, 0x00, 0x00, 0x00, 0x00, 0x00, 0x00,
  0x00, 0x00, 0x00, 0x00, 0x00, 0x00, 0x00, 0x00, 0x00, 0x00, 0x00, 0x00, 0x00, 0x00, 0x00, 0x00,
  0x00, 0x00, 0x00, 0x00, 0x00, 0x00, 0x00, 0x00, 0x00, 0x00, 0x00, 0x00, 0x00, 0x00, 0x00, 0x00,
  0x00, 0x00, 0x00, 0x00, 0x00, 0x00, 0x00, 0x00, 0x00, 0x00, 0x00, 0x00, 0x00, 0x00, 0x00, 0x00,
  0x00, 0x00, 0x00, 0x00, 0x00, 0x00, 0x00, 0x00, 0x00, 0x00, 0x00, 0x00, 0x00, 0x00, 0x00, 0x00,
  0x00, 0x00, 0x00, 0x00, 0x00, 0x00, 0x00, 0x00, 0x00, 0x00, 0x00, 0x00, 0x00, 0x00, 0x00, 0x00,
  0x00, 0x00, 0x00, 0x00, 0x00, 0x00, 0x00, 0x00, 0x00, 0x00, 0x00, 0x00, 0x00, 0x00, 0x00, 0x00,
  0x00, 0x00, 0x00, 0x00, 0x00, 0x00, 0x00, 0x00, 0x00, 0x00, 0x00, 0x00, 0x00, 0x00, 0x00, 0x00,
  0x00, 0x00, 0x00, 0x00, 0x00, 0x00, 0x00, 0x00, 0x00, 0x00, 0x00, 0x00, 0x00, 0x00, 0x00, 0x00,
  0x00, 0x00, 0x00, 0x00, 0x00, 0x00, 0x00, 0x00, 0x00, 0x00, 0x00, 0x00, 0x00, 0x00, 0x00, 0x00,
  0x00, 0x00, 0x00, 0x00, 0x00, 0x00, 0x00, 0x00, 0x00, 0x00, 0x00, 0x00, 0x00, 0x00, 0x00, 0x00,
  0x00, 0x00, 0x00, 0x00, 0x00, 0x00, 0x00, 0x00, 0x00, 0x00, 0x00, 0x00, 0x00, 0x00, 0x00, 0x00,
  0x00, 0x00, 0x00, 0x00, 0x00, 0x00, 0x00, 0x00, 0x00, 0x00, 0x00, 0x00, 0x00, 0x00, 0x41, 0x28,
  0x85, 0x61, 0xe6, 0x69, 0xca, 0x8a, 0x8c, 0x9b, 0xab, 0x9b, 0xf0, 0xc4, 0x74, 0xee, 0xf5, 0xfe,
  0x15, 0xff, 0x35, 0xff, 0x56, 0xff, 0x76, 0xff, 0x76, 0xff, 0x14, 0xf7, 0x52, 0xde, 0xa9, 0x8b,
  0x26, 0x6a, 0x29, 0x72, 0x2c, 0x8b, 0x28, 0x62, 0xa6, 0x49, 0xaa, 0x62, 0x4b, 0x6b, 0xea, 0x5a,
  0x27, 0x42, 0x27, 0x42, 0x07, 0x4a, 0x07, 0x4a, 0x48, 0x4a, 0xe7, 0x49, 0xa6, 0x49, 0x24, 0x39,
  0x45, 0x41, 0x45, 0x39, 0x65, 0x39, 0x65, 0x39, 0xa6, 0x41, 0x44, 0x31, 0x44, 0x31, 0x28, 0x52,
  0xc7, 0x41, 0x66, 0x31, 0x65, 0x39, 0xa9, 0x6a, 0x11, 0xc5, 0x26, 0x6a, 0xce, 0x93, 0x50, 0xa4,
  0xd2, 0xac, 0xf2, 0xb4, 0xd2, 0xb4, 0x91, 0xac, 0x50, 0xac, 0x30, 0xa4, 0xef, 0xa3, 0xce, 0xa3,
  0xe6, 0x61, 0x6c, 0x8b, 0x12, 0xbd, 0x90, 0xac, 0x71, 0xac, 0x54, 0xc5, 0x54, 0xbd, 0x69, 0x62,
  0x04, 0x39, 0x65, 0x39, 0xc5, 0x39, 0xc5, 0x39, 0xc6, 0x41, 0xe5, 0x49, 0x84, 0x6a, 0x0c, 0xbd,
  0xd3, 0xe6, 0x2e, 0xad, 0xc4, 0x41, 0xc7, 0x41, 0x87, 0x41, 0x88, 0x41, 0xa7, 0x39, 0x85, 0x39,
  0x67, 0x62, 0xab, 0x93, 0xeb, 0x93, 0xeb, 0x8b, 0x87, 0x5a, 0xa5, 0x41, 0x87, 0x39, 0x87, 0x39,
  0x86, 0x39, 0x65, 0x39, 0x45, 0x39, 0x65, 0x49, 0x4d, 0x8b, 0x71, 0xb4, 0x4c, 0x93, 0x24, 0x51,
  0x48, 0x7a, 0xef, 0xab, 0x0b, 0x8b, 0xc2, 0x40, 0x85, 0x51, 0xee, 0x9b, 0xf3, 0xbc, 0x75, 0xcd,
  0x13, 0xc5, 0x34, 0xc5, 0x75, 0xcd, 0x91, 0xac, 0xc2, 0x28, 0xa6, 0x41, 0xc6, 0x41, 0xe6, 0x41,
  0xc7, 0x41, 0xe7, 0x41, 0xe7, 0x41, 0xe7, 0x39, 0xc6, 0x39, 0xc7, 0x41, 0xa7, 0x49, 0x25, 0x39,
  0x25, 0x31, 0x66, 0x31, 0x86, 0x39, 0xa7, 0x39, 0x08, 0x42, 0x08, 0x42, 0x07, 0x42, 0x08, 0x42,
  0x28, 0x4a, 0xe7, 0x49, 0x45, 0x41, 0xa2, 0x38, 0xc3, 0x48, 0x00, 0x00, 0x00, 0x00, 0x00, 0x00,
  0x00, 0x00, 0x00, 0x00, 0x00, 0x00, 0x00, 0x00, 0x00, 0x00, 0x00, 0x00, 0x00, 0x00, 0x00, 0x00,
  0x00, 0x00, 0x00, 0x00, 0x00, 0x00, 0x00, 0x00, 0x00, 0x00, 0x00, 0x00, 0x00, 0x00, 0x00, 0x00,
  0x00, 0x00, 0x00, 0x00, 0x00, 0x00, 0x00, 0x00, 0x00, 0x00, 0x00, 0x00, 0x00, 0x00, 0x00, 0x00,
  0x00, 0x00, 0x00, 0x00, 0x00, 0x00, 0x00, 0x00, 0x00, 0x00, 0x00, 0x00, 0x00, 0x00, 0x00, 0x00,
  0x00, 0x00, 0x00, 0x00, 0x00, 0x00, 0x00, 0x00, 0x00, 0x00, 0x00, 0x00, 0x00, 0x00, 0x00, 0x00,
  0x00, 0x00, 0x00, 0x00, 0x00, 0x00, 0x00, 0x00, 0x00, 0x00, 0x00, 0x00, 0x00, 0x00, 0x00, 0x00,
  0x00, 0x00, 0x00, 0x00, 0x00, 0x00, 0x00, 0x00, 0x00, 0x00, 0x00, 0x00, 0x00, 0x00, 0x00, 0x00,
  0x00, 0x00, 0x00, 0x00, 0x00, 0x00, 0x00, 0x00, 0x00, 0x00, 0x00, 0x00, 0x00, 0x00, 0x00, 0x00,
  0x00, 0x00, 0x00, 0x00, 0x00, 0x00, 0x00, 0x00, 0x00, 0x00, 0x00, 0x00, 0x00, 0x00, 0x00, 0x00,
  0x00, 0x00, 0x00, 0x00, 0x00, 0x00, 0x00, 0x00, 0x00, 0x00, 0x00, 0x00, 0x00, 0x00, 0x00, 0x00,
  0x00, 0x00, 0x00, 0x00, 0x00, 0x00, 0x00, 0x00, 0x00, 0x00, 0x00, 0x00, 0x00, 0x00, 0x00, 0x00,
  0x00, 0x00, 0x00, 0x00, 0x00, 0x00, 0x00, 0x00, 0x00, 0x00, 0x00, 0x00, 0x00, 0x00, 0x00, 0x00,
  0x00, 0x00, 0x00, 0x00, 0x00, 0x00, 0x00, 0x00, 0x00, 0x00, 0x00, 0x00, 0x00, 0x00, 0x00, 0x00,
  0x00, 0x00, 0x00, 0x00, 0x00, 0x00, 0x00, 0x00, 0x00, 0x00, 0x00, 0x00, 0x00, 0x00, 0x00, 0x00,
  0x00, 0x00, 0x00, 0x00, 0x00, 0x00, 0x41, 0x28, 0x61, 0x40, 0x65, 0x61, 0xa5, 0x69, 0xa5, 0x61,
  0xe5, 0x61, 0xe5, 0x61, 0x45, 0x6a, 0x85, 0x6a, 0x64, 0x62, 0x84, 0x6a, 0xe5, 0x72, 0x06, 0x73,
  0xc9, 0x8b, 0x88, 0x83, 0xa8, 0x8b, 0x85, 0x6a, 0x48, 0x72, 0x08, 0x6a, 0xa6, 0x59, 0xc6, 0x59,
  0xc3, 0x30, 0xc6, 0x49, 0x2b, 0x73, 0x48, 0x4a, 0x47, 0x42, 0x47, 0x42, 0x27, 0x4a, 0x07, 0x4a,
  0x08, 0x4a, 0xa6, 0x49, 0x45, 0x41, 0x24, 0x39, 0xc7, 0x49, 0xc7, 0x41, 0xc6, 0x41, 0xc7, 0x41,
  0xa6, 0x41, 0x24, 0x31, 0x45, 0x31, 0xe7, 0x41, 0xc7, 0x41, 0x86, 0x31, 0x65, 0x31, 0x68, 0x5a,
  0x52, 0xc5, 0x2a, 0x83, 0x48, 0x62, 0x71, 0xa4, 0x2f, 0x9c, 0x2f, 0xa4, 0x0f, 0xa4, 0x0f, 0xa4,
  0x0f, 0xa4, 0x0f, 0xa4, 0xee, 0xa3, 0xce, 0xa3, 0xe6, 0x61, 0x4c, 0x8b, 0xf2, 0xbc, 0x0f, 0x9c,
  0xf2, 0xbc, 0x54, 0xcd, 0x69, 0x62, 0x03, 0x31, 0x45, 0x41, 0x86, 0x41, 0xc5, 0x39, 0xc5, 0x31,
  0xa4, 0x39, 0xa6, 0x62, 0x8e, 0xcd, 0x4f, 0xde, 0x91, 0xd6, 0x29, 0x84, 0x62, 0x31, 0x25, 0x31,
  0x88, 0x39, 0x88, 0x39, 0x87, 0x39, 0x86, 0x39, 0x24, 0x39, 0xe2, 0x30, 0x64, 0x39, 0x43, 0x39,
  0x64, 0x39, 0x85, 0x39, 0x65, 0x39, 0x86, 0x39, 0x86, 0x39, 0x86, 0x39, 0x65, 0x41, 0x24, 0x41,
  0xcb, 0x7a, 0x51, 0xac, 0xeb, 0x8a, 0x04, 0x51, 0x28, 0x7a, 0x8d, 0xa3, 0xae, 0xa3, 0x2b, 0x8b,
  0xe3, 0x40, 0x07, 0x62, 0x50, 0xb4, 0x95, 0xd5, 0x34, 0xcd, 0x54, 0xcd, 0x75, 0xcd, 0x75, 0xcd,
  0xca, 0x6a, 0x23, 0x31, 0xa6, 0x41, 0xe6, 0x49, 0xc7, 0x49, 0xc7, 0x41, 0xe7, 0x41, 0xe7, 0x39,
  0xc6, 0x39, 0xc7, 0x41, 0xa7, 0x41, 0x25, 0x39, 0x25, 0x31, 0x45, 0x31, 0x66, 0x31, 0x86, 0x39,
  0xe7, 0x41, 0xe7, 0x39, 0x07, 0x3a, 0x07, 0x3a, 0xe7, 0x39, 0xe7, 0x41, 0xc6, 0x49, 0x85, 0x49,
  0x61, 0x30, 0xa2, 0x40, 0x00, 0x08, 0x00, 0x00, 0x00, 0x00, 0x00, 0x00, 0x00, 0x00, 0x00, 0x00,
  0x00, 0x00, 0x00, 0x00, 0x00, 0x00, 0x00, 0x00, 0x00, 0x00, 0x00, 0x00, 0x00, 0x00, 0x00, 0x00,
  0x00, 0x00, 0x00, 0x00, 0x00, 0x00, 0x00, 0x00, 0x00, 0x00, 0x00, 0x00, 0x00, 0x00, 0x00, 0x00,
  0x00, 0x00, 0x00, 0x00, 0x00, 0x00, 0x00, 0x00, 0x00, 0x00, 0x00, 0x00, 0x00, 0x00, 0x00, 0x00,
  0x00, 0x00, 0x00, 0x00, 0x00, 0x00, 0x00, 0x00, 0x00, 0x00, 0x00, 0x00, 0x00, 0x00, 0x00, 0x00,
  0x00, 0x00, 0x00, 0x00, 0x00, 0x00, 0x00, 0x00, 0x00, 0x00, 0x00, 0x00, 0x00, 0x00, 0x00, 0x00,
  0x00, 0x00, 0x00, 0x00, 0x00, 0x00, 0x00, 0x00, 0x00, 0x00, 0x00, 0x00, 0x00, 0x00, 0x00, 0x00,
  0x00, 0x00, 0x00, 0x00, 0x00, 0x00, 0x00, 0x00, 0x00, 0x00, 0x00, 0x00, 0x00, 0x00, 0x00, 0x00,
  0x00, 0x00, 0x00, 0x00, 0x00, 0x00, 0x00, 0x00, 0x00, 0x00, 0x00, 0x00, 0x00, 0x00, 0x00, 0x00,
  0x00, 0x00, 0x00, 0x00, 0x00, 0x00, 0x00, 0x00, 0x00, 0x00, 0x00, 0x00, 0x00, 0x00, 0x00, 0x00,
  0x00, 0x00, 0x00, 0x00, 0x00, 0x00, 0x00, 0x00, 0x00, 0x00, 0x00, 0x00, 0x00, 0x00, 0x00, 0x00,
  0x00, 0x00, 0x00, 0x00, 0x00, 0x00, 0x00, 0x00, 0x00, 0x00, 0x00, 0x00, 0x00, 0x00, 0x00, 0x00,
  0x00, 0x00, 0x00, 0x00, 0x00, 0x00, 0x00, 0x00, 0x00, 0x00, 0x00, 0x00, 0x00, 0x00, 0x00, 0x00,
  0x00, 0x00, 0x00, 0x00, 0x00, 0x00, 0x00, 0x00, 0x00, 0x00, 0x00, 0x00, 0x00, 0x00, 0x00, 0x00,
  0x00, 0x00, 0x00, 0x00, 0x00, 0x00, 0x00, 0x00, 0x00, 0x00, 0x00, 0x00, 0x00, 0x00, 0x00, 0x00,
  0x41, 0x18, 0x61, 0x40, 0x2b, 0x93, 0x90, 0xbc, 0xcc, 0xa3, 0x11, 0xc5, 0x6f, 0xac, 0x8f, 0xac,
  0x2e, 0x9c, 0xed, 0x93, 0xac, 0x8b, 0x8c, 0x8b, 0x6c, 0x8b, 0x8c, 0x8b, 0xed, 0x93, 0xcd, 0x93,
  0xef, 0x9b, 0x50, 0xac, 0x71, 0xac, 0x95, 0xcd, 0xeb, 0x7a, 0xa2, 0x30, 0x85, 0x49, 0x68, 0x5a,
  0x48, 0x4a, 0x68, 0x4a, 0x68, 0x4a, 0x48, 0x52, 0xc7, 0x51, 0x66, 0x51, 0xe4, 0x40, 0x25, 0x41,
  0xe7, 0x49, 0x07, 0x42, 0xe7, 0x49, 0xe7, 0x49, 0xc7, 0x41, 0x04, 0x31, 0x25, 0x31, 0xa7, 0x41,
  0xa7, 0x41, 0x87, 0x39, 0x65, 0x29, 0x07, 0x42, 0xa9, 0x62, 0xea, 0x72, 0x65, 0x41, 0xeb, 0x72,
  0xef, 0x9b, 0xef, 0xa3, 0xce, 0x9b, 0xce, 0x9b, 0xce, 0x9b, 0xee, 0x9b, 0xee, 0x9b, 0xee, 0x9b,
  0x06, 0x62, 0xa9, 0x7a, 0xd2, 0xbc, 0x50, 0xa4, 0x13, 0xc5, 0xeb, 0x7a, 0x85, 0x41, 0xa2, 0x28,
  0x86, 0x49, 0x86, 0x41, 0xa5, 0x39, 0xc5, 0x39, 0xe4, 0x39, 0xc9, 0x83, 0x91, 0xe6, 0xee, 0xcd,
  0xa6, 0x7b, 0xc6, 0x5a, 0x47, 0x4a, 0x86, 0x39, 0x88, 0x39, 0x88, 0x39, 0x87, 0x39, 0xa6, 0x39,
  0x07, 0x42, 0x43, 0x29, 0x85, 0x31, 0x86, 0x39, 0xa6, 0x49, 0xa5, 0x49, 0xcb, 0x93, 0xab, 0x8b,
  0x85, 0x39, 0xc7, 0x41, 0x86, 0x41, 0xc3, 0x30, 0x28, 0x6a, 0x10, 0xac, 0x69, 0x7a, 0x03, 0x51,
  0xaa, 0x82, 0xae, 0xa3, 0xce, 0xa3, 0x0f, 0xac, 0x89, 0x7a, 0xa1, 0x38, 0x68, 0x72, 0xf2, 0xc4,
  0x54, 0xcd, 0x75, 0xcd, 0x54, 0xcd, 0x54, 0xc5, 0x30, 0xa4, 0x89, 0x62, 0x64, 0x39, 0xa6, 0x41,
  0xc7, 0x49, 0xc7, 0x41, 0xe7, 0x41, 0xe7, 0x39, 0xc6, 0x39, 0xc7, 0x41, 0xa7, 0x41, 0x25, 0x39,
  0x25, 0x31, 0x25, 0x31, 0x45, 0x31, 0x86, 0x39, 0xc7, 0x41, 0xe7, 0x39, 0xe7, 0x39, 0xe7, 0x39,
  0xc7, 0x39, 0xe7, 0x41, 0xe7, 0x49, 0xe7, 0x51, 0xa6, 0x51, 0x82, 0x30, 0x82, 0x38, 0x00, 0x08,
  0x00, 0x00, 0x00, 0x00, 0x00, 0x00, 0x00, 0x00, 0x00, 0x00, 0x00, 0x00, 0x00, 0x00, 0x00, 0x00,
  0x00, 0x00, 0x00, 0x00, 0x00, 0x00, 0x00, 0x00, 0x00, 0x00, 0x00, 0x00, 0x00, 0x00, 0x00, 0x00,
  0x00, 0x00, 0x00, 0x00, 0x00, 0x00, 0x00, 0x00, 0x00, 0x00, 0x00, 0x00, 0x00, 0x00, 0x00, 0x00,
  0x00, 0x00, 0x00, 0x00, 0x00, 0x00, 0x00, 0x00, 0x00, 0x00, 0x00, 0x00, 0x00, 0x00, 0x00, 0x00,
  0x00, 0x00, 0x00, 0x00, 0x00, 0x00, 0x00, 0x00, 0x00, 0x00, 0x00, 0x00, 0x00, 0x00, 0x00, 0x00,
  0x00, 0x00, 0x00, 0x00, 0x00, 0x00, 0x00, 0x00, 0x00, 0x00, 0x00, 0x00, 0x00, 0x00, 0x00, 0x00,
  0x00, 0x00, 0x00, 0x00, 0x00, 0x00, 0x00, 0x00, 0x00, 0x00, 0x00, 0x00, 0x00, 0x00, 0x00, 0x00,
  0x00, 0x00, 0x00, 0x00, 0x00, 0x00, 0x00, 0x00, 0x00, 0x00, 0x00, 0x00, 0x00, 0x00, 0x00, 0x00,
  0x00, 0x00, 0x00, 0x00, 0x00, 0x00, 0x00, 0x00, 0x00, 0x00, 0x00, 0x00, 0x00, 0x00, 0x00, 0x00,
  0x00, 0x00, 0x00, 0x00, 0x00, 0x00, 0x00, 0x00, 0x00, 0x00, 0x00, 0x00, 0x00, 0x00, 0x00, 0x00,
  0x00, 0x00, 0x00, 0x00, 0x00, 0x00, 0x00, 0x00, 0x00, 0x00, 0x00, 0x00, 0x00, 0x00, 0x00, 0x00,
  0x00, 0x00, 0x00, 0x00, 0x00, 0x00, 0x00, 0x00, 0x00, 0x00, 0x00, 0x00, 0x00, 0x00, 0x00, 0x00,
  0x00, 0x00, 0x00, 0x00, 0x00, 0x00, 0x00, 0x00, 0x00, 0x00, 0x00, 0x00, 0x00, 0x00, 0x00, 0x00,
  0x00, 0x00, 0x00, 0x00, 0x00, 0x00, 0x00, 0x00, 0x00, 0x00, 0x00, 0x00, 0x00, 0x00, 0x00, 0x00,
  0x00, 0x00, 0x00, 0x00, 0x00, 0x00, 0x00, 0x00, 0x00, 0x00, 0x04, 0x51, 0x27, 0x72, 0x4e, 0xac,
  0x32, 0xcd, 0x11, 0xc5, 0xb4, 0xd5, 0x33, 0xc5, 0x95, 0xcd, 0x75, 0xcd, 0x55, 0xc5, 0x55, 0xc5,
  0x55, 0xc5, 0xd6, 0xd5, 0xb6, 0xd5, 0x75, 0xc5, 0x54, 0xc5, 0x75, 0xc5, 0x95, 0xc5, 0xd6, 0xd5,
  0x95, 0xcd, 0x8a, 0x72, 0x04, 0x41, 0x45, 0x41, 0x68, 0x52, 0x68, 0x52, 0x88, 0x4a, 0x68, 0x52,
  0x66, 0x51, 0xe4, 0x48, 0xc4, 0x40, 0x86, 0x49, 0xc7, 0x41, 0xe7, 0x39, 0xc7, 0x41, 0xc7, 0x41,
  0xc7, 0x41, 0x25, 0x31, 0x25, 0x39, 0xa7, 0x41, 0x86, 0x41, 0x86, 0x41, 0x45, 0x29, 0xc6, 0x39,
  0x85, 0x31, 0x48, 0x52, 0x65, 0x41, 0x04, 0x39, 0x2c, 0x8b, 0x8d, 0x9b, 0xce, 0xa3, 0xce, 0x9b,
  0x6c, 0x8b, 0x8d, 0x8b, 0xce, 0x93, 0xee, 0x93, 0x06, 0x62, 0xc5, 0x59, 0x91, 0xb4, 0x13, 0xbd,
  0xce, 0x93, 0xe7, 0x51, 0x45, 0x41, 0xe3, 0x30, 0x86, 0x49, 0x86, 0x41, 0xa6, 0x39, 0xa5, 0x39,
  0xa3, 0x39, 0x6c, 0x94, 0xae, 0xc5, 0x8a, 0x9c, 0x47, 0x6b, 0x46, 0x4a, 0xc5, 0x39, 0x86, 0x39,
  0x87, 0x39, 0x87, 0x39, 0x87, 0x39, 0xa6, 0x39, 0x84, 0x29, 0xc6, 0x31, 0x66, 0x31, 0xc7, 0x41,
  0x65, 0x41, 0xa5, 0x49, 0x69, 0x83, 0xcb, 0x8b, 0xa5, 0x41, 0xc7, 0x41, 0x86, 0x41, 0x82, 0x28,
  0xa6, 0x59, 0xef, 0xa3, 0x28, 0x72, 0xe3, 0x48, 0x0b, 0x93, 0xce, 0xab, 0x8d, 0x9b, 0xad, 0x9b,
  0xce, 0xa3, 0xc2, 0x40, 0x03, 0x49, 0x6c, 0x93, 0xd2, 0xc4, 0x54, 0xcd, 0x54, 0xcd, 0x13, 0xc5,
  0xf7, 0xd5, 0xf2, 0xb4, 0x03, 0x31, 0x03, 0x31, 0xc6, 0x49, 0xc7, 0x41, 0xe7, 0x41, 0xe7, 0x39,
  0xc6, 0x39, 0xc7, 0x41, 0x86, 0x41, 0x25, 0x39, 0x05, 0x39, 0x25, 0x31, 0x45, 0x31, 0x65, 0x39,
  0xc7, 0x41, 0xc7, 0x39, 0xc7, 0x39, 0xc7, 0x39, 0xc7, 0x41, 0xe8, 0x41, 0x08, 0x42, 0xe7, 0x49,
  0xc7, 0x49, 0xc6, 0x51, 0xe3, 0x40, 0x82, 0x38, 0x81, 0x20, 0x41, 0x10, 0x00, 0x00, 0x00, 0x00,
  0x00, 0x00, 0x00, 0x00, 0x00, 0x00, 0x00, 0x00, 0x00, 0x00, 0x00, 0x00, 0x00, 0x00, 0x00, 0x00,
  0x00, 0x00, 0x00, 0x00, 0x00, 0x00, 0x00, 0x00, 0x00, 0x00, 0x00, 0x00, 0x00, 0x00, 0x00, 0x00,
  0x00, 0x00, 0x00, 0x00, 0x00, 0x00, 0x00, 0x00, 0x00, 0x00, 0x00, 0x00, 0x00, 0x00, 0x00, 0x00,
  0x00, 0x00, 0x00, 0x00, 0x00, 0x00, 0x00, 0x00, 0x00, 0x00, 0x00, 0x00, 0x00, 0x00, 0x00, 0x00,
  0x00, 0x00, 0x00, 0x00, 0x00, 0x00, 0x00, 0x00, 0x00, 0x00, 0x00, 0x00, 0x00, 0x00, 0x00, 0x00,
  0x00, 0x00, 0x00, 0x00, 0x00, 0x00, 0x00, 0x00, 0x00, 0x00, 0x00, 0x00, 0x00, 0x00, 0x00, 0x00,
  0x00, 0x00, 0x00, 0x00, 0x00, 0x00, 0x00, 0x00, 0x00, 0x00, 0x00, 0x00, 0x00, 0x00, 0x00, 0x00,
  0x00, 0x00, 0x00, 0x00, 0x00, 0x00, 0x00, 0x00, 0x00, 0x00, 0x00, 0x00, 0x00, 0x00, 0x00, 0x00,
  0x00, 0x00, 0x00, 0x00, 0x00, 0x00, 0x00, 0x00, 0x00, 0x00, 0x00, 0x00, 0x00, 0x00, 0x00, 0x00,
  0x00, 0x00, 0x00, 0x00, 0x00, 0x00, 0x00, 0x00, 0x00, 0x00, 0x00, 0x00, 0x00, 0x00, 0x00, 0x00,
  0x00, 0x00, 0x00, 0x00, 0x00, 0x00, 0x00, 0x00, 0x00, 0x00, 0x00, 0x00, 0x00, 0x00, 0x00, 0x00,
  0x00, 0x00, 0x00, 0x00, 0x00, 0x00, 0x00, 0x00, 0x00, 0x00, 0x00, 0x00, 0x00, 0x00, 0x00, 0x00,
  0x00, 0x00, 0x00, 0x00, 0x00, 0x00, 0x00, 0x00, 0x00, 0x00, 0x00, 0x00, 0x00, 0x00, 0x00, 0x00,
  0x00, 0x00, 0x00, 0x00, 0x00, 0x00, 0x00, 0x00, 0x00, 0x00, 0x00, 0x00, 0x00, 0x00, 0x00, 0x00,
  0x41, 0x28, 0x81, 0x38, 0x27, 0x6a, 0x4b, 0x8b, 0xed, 0x9b, 0x12, 0xbd, 0x75, 0xcd, 0x95, 0xcd,
  0x55, 0xc5, 0x55, 0xc5, 0x55, 0xc5, 0x54, 0xc5, 0x34, 0xc5, 0x34, 0xc5, 0x34, 0xc5, 0x54, 0xbd,
  0x95, 0xc5, 0x54, 0xbd, 0xd6, 0xcd, 0x74, 0xc5, 0x75, 0xcd, 0x55, 0xcd, 0x49, 0x6a, 0x20, 0x20,
  0x65, 0x41, 0x48, 0x52, 0x68, 0x4a, 0x07, 0x4a, 0x25, 0x49, 0x62, 0x40, 0xa3, 0x38, 0x65, 0x41,
  0xe7, 0x41, 0x07, 0x3a, 0xe7, 0x41, 0xe7, 0x41, 0xe7, 0x49, 0xa7, 0x41, 0x45, 0x41, 0x86, 0x49,
  0xeb, 0x72, 0xc6, 0x49, 0xa5, 0x41, 0xa5, 0x39, 0x85, 0x31, 0x44, 0x31, 0x04, 0x31, 0x65, 0x49,
  0xa2, 0x38, 0x0b, 0x8b, 0x8e, 0x9b, 0xef, 0xa3, 0xce, 0x9b, 0xef, 0x9b, 0x8d, 0x8b, 0x2f, 0xa4,
  0x47, 0x6a, 0x43, 0x49, 0x6c, 0x93, 0xf2, 0xbc, 0xea, 0x72, 0x24, 0x39, 0x04, 0x39, 0x45, 0x41,
  0x25, 0x39, 0xa7, 0x49, 0x87, 0x41, 0xe3, 0x20, 0xe6, 0x41, 0x8b, 0x7b, 0xeb, 0x8b, 0xa6, 0x5a,
  0xa4, 0x41, 0xa6, 0x41, 0xa6, 0x39, 0x87, 0x39, 0x87, 0x39, 0x66, 0x39, 0x86, 0x39, 0x66, 0x39,
  0x45, 0x31, 0x45, 0x31, 0xa7, 0x41, 0x66, 0x39, 0x86, 0x41, 0x86, 0x41, 0x85, 0x41, 0xa5, 0x41,
  0xa6, 0x41, 0xa7, 0x41, 0x65, 0x41, 0x25, 0x41, 0xa6, 0x59, 0x6d, 0x93, 0x24, 0x51, 0xa6, 0x61,
  0x8d, 0xa3, 0xad, 0xa3, 0x4c, 0x93, 0x8d, 0x9b, 0xca, 0x82, 0x64, 0x51, 0xe3, 0x40, 0xa5, 0x59,
  0xae, 0x9b, 0xb1, 0xbc, 0x34, 0xcd, 0xd2, 0xbc, 0x17, 0xde, 0xd6, 0xd5, 0x4c, 0x7b, 0x03, 0x31,
  0xa6, 0x49, 0x07, 0x52, 0xe7, 0x41, 0xe7, 0x39, 0xc7, 0x39, 0xc7, 0x41, 0x86, 0x41, 0x25, 0x39,
  0x05, 0x39, 0x45, 0x39, 0x45, 0x39, 0x04, 0x31, 0xa7, 0x41, 0xe7, 0x41, 0xc7, 0x41, 0xc7, 0x41,
  0xc7, 0x39, 0xe8, 0x41, 0x08, 0x42, 0x08, 0x42, 0xe7, 0x49, 0xc7, 0x49, 0xa6, 0x51, 0x65, 0x51,
  0xc2, 0x38, 0x20, 0x10, 0x00, 0x00, 0x00, 0x00, 0x00, 0x00, 0x00, 0x00, 0x00, 0x00, 0x00, 0x00,
  0x00, 0x00, 0x00, 0x00, 0x00, 0x00, 0x00, 0x00, 0x00, 0x00, 0x00, 0x00, 0x00, 0x00, 0x00, 0x00,
  0x00, 0x00, 0x00, 0x00, 0x00, 0x00, 0x00, 0x00, 0x00, 0x00, 0x00, 0x00, 0x00, 0x00, 0x00, 0x00,
  0x00, 0x00, 0x00, 0x00, 0x00, 0x00, 0x00, 0x00, 0x00, 0x00, 0x00, 0x00, 0x00, 0x00, 0x00, 0x00,
  0x00, 0x00, 0x00, 0x00, 0x00, 0x00, 0x00, 0x00, 0x00, 0x00, 0x00, 0x00, 0x00, 0x00, 0x00, 0x00,
  0x00, 0x00, 0x00, 0x00, 0x00, 0x00, 0x00, 0x00, 0x00, 0x00, 0x00, 0x00, 0x00, 0x00, 0x00, 0x00,
  0x00, 0x00, 0x00, 0x00, 0x00, 0x00, 0x00, 0x00, 0x00, 0x00, 0x00, 0x00, 0x00, 0x00, 0x00, 0x00,
  0x00, 0x00, 0x00, 0x00, 0x00, 0x00, 0x00, 0x00, 0x00, 0x00, 0x00, 0x00, 0x00, 0x00, 0x00, 0x00,
  0x00, 0x00, 0x00, 0x00, 0x00, 0x00, 0x00, 0x00, 0x00, 0x00, 0x00, 0x00, 0x00, 0x00, 0x00, 0x00,
  0x00, 0x00, 0x00, 0x00, 0x00, 0x00, 0x00, 0x00, 0x00, 0x00, 0x00, 0x00, 0x00, 0x00, 0x00, 0x00,
  0x00, 0x00, 0x00, 0x00, 0x00, 0x00, 0x00, 0x00, 0x00, 0x00, 0x00, 0x00, 0x00, 0x00, 0x00, 0x00,
  0x00, 0x00, 0x00, 0x00, 0x00, 0x00, 0x00, 0x00, 0x00, 0x00, 0x00, 0x00, 0x00, 0x00, 0x00, 0x00,
  0x21, 0x18, 0x62, 0x30, 0x00, 0x00, 0x00, 0x00, 0x00, 0x00, 0x00, 0x00, 0x00, 0x00, 0x00, 0x00,
  0x00, 0x00, 0x00, 0x00, 0x00, 0x00, 0x00, 0x00, 0x00, 0x00, 0x00, 0x00, 0x00, 0x00, 0x00, 0x00,
  0x00, 0x00, 0x00, 0x00, 0x00, 0x00, 0x20, 0x10, 0x81, 0x38, 0xc6, 0x61, 0xc6, 0x61, 0x68, 0x6a,
  0xce, 0x93, 0x34, 0xbd, 0x96, 0xcd, 0x55, 0xc5, 0x55, 0xc5, 0x54, 0xc5, 0x54, 0xc5, 0x54, 0xc5,
  0x54, 0xc5, 0x34, 0xc5, 0x34, 0xc5, 0x54, 0xc5, 0x13, 0xb5, 0x54, 0xbd, 0x70, 0xa4, 0x75, 0xc5,
  0x75, 0xcd, 0xb6, 0xd5, 0x14, 0xcd, 0x45, 0x51, 0xa2, 0x30, 0x24, 0x39, 0x27, 0x4a, 0xe7, 0x49,
  0xa3, 0x40, 0x83, 0x40, 0x04, 0x41, 0xe7, 0x49, 0x07, 0x3a, 0x07, 0x3a, 0x07, 0x3a, 0xe7, 0x41,
  0xc7, 0x49, 0xa7, 0x49, 0x46, 0x41, 0x45, 0x41, 0xca, 0x72, 0x2f, 0xa4, 0x0d, 0x9c, 0x87, 0x6a,
  0x64, 0x39, 0x23, 0x31, 0x64, 0x39, 0x24, 0x39, 0xe3, 0x40, 0xe3, 0x40, 0x85, 0x51, 0x30, 0xac,
  0x8d, 0x93, 0x0f, 0xa4, 0x0f, 0x9c, 0x0e, 0x9c, 0xad, 0x93, 0x23, 0x49, 0xe6, 0x61, 0x70, 0xb4,
  0x23, 0x39, 0xc2, 0x28, 0x24, 0x39, 0x04, 0x39, 0xc4, 0x30, 0x45, 0x41, 0xa6, 0x49, 0xc6, 0x49,
  0xc6, 0x41, 0x84, 0x39, 0xc5, 0x41, 0xe5, 0x41, 0xa6, 0x39, 0x87, 0x39, 0x87, 0x39, 0x87, 0x39,
  0xe9, 0x49, 0xc7, 0x41, 0x86, 0x39, 0x45, 0x31, 0x45, 0x39, 0x65, 0x39, 0x24, 0x31, 0x45, 0x39,
  0x65, 0x39, 0x86, 0x39, 0x86, 0x39, 0x86, 0x39, 0x86, 0x39, 0x66, 0x39, 0x45, 0x39, 0x04, 0x39,
  0x86, 0x51, 0xaa, 0x82, 0xc2, 0x40, 0x48, 0x7a, 0xce, 0xa3, 0xee, 0xab, 0x8d, 0x9b, 0xce, 0xa3,
  0x64, 0x51, 0x24, 0x51, 0xc6, 0x61, 0x81, 0x38, 0xc6, 0x61, 0x6d, 0x93, 0x54, 0xcd, 0x33, 0xc5,
  0x54, 0xc5, 0x99, 0xee, 0x13, 0xb5, 0xca, 0x6a, 0xc3, 0x28, 0x65, 0x39, 0xc6, 0x39, 0xe7, 0x41,
  0xc7, 0x39, 0xc7, 0x41, 0x86, 0x41, 0x25, 0x39, 0x25, 0x39, 0x46, 0x41, 0x46, 0x41, 0x04, 0x31,
  0x66, 0x41, 0xc7, 0x41, 0xc8, 0x41, 0xc7, 0x41, 0xc8, 0x39, 0xe8, 0x39, 0x08, 0x42, 0x08, 0x42,
  0xe7, 0x41, 0xe7, 0x49, 0xe7, 0x49, 0xc6, 0x51, 0x65, 0x49, 0xc2, 0x38, 0x81, 0x30, 0x00, 0x08,
  0x00, 0x00, 0x00, 0x00, 0x00, 0x00, 0x00, 0x00, 0x00, 0x00, 0x00, 0x00, 0x00, 0x00, 0x00, 0x00,
  0x00, 0x00, 0x00, 0x00, 0x00, 0x00, 0x00, 0x00, 0x00, 0x00, 0x00, 0x00, 0x00, 0x00, 0x00, 0x00,
  0x00, 0x00, 0x00, 0x00, 0x00, 0x00, 0x00, 0x00, 0x00, 0x00, 0x00, 0x00, 0x00, 0x00, 0x00, 0x00,
  0x00, 0x00, 0x00, 0x00, 0x20, 0x08, 0x00, 0x08, 0x00, 0x00, 0x00, 0x00, 0x00, 0x00, 0x00, 0x00,
  0x00, 0x00, 0x00, 0x00, 0x00, 0x00, 0x00, 0x00, 0x00, 0x00, 0x00, 0x00, 0x00, 0x00, 0x00, 0x00,
  0x00, 0x00, 0x00, 0x00, 0x00, 0x00, 0x00, 0x00, 0x00, 0x00, 0x00, 0x00, 0x00, 0x00, 0x00, 0x00,
  0x00, 0x00, 0x00, 0x00, 0x00, 0x00, 0x00, 0x00, 0x00, 0x00, 0x00, 0x00, 0x00, 0x00, 0x00, 0x00,
  0x00, 0x00, 0x00, 0x00, 0x00, 0x00, 0x00, 0x00, 0x00, 0x00, 0x00, 0x00, 0x00, 0x00, 0x00, 0x00,
  0x00, 0x00, 0x00, 0x00, 0x00, 0x00, 0x00, 0x00, 0x00, 0x00, 0x00, 0x00, 0x00, 0x00, 0x00, 0x00,
  0x00, 0x00, 0x00, 0x00, 0x00, 0x00, 0x00, 0x00, 0x00, 0x00, 0x00, 0x00, 0x00, 0x00, 0x00, 0x00,
  0x00, 0x00, 0x00, 0x00, 0x00, 0x00, 0x00, 0x00, 0x00, 0x00, 0x00, 0x00, 0x00, 0x00, 0x00, 0x00,
  0x00, 0x00, 0x00, 0x00, 0x00, 0x00, 0x20, 0x10, 0xa3, 0x48, 0xa3, 0x48, 0x00, 0x00, 0x00, 0x00,
  0x00, 0x00, 0x00, 0x00, 0x00, 0x00, 0x00, 0x00, 0x00, 0x00, 0x00, 0x00, 0x00, 0x00, 0x00, 0x00,
  0x00, 0x00, 0x00, 0x00, 0x00, 0x00, 0x00, 0x00, 0x00, 0x00, 0x00, 0x00, 0x00, 0x00, 0x61, 0x38,
  0xe1, 0x40, 0x88, 0x72, 0x03, 0x41, 0x24, 0x41, 0x8e, 0x8b, 0x6d, 0x83, 0xb3, 0xac, 0x14, 0xbd,
  0x74, 0xc5, 0x54, 0xc5, 0x54, 0xc5, 0x54, 0xc5, 0x54, 0xc5, 0x34, 0xc5, 0x54, 0xc5, 0x54, 0xc5,
  0x33, 0xbd, 0x74, 0xc5, 0x74, 0xc5, 0x34, 0xc5, 0xd3, 0xb4, 0x54, 0xc5, 0x96, 0xd5, 0xf3, 0xc4,
  0x04, 0x49, 0xe3, 0x40, 0x65, 0x41, 0x65, 0x41, 0xc4, 0x40, 0xc3, 0x40, 0x45, 0x41, 0x28, 0x52,
  0x07, 0x3a, 0x07, 0x3a, 0x07, 0x3a, 0xe7, 0x41, 0xa7, 0x49, 0x87, 0x49, 0x26, 0x49, 0xe4, 0x40,
  0x03, 0x41, 0xd0, 0xbc, 0xd3, 0xe5, 0x0f, 0xcd, 0x66, 0x62, 0x43, 0x39, 0xc2, 0x28, 0x23, 0x39,
  0x03, 0x39, 0x44, 0x41, 0x24, 0x41, 0x44, 0x49, 0xe7, 0x61, 0x89, 0x72, 0x6c, 0x93, 0x6c, 0x93,
  0x6c, 0x93, 0x88, 0x7a, 0x64, 0x59, 0x8d, 0x9b, 0x03, 0x39, 0xe3, 0x28, 0x24, 0x39, 0xc2, 0x30,
  0x65, 0x49, 0xea, 0x72, 0xec, 0x93, 0x6b, 0x83, 0x44, 0x39, 0x04, 0x29, 0x23, 0x29, 0x45, 0x29,
  0x67, 0x31, 0x48, 0x31, 0x47, 0x31, 0x67, 0x31, 0xe8, 0x41, 0xa6, 0x39, 0x65, 0x31, 0x24, 0x31,
  0xe3, 0x28, 0x64, 0x39, 0xc5, 0x41, 0x02, 0x31, 0x64, 0x39, 0x64, 0x31, 0x65, 0x31, 0x65, 0x31,
  0x65, 0x31, 0x45, 0x39, 0x04, 0x39, 0xe4, 0x38, 0x65, 0x49, 0x08, 0x6a, 0x65, 0x59, 0x0c, 0x93,
  0xef, 0xab, 0x0f, 0xac, 0x2f, 0xac, 0x68, 0x72, 0x40, 0x30, 0x44, 0x51, 0x89, 0x7a, 0x44, 0x51,
  0x03, 0x49, 0xa5, 0x59, 0xb1, 0xbc, 0x95, 0xd5, 0x33, 0xc5, 0x95, 0xcd, 0x33, 0xbd, 0x75, 0xc5,
  0x24, 0x39, 0x24, 0x31, 0xc6, 0x39, 0xe7, 0x41, 0xc7, 0x41, 0xc7, 0x41, 0x86, 0x41, 0x45, 0x41,
  0x05, 0x39, 0x46, 0x41, 0x46, 0x41, 0x05, 0x39, 0x25, 0x39, 0xa7, 0x41, 0xc7, 0x41, 0xe8, 0x41,
  0xe8, 0x39, 0xe8, 0x39, 0xe8, 0x41, 0x08, 0x42, 0x08, 0x42, 0xe7, 0x49, 0x07, 0x42, 0x07, 0x4a,
  0xe6, 0x49, 0xa5, 0x41, 0x44, 0x49, 0x44, 0x51, 0x61, 0x28, 0x00, 0x08, 0x00, 0x00, 0x00, 0x00,
  0x00, 0x00, 0x00, 0x00, 0x00, 0x00, 0x00, 0x00, 0x00, 0x00, 0x00, 0x00, 0x00, 0x00, 0x00, 0x00,
  0x00, 0x00, 0x00, 0x00, 0x00, 0x00, 0x00, 0x00, 0x00, 0x00, 0x00, 0x00, 0x00, 0x00, 0x41, 0x10,
  0x81, 0x20, 0xa2, 0x38, 0xa2, 0x38, 0xa2, 0x38, 0x04, 0x49, 0x04, 0x49, 0x04, 0x49, 0xe4, 0x48,
  0x62, 0x30, 0x41, 0x20, 0x20, 0x10, 0x00, 0x00, 0x00, 0x00, 0x00, 0x00, 0x00, 0x00, 0x00, 0x00,
  0x00, 0x00, 0x00, 0x00, 0x00, 0x00, 0x00, 0x00, 0x00, 0x00, 0x00, 0x00, 0x00, 0x00, 0x00, 0x00,
  0x00, 0x00, 0x00, 0x00, 0x00, 0x00, 0x00, 0x00, 0x00, 0x00, 0x00, 0x00, 0x00, 0x00, 0x00, 0x00,
  0x00, 0x00, 0x00, 0x00, 0x00, 0x00, 0x00, 0x00, 0x00, 0x00, 0x00, 0x00, 0x00, 0x00, 0x00, 0x00,
  0x00, 0x00, 0x00, 0x00, 0x00, 0x00, 0x00, 0x00, 0x00, 0x00, 0x00, 0x00, 0x00, 0x00, 0x00, 0x00,
  0x00, 0x00, 0x00, 0x00, 0x00, 0x00, 0x00, 0x00, 0x00, 0x00, 0x00, 0x00, 0x00, 0x00, 0x00, 0x00,
  0x00, 0x00, 0x00, 0x00, 0x00, 0x00, 0x00, 0x00, 0x00, 0x00, 0x00, 0x00, 0x00, 0x00, 0x00, 0x00,
  0x00, 0x00, 0x00, 0x00, 0x00, 0x00, 0x00, 0x00, 0x00, 0x00, 0x00, 0x00, 0x00, 0x00, 0xa2, 0x40,
  0xa3, 0x48, 0x41, 0x18, 0x00, 0x00, 0x00, 0x00, 0x00, 0x00, 0x00, 0x00, 0x00, 0x00, 0x00, 0x00,
  0x00, 0x00, 0x00, 0x00, 0x00, 0x00, 0x00, 0x00, 0x00, 0x00, 0x00, 0x00, 0x00, 0x00, 0x00, 0x00,
  0x00, 0x00, 0x00, 0x00, 0x41, 0x20, 0x81, 0x40, 0xc5, 0x59, 0xad, 0x93, 0x07, 0x5a, 0x24, 0x39,
  0x8b, 0x6a, 0x8e, 0x8b, 0xcf, 0x93, 0x34, 0xbd, 0x54, 0xc5, 0x54, 0xc5, 0x54, 0xc5, 0x54, 0xc5,
  0x54, 0xc5, 0x34, 0xc5, 0x54, 0xc5, 0x33, 0xc5, 0x74, 0xc5, 0x33, 0xbd, 0x54, 0xc5, 0x75, 0xcd,
  0xb2, 0xb4, 0x75, 0xcd, 0xb6, 0xd5, 0xd7, 0xdd, 0xf0, 0xab, 0xa3, 0x40, 0x04, 0x41, 0xe3, 0x38,
  0x45, 0x49, 0xe4, 0x40, 0x24, 0x39, 0xe7, 0x49, 0x07, 0x3a, 0x07, 0x3a, 0x07, 0x42, 0xe7, 0x41,
  0xa6, 0x41, 0x86, 0x49, 0x46, 0x49, 0x04, 0x41, 0xc6, 0x59, 0x09, 0x83, 0x13, 0xf6, 0xcd, 0xcc,
  0x49, 0x8b, 0x09, 0x7b, 0xc1, 0x28, 0xe2, 0x28, 0x64, 0x41, 0x23, 0x39, 0x23, 0x39, 0x03, 0x39,
  0x03, 0x41, 0xa1, 0x30, 0x44, 0x49, 0x64, 0x51, 0x23, 0x49, 0x02, 0x49, 0x85, 0x59, 0x23, 0x49,
  0x27, 0x5a, 0x23, 0x39, 0xe2, 0x30, 0xa2, 0x30, 0x23, 0x39, 0xc5, 0x51, 0x66, 0x5a, 0x67, 0x5a,
  0x04, 0x31, 0x66, 0x39, 0x85, 0x31, 0x45, 0x29, 0x47, 0x29, 0x27, 0x29, 0x26, 0x29, 0x26, 0x29,
  0x25, 0x29, 0x24, 0x29, 0x23, 0x29, 0x03, 0x31, 0x23, 0x39, 0x46, 0x5a, 0x0c, 0x94, 0x03, 0x52,
  0x41, 0x39, 0x42, 0x39, 0x43, 0x31, 0x44, 0x31, 0x44, 0x39, 0x24, 0x39, 0x04, 0x39, 0xc3, 0x30,
  0x85, 0x49, 0xc7, 0x59, 0xcb, 0x82, 0x8d, 0x9b, 0xef, 0xab, 0xee, 0xab, 0xef, 0xab, 0x23, 0x49,
  0xa5, 0x59, 0x47, 0x72, 0x68, 0x72, 0x07, 0x6a, 0x84, 0x59, 0x60, 0x30, 0x4b, 0x93, 0x53, 0xcd,
  0xd6, 0xdd, 0x54, 0xc5, 0x75, 0xc5, 0x33, 0xbd, 0x6d, 0x83, 0x65, 0x41, 0xa6, 0x41, 0xc7, 0x41,
  0xc6, 0x41, 0xa7, 0x41, 0x86, 0x41, 0x45, 0x41, 0x05, 0x39, 0x46, 0x41, 0x46, 0x41, 0x25, 0x39,
  0x25, 0x39, 0x66, 0x41, 0xc7, 0x41, 0xe8, 0x41, 0xe8, 0x39, 0xe8, 0x39, 0xe8, 0x39, 0xe8, 0x41,
  0xe8, 0x41, 0xe7, 0x41, 0x07, 0x42, 0x07, 0x42, 0x27, 0x4a, 0xe7, 0x49, 0x85, 0x41, 0x04, 0x39,
  0x04, 0x41, 0xc3, 0x38, 0x82, 0x20, 0x00, 0x00, 0x00, 0x00, 0x00, 0x00, 0x00, 0x00, 0x00, 0x00,
  0x00, 0x00, 0x00, 0x00, 0x00, 0x00, 0x00, 0x00, 0x00, 0x00, 0x00, 0x00, 0x20, 0x10, 0x61, 0x28,
  0x61, 0x20, 0xc2, 0x30, 0x23, 0x39, 0x24, 0x39, 0x04, 0x41, 0x04, 0x41, 0x04, 0x41, 0x04, 0x41,
  0x04, 0x41, 0x04, 0x41, 0x04, 0x41, 0xe4, 0x40, 0xe4, 0x40, 0xc3, 0x38, 0xa3, 0x40, 0xa3, 0x38,
  0x41, 0x20, 0x00, 0x00, 0x00, 0x00, 0x00, 0x00, 0x00, 0x00, 0x00, 0x00, 0x00, 0x00, 0x00, 0x00,
  0x00, 0x00, 0x00, 0x00, 0x00, 0x00, 0x00, 0x00, 0x00, 0x00, 0x00, 0x00, 0x00, 0x00, 0x00, 0x00,
  0x00, 0x00, 0x00, 0x00, 0x00, 0x00, 0x00, 0x00, 0x00, 0x00, 0x00, 0x00, 0x00, 0x00, 0x00, 0x00,
  0x00, 0x00, 0x00, 0x00, 0x00, 0x00, 0x00, 0x00, 0x00, 0x00, 0x00, 0x00, 0x00, 0x00, 0x00, 0x00,
  0x00, 0x00, 0x00, 0x00, 0x00, 0x00, 0x00, 0x00, 0x00, 0x00, 0x00, 0x00, 0x00, 0x00, 0x00, 0x00,
  0x00, 0x00, 0x00, 0x00, 0x00, 0x00, 0x00, 0x00, 0x00, 0x00, 0x00, 0x00, 0x00, 0x00, 0x00, 0x00,
  0x00, 0x00, 0x00, 0x00, 0x00, 0x00, 0x00, 0x00, 0x00, 0x00, 0x00, 0x00, 0x00, 0x00, 0x00, 0x00,
  0x00, 0x00, 0x00, 0x00, 0x20, 0x08, 0xc3, 0x48, 0xa2, 0x40, 0x00, 0x00, 0x00, 0x00, 0x00, 0x00,
  0x00, 0x00, 0x00, 0x00, 0x00, 0x00, 0x00, 0x00, 0x00, 0x00, 0x00, 0x00, 0x00, 0x00, 0x00, 0x00,
  0x00, 0x00, 0x00, 0x00, 0x00, 0x00, 0x00, 0x00, 0x00, 0x00, 0x20, 0x08, 0x41, 0x40, 0xe3, 0x48,
  0xcb, 0x7a, 0x0c, 0x7b, 0xef, 0x8b, 0x45, 0x39, 0x00, 0x18, 0xae, 0x93, 0xce, 0x9b, 0xf2, 0xb4,
  0x34, 0xc5, 0x74, 0xcd, 0x74, 0xcd, 0x34, 0xc5, 0x34, 0xc5, 0x34, 0xc5, 0x34, 0xc5, 0x34, 0xc5,
  0x34, 0xc5, 0x54, 0xc5, 0x54, 0xc5, 0x54, 0xc5, 0x54, 0xc5, 0x54, 0xc5, 0x34, 0xc5, 0x34, 0xc5,
  0xb6, 0xd5, 0x10, 0xa4, 0xe3, 0x38, 0xc3, 0x30, 0x24, 0x41, 0xe4, 0x38, 0xe4, 0x38, 0x86, 0x41,
  0x07, 0x42, 0x07, 0x3a, 0xe7, 0x41, 0x08, 0x4a, 0xa6, 0x49, 0x86, 0x49, 0xa3, 0x38, 0x6d, 0x93,
  0x2b, 0x83, 0x25, 0x62, 0xe7, 0x82, 0x06, 0x8b, 0x48, 0x8b, 0x10, 0xbd, 0xe5, 0x59, 0xc2, 0x28,
  0x43, 0x39, 0x23, 0x39, 0x23, 0x39, 0x02, 0x31, 0xc1, 0x30, 0xc1, 0x30, 0xc1, 0x30, 0xa1, 0x30,
  0x43, 0x49, 0xa1, 0x38, 0xc1, 0x40, 0xa1, 0x38, 0x80, 0x30, 0xa1, 0x38, 0xc2, 0x40, 0x03, 0x41,
  0xc2, 0x30, 0xa2, 0x28, 0xe2, 0x28, 0x23, 0x39, 0x24, 0x31, 0x24, 0x31, 0x45, 0x31, 0x65, 0x31,
  0x66, 0x31, 0x66, 0x31, 0x65, 0x31, 0x65, 0x31, 0x85, 0x31, 0x65, 0x31, 0x44, 0x31, 0x23, 0x31,
  0x26, 0x62, 0xc7, 0x7a, 0x05, 0x7b, 0xa6, 0x8b, 0xeb, 0xb4, 0xc8, 0x8b, 0xc3, 0x51, 0x40, 0x20,
  0x44, 0x41, 0x45, 0x41, 0xe3, 0x38, 0xc3, 0x30, 0x86, 0x51, 0xaa, 0x7a, 0x6d, 0x93, 0xce, 0x9b,
  0x30, 0xac, 0x0f, 0xac, 0xca, 0x82, 0xc1, 0x40, 0x65, 0x72, 0xc7, 0x82, 0xc4, 0x61, 0x47, 0x72,
  0x46, 0x72, 0x40, 0x30, 0xc0, 0x38, 0x4f, 0xac, 0xf2, 0xbc, 0x74, 0xcd, 0x74, 0xc5, 0x74, 0xc5,
  0xeb, 0x72, 0xe3, 0x30, 0x25, 0x39, 0xa6, 0x41, 0xa6, 0x41, 0xa6, 0x41, 0x86, 0x41, 0x45, 0x41,
  0x04, 0x39, 0x45, 0x41, 0xc7, 0x49, 0x86, 0x41, 0x25, 0x39, 0x65, 0x39, 0xa6, 0x39, 0xe7, 0x39,
  0xe7, 0x41, 0xe7, 0x39, 0xe7, 0x41, 0xe7, 0x41, 0xe7, 0x41, 0xe7, 0x41, 0xe7, 0x41, 0xe7, 0x41,
  0xe7, 0x41, 0xc6, 0x41, 0xa6, 0x41, 0x86, 0x39, 0x65, 0x39, 0x45, 0x39, 0x45, 0x39, 0x04, 0x31,
  0xa2, 0x28, 0x82, 0x28, 0xa2, 0x30, 0xa2, 0x30, 0x82, 0x28, 0x82, 0x30, 0xa2, 0x38, 0xa2, 0x38,
  0xa3, 0x38, 0xa3, 0x38, 0xa3, 0x38, 0xc3, 0x38, 0x04, 0x41, 0x25, 0x41, 0x45, 0x41, 0x65, 0x41,
  0xc7, 0x49, 0xc7, 0x49, 0xa6, 0x41, 0xa6, 0x41, 0xc7, 0x49, 0xa6, 0x41, 0xa6, 0x41, 0xa7, 0x41,
  0xa7, 0x41, 0xa6, 0x41, 0x86, 0x41, 0x66, 0x49, 0xe4, 0x38, 0x82, 0x20, 0x82, 0x18, 0x00, 0x00,
  0x00, 0x00, 0x00, 0x00, 0x00, 0x00, 0x00, 0x00, 0x00, 0x00, 0x00, 0x00, 0x00, 0x00, 0x00, 0x00,
  0x00, 0x00, 0x00, 0x00, 0x00, 0x00, 0x00, 0x00, 0x00, 0x00, 0x00, 0x00, 0x00, 0x00, 0x00, 0x00,
  0x00, 0x00, 0x00, 0x00, 0x00, 0x00, 0x00, 0x00, 0x00, 0x00, 0x00, 0x00, 0x00, 0x00, 0x00, 0x00,
  0x00, 0x00, 0x00, 0x00, 0x00, 0x00, 0x00, 0x00, 0x00, 0x00, 0x00, 0x00, 0x00, 0x00, 0x00, 0x00,
  0x00, 0x00, 0x00, 0x00, 0x00, 0x00, 0x00, 0x00, 0x00, 0x00, 0x00, 0x00, 0x00, 0x00, 0x00, 0x00,
  0x00, 0x00, 0x00, 0x00, 0x00, 0x00, 0x00, 0x00, 0x00, 0x00, 0x00, 0x00, 0x00, 0x00, 0x00, 0x00,
  0x00, 0x00, 0x00, 0x00, 0x00, 0x00, 0x00, 0x00, 0x00, 0x00, 0x00, 0x00, 0x61, 0x28, 0xc3, 0x48,
  0x82, 0x38, 0x00, 0x00, 0x00, 0x00, 0x00, 0x00, 0x00, 0x00, 0x00, 0x00, 0x00, 0x00, 0x00, 0x00,
  0x00, 0x00, 0x00, 0x00, 0x00, 0x00, 0x00, 0x00, 0x00, 0x00, 0x00, 0x00, 0x00, 0x00, 0x00, 0x00,
  0x41, 0x18, 0x61, 0x38, 0x44, 0x51, 0x08, 0x6a, 0xcb, 0x72, 0xec, 0x72, 0xaa, 0x62, 0xca, 0x6a,
  0xe3, 0x30, 0xe3, 0x38, 0xce, 0x9b, 0x2f, 0xac, 0x91, 0xb4, 0x33, 0xc5, 0x75, 0xcd, 0x34, 0xc5,
  0xf3, 0xbc, 0x13, 0xbd, 0x34, 0xc5, 0x54, 0xc5, 0x34, 0xc5, 0x34, 0xc5, 0x34, 0xbd, 0x54, 0xc5,
  0x54, 0xc5, 0x54, 0xc5, 0x54, 0xc5, 0x54, 0xc5, 0x34, 0xbd, 0xd6, 0xd5, 0x30, 0xa4, 0x03, 0x39,
  0xe3, 0x38, 0xa2, 0x30, 0x25, 0x41, 0x66, 0x41, 0xe7, 0x41, 0x07, 0x42, 0xe7, 0x41, 0xa6, 0x41,
  0x24, 0x39, 0x24, 0x41, 0xaa, 0x7a, 0x50, 0xac, 0x70, 0xa4, 0x09, 0x7b, 0xa6, 0x72, 0xe6, 0x82,
  0x64, 0x72, 0x0c, 0xa4, 0x84, 0x49, 0xe2, 0x30, 0x23, 0x39, 0x23, 0x39, 0x02, 0x39, 0x02, 0x39,
  0xc1, 0x30, 0xc1, 0x30, 0xe2, 0x30, 0xe1, 0x38, 0xc1, 0x38, 0x43, 0x51, 0x47, 0x72, 0xc5, 0x61,
  0x26, 0x72, 0xe5, 0x69, 0xa4, 0x59, 0x64, 0x51, 0x23, 0x41, 0xe3, 0x30, 0xc2, 0x28, 0xe3, 0x30,
  0x24, 0x39, 0x04, 0x39, 0xe3, 0x30, 0xe3, 0x28, 0x03, 0x31, 0x24, 0x31, 0x24, 0x31, 0x44, 0x31,
  0x64, 0x39, 0x64, 0x39, 0x23, 0x31, 0x02, 0x31, 0x4a, 0x8b, 0xce, 0xbc, 0x4e, 0xcd, 0xad, 0xd5,
  0xca, 0xb4, 0x08, 0x9c, 0xc6, 0x72, 0x84, 0x51, 0xc2, 0x38, 0xe3, 0x38, 0xe3, 0x38, 0xe3, 0x38,
  0xa6, 0x51, 0x8d, 0x93, 0x0f, 0xa4, 0xef, 0xa3, 0xae, 0x9b, 0xad, 0x9b, 0x85, 0x59, 0xe1, 0x40,
  0x65, 0x72, 0xc6, 0x7a, 0xe5, 0x69, 0x26, 0x72, 0x66, 0x72, 0xc3, 0x61, 0x62, 0x51, 0x05, 0x62,
  0x70, 0xac, 0x74, 0xcd, 0x74, 0xcd, 0x2c, 0x7b, 0x24, 0x41, 0x10, 0x9c, 0x04, 0x39, 0x45, 0x41,
  0x86, 0x41, 0x86, 0x41, 0x86, 0x41, 0x65, 0x41, 0x05, 0x39, 0x25, 0x41, 0xc7, 0x49, 0xa6, 0x41,
  0x45, 0x39, 0x45, 0x39, 0x86, 0x39, 0xc6, 0x39, 0xe7, 0x41, 0xe7, 0x41, 0xe7, 0x41, 0xe7, 0x41,
  0xe7, 0x41, 0xe7, 0x41, 0xe7, 0x41, 0xe7, 0x41, 0xe7, 0x41, 0xc7, 0x41, 0xa7, 0x39, 0xa6, 0x39,
  0xa7, 0x39, 0xa6, 0x39, 0x86, 0x39, 0x65, 0x39, 0x45, 0x41, 0x24, 0x41, 0x24, 0x41, 0x24, 0x41,
  0x24, 0x41, 0x24, 0x41, 0x04, 0x41, 0x25, 0x41, 0x66, 0x49, 0x86, 0x41, 0x66, 0x41, 0x66, 0x41,
  0x66, 0x41, 0x66, 0x41, 0x66, 0x41, 0x86, 0x41, 0xa6, 0x39, 0xc7, 0x39, 0xc7, 0x41, 0xe7, 0x41,
  0xc7, 0x41, 0xc7, 0x41, 0xc7, 0x41, 0xe7, 0x39, 0xe7, 0x39, 0xc7, 0x39, 0xc7, 0x41, 0xc7, 0x41,
  0x86, 0x41, 0x25, 0x41, 0x04, 0x39, 0x00, 0x00, 0x00, 0x00, 0x00, 0x00, 0x00, 0x00, 0x00, 0x00,
  0x00, 0x00, 0x00, 0x00, 0x00, 0x00, 0x00, 0x00, 0x00, 0x00, 0x00, 0x00, 0x00, 0x00, 0x00, 0x00,
  0x00, 0x00, 0x00, 0x00, 0x00, 0x00, 0x00, 0x00, 0x00, 0x00, 0x00, 0x00, 0x00, 0x00, 0x00, 0x00,
  0x00, 0x00, 0x00, 0x00, 0x00, 0x00, 0x00, 0x00, 0x00, 0x00, 0x00, 0x00, 0x00, 0x00, 0x00, 0x00,
  0x00, 0x00, 0x00, 0x00, 0x00, 0x00, 0x00, 0x00, 0x00, 0x00, 0x00, 0x00, 0x00, 0x00, 0x00, 0x00,
  0x00, 0x00, 0x00, 0x00, 0x00, 0x00, 0x00, 0x00, 0x00, 0x00, 0x00, 0x00, 0x00, 0x00, 0x00, 0x00,
  0x00, 0x00, 0x00, 0x00, 0x00, 0x00, 0x00, 0x00, 0x00, 0x00, 0x00, 0x00, 0x00, 0x00, 0x00, 0x00,
  0x00, 0x00, 0x00, 0x00, 0xc3, 0x48, 0xc3, 0x48, 0xa3, 0x38, 0x00, 0x00, 0x00, 0x00, 0x00, 0x00,
  0x00, 0x00, 0x00, 0x00, 0x00, 0x00, 0x00, 0x00, 0x00, 0x00, 0x00, 0x00, 0x00, 0x00, 0x00, 0x00,
  0x00, 0x00, 0x00, 0x00, 0x00, 0x08, 0x20, 0x10, 0xa6, 0x59, 0x45, 0x49, 0x07, 0x5a, 0x69, 0x62,
  0xab, 0x6a, 0xab, 0x6a, 0x0c, 0x73, 0xeb, 0x6a, 0x48, 0x52, 0x44, 0x39, 0xaa, 0x82, 0xae, 0xa3,
  0x50, 0xac, 0x34, 0xc5, 0x75, 0xcd, 0x13, 0xc5, 0x54, 0xc5, 0x54, 0xc5, 0x34, 0xc5, 0x34, 0xc5,
  0x34, 0xc5, 0x34, 0xc5, 0x54, 0xc5, 0x34, 0xbd, 0x54, 0xc5, 0x54, 0xc5, 0x54, 0xc5, 0x54, 0xc5,
  0xd2, 0xb4, 0xf3, 0xb4, 0xd6, 0xd5, 0x30, 0xa4, 0xa2, 0x30, 0xc3, 0x38, 0x45, 0x49, 0xe7, 0x51,
  0xc7, 0x41, 0x08, 0x4a, 0xc7, 0x41, 0x24, 0x39, 0xe3, 0x38, 0xca, 0x7a, 0xee, 0xa3, 0x50, 0xac,
  0x0e, 0x9c, 0x0e, 0xa4, 0xcb, 0x93, 0x07, 0x83, 0xe3, 0x61, 0xe3, 0x59, 0xa4, 0x51, 0x23, 0x41,
  0x03, 0x39, 0xe3, 0x38, 0xe3, 0x38, 0x24, 0x41, 0x24, 0x49, 0x44, 0x49, 0x85, 0x51, 0xa5, 0x59,
  0xc5, 0x59, 0x2d, 0xa4, 0x09, 0x83, 0x46, 0x6a, 0x25, 0x6a, 0x25, 0x6a, 0x25, 0x6a, 0x26, 0x6a,
  0xe6, 0x61, 0x85, 0x59, 0x65, 0x51, 0x85, 0x59, 0xa6, 0x59, 0xc6, 0x59, 0xe6, 0x61, 0x07, 0x6a,
  0xa4, 0x51, 0xa4, 0x51, 0xa4, 0x51, 0xa5, 0x51, 0x44, 0x41, 0x43, 0x39, 0x03, 0x31, 0xe2, 0x30,
  0xa8, 0x6a, 0x8b, 0x8b, 0x68, 0x83, 0x27, 0x7b, 0x23, 0x5a, 0x07, 0x7b, 0x09, 0x7b, 0x06, 0x5a,
  0x23, 0x41, 0x03, 0x39, 0xe2, 0x38, 0x23, 0x41, 0x85, 0x49, 0xae, 0x93, 0xce, 0x9b, 0x0f, 0xa4,
  0xef, 0xa3, 0x8d, 0x9b, 0x43, 0x49, 0xc4, 0x59, 0x85, 0x72, 0x85, 0x72, 0x25, 0x6a, 0x25, 0x6a,
  0x25, 0x6a, 0x86, 0x7a, 0x25, 0x6a, 0xe1, 0x40, 0x06, 0x62, 0x53, 0xc5, 0x2b, 0x83, 0xc2, 0x30,
  0x2c, 0x83, 0x34, 0xc5, 0xaf, 0x93, 0x82, 0x28, 0x86, 0x41, 0xa6, 0x41, 0x86, 0x41, 0x66, 0x41,
  0x45, 0x41, 0x24, 0x39, 0xa6, 0x41, 0xc7, 0x41, 0x86, 0x41, 0x25, 0x31, 0x65, 0x31, 0xa6, 0x39,
  0xe7, 0x41, 0xe7, 0x41, 0xe7, 0x41, 0xe7, 0x41, 0xe7, 0x41, 0xe7, 0x41, 0xe7, 0x41, 0xe7, 0x41,
  0xe7, 0x41, 0xc7, 0x41, 0xa6, 0x39, 0xa6, 0x39, 0xa7, 0x39, 0xa7, 0x39, 0xa7, 0x39, 0x86, 0x39,
  0x65, 0x41, 0x45, 0x41, 0x45, 0x41, 0x45, 0x41, 0x45, 0x41, 0x45, 0x41, 0x45, 0x41, 0x45, 0x41,
  0x65, 0x39, 0x85, 0x39, 0x85, 0x39, 0x65, 0x39, 0x66, 0x39, 0x66, 0x41, 0x46, 0x41, 0x66, 0x41,
  0x65, 0x31, 0x86, 0x31, 0xc6, 0x39, 0xc7, 0x41, 0xc7, 0x41, 0xc7, 0x41, 0xc7, 0x41, 0xc7, 0x41,
  0xc7, 0x41, 0xc7, 0x41, 0xc7, 0x41, 0xc7, 0x41, 0xa7, 0x41, 0x65, 0x41, 0x24, 0x41, 0xa2, 0x28,
  0x00, 0x00, 0x00, 0x00, 0x00, 0x00, 0x00, 0x00, 0x00, 0x00, 0x00, 0x00, 0x00, 0x00, 0x00, 0x00,
  0x00, 0x00, 0x00, 0x00, 0x00, 0x00, 0x00, 0x00, 0x00, 0x00, 0x00, 0x00, 0x00, 0x00, 0x00, 0x00,
  0x00, 0x00, 0x00, 0x00, 0x00, 0x00, 0x00, 0x00, 0x00, 0x00, 0x00, 0x00, 0x00, 0x00, 0x00, 0x00,
  0x00, 0x00, 0x00, 0x00, 0x00, 0x00, 0x00, 0x00, 0x00, 0x00, 0x00, 0x00, 0x00, 0x00, 0x00, 0x00,
  0x00, 0x00, 0x00, 0x00, 0x00, 0x00, 0x00, 0x00, 0x00, 0x00, 0x00, 0x00, 0x00, 0x00, 0x00, 0x00,
  0x00, 0x00, 0x00, 0x00, 0x00, 0x00, 0x00, 0x00, 0x00, 0x00, 0x00, 0x00, 0x00, 0x00, 0x00, 0x00,
  0x00, 0x00, 0x00, 0x00, 0x00, 0x00, 0x00, 0x00, 0x00, 0x00, 0x61, 0x20, 0xc3, 0x48, 0xc3, 0x48,
  0xc3, 0x48, 0x00, 0x00, 0x00, 0x00, 0x00, 0x00, 0x00, 0x00, 0x00, 0x00, 0x00, 0x00, 0x00, 0x00,
  0x00, 0x00, 0x00, 0x00, 0x00, 0x00, 0x00, 0x00, 0x00, 0x00, 0x00, 0x08, 0x21, 0x18, 0x82, 0x38,
  0x86, 0x51, 0x69, 0x62, 0x89, 0x62, 0xca, 0x6a, 0x2c, 0x73, 0xab, 0x62, 0xaa, 0x62, 0xeb, 0x6a,
  0x2b, 0x6b, 0x07, 0x52, 0x04, 0x51, 0x28, 0x7a, 0x0b, 0x8b, 0xef, 0x9b, 0xef, 0x9b, 0x0c, 0x83,
  0xeb, 0x7a, 0xce, 0x93, 0xf3, 0xbc, 0x54, 0xc5, 0x34, 0xc5, 0x34, 0xc5, 0x54, 0xc5, 0x54, 0xc5,
  0x54, 0xc5, 0x54, 0xc5, 0x54, 0xc5, 0x54, 0xc5, 0x75, 0xcd, 0xd2, 0xb4, 0x34, 0xbd, 0xd6, 0xd5,
  0x10, 0x9c, 0xa2, 0x30, 0x45, 0x41, 0x65, 0x41, 0xa6, 0x41, 0x08, 0x52, 0xa6, 0x49, 0xc3, 0x30,
  0xaa, 0x72, 0x6c, 0x8b, 0xee, 0xa3, 0xee, 0xa3, 0xee, 0x9b, 0xee, 0x9b, 0x6e, 0xac, 0x0c, 0xa4,
  0x0c, 0xa4, 0x0d, 0xa4, 0x8c, 0x93, 0x07, 0x62, 0xe3, 0x38, 0xe3, 0x40, 0x24, 0x49, 0x44, 0x49,
  0x03, 0x41, 0x44, 0x51, 0xa6, 0x59, 0xe6, 0x61, 0x26, 0x6a, 0xc8, 0x7a, 0x63, 0x51, 0xa4, 0x59,
  0x63, 0x51, 0x63, 0x51, 0x63, 0x51, 0x64, 0x51, 0x85, 0x59, 0x44, 0x51, 0x65, 0x51, 0xc7, 0x61,
  0x28, 0x72, 0x28, 0x6a, 0x07, 0x6a, 0x07, 0x6a, 0x27, 0x6a, 0x47, 0x6a, 0x46, 0x6a, 0x47, 0x6a,
  0x27, 0x62, 0x06, 0x5a, 0xe6, 0x59, 0xc5, 0x51, 0x47, 0x62, 0x67, 0x6a, 0xe4, 0x59, 0x05, 0x62,
  0x05, 0x62, 0xe4, 0x59, 0xe4, 0x59, 0x06, 0x62, 0x06, 0x62, 0xc5, 0x59, 0x23, 0x41, 0x84, 0x51,
  0x44, 0x49, 0x2b, 0x8b, 0xea, 0x82, 0xee, 0xa3, 0x2f, 0xac, 0x84, 0x59, 0x60, 0x30, 0xa6, 0x7a,
  0x85, 0x72, 0x64, 0x72, 0x45, 0x72, 0x25, 0x6a, 0x04, 0x6a, 0x45, 0x72, 0xe4, 0x61, 0xc1, 0x40,
  0xe1, 0x38, 0x07, 0x62, 0x02, 0x39, 0xca, 0x72, 0x34, 0xc5, 0x96, 0xcd, 0x55, 0xc5, 0x29, 0x62,
  0x24, 0x39, 0x86, 0x41, 0x86, 0x41, 0x86, 0x41, 0x65, 0x39, 0x04, 0x31, 0xa6, 0x41, 0xe7, 0x49,
  0xa6, 0x41, 0x45, 0x39, 0x45, 0x39, 0x86, 0x39, 0xc6, 0x41, 0xe7, 0x41, 0xe7, 0x41, 0xe7, 0x41,
  0xe7, 0x41, 0xe7, 0x41, 0xe7, 0x41, 0xe7, 0x41, 0xe7, 0x41, 0xc7, 0x41, 0xa6, 0x39, 0xa6, 0x39,
  0xa7, 0x39, 0xa7, 0x39, 0xa7, 0x39, 0xa6, 0x41, 0x45, 0x39, 0x45, 0x39, 0x45, 0x39, 0x45, 0x39,
  0x45, 0x39, 0x45, 0x41, 0x25, 0x39, 0x45, 0x39, 0x65, 0x39, 0x85, 0x39, 0x85, 0x39, 0x86, 0x39,
  0x25, 0x31, 0x25, 0x31, 0x25, 0x31, 0x25, 0x31, 0x04, 0x29, 0x45, 0x29, 0x86, 0x31, 0xa6, 0x39,
  0xc7, 0x41, 0xc7, 0x41, 0xc7, 0x41, 0xc7, 0x41, 0xc7, 0x41, 0xc7, 0x41, 0xe7, 0x39, 0xc7, 0x41,
  0xe7, 0x41, 0xa6, 0x41, 0x44, 0x39, 0xe3, 0x38, 0x41, 0x18, 0x00, 0x00, 0x00, 0x00, 0x00, 0x00,
  0x00, 0x00, 0x00, 0x00, 0x00, 0x00, 0x00, 0x00, 0x00, 0x00, 0x00, 0x00, 0x00, 0x00, 0x00, 0x00,
  0x00, 0x00, 0x00, 0x00, 0x00, 0x00, 0x00, 0x00, 0x00, 0x00, 0x00, 0x00, 0x00, 0x00, 0x00, 0x00,
  0x00, 0x00, 0x00, 0x00, 0x00, 0x00, 0x00, 0x00, 0x00, 0x00, 0x00, 0x00, 0x00, 0x00, 0x00, 0x00,
  0x00, 0x00, 0x00, 0x00, 0x00, 0x00, 0x00, 0x00, 0x00, 0x00, 0x00, 0x00, 0x00, 0x00, 0x00, 0x00,
  0x00, 0x00, 0x00, 0x00, 0x00, 0x00, 0x00, 0x00, 0x00, 0x00, 0x00, 0x00, 0x00, 0x00, 0x00, 0x00,
  0x00, 0x00, 0x00, 0x00, 0x00, 0x00, 0x00, 0x00, 0x00, 0x00, 0x00, 0x00, 0x00, 0x00, 0x00, 0x00,
  0x00, 0x00, 0x41, 0x10, 0x04, 0x51, 0xa7, 0x61, 0x82, 0x40, 0x20, 0x10, 0x00, 0x00, 0x00, 0x00,
  0x00, 0x00, 0x00, 0x00, 0x00, 0x00, 0x00, 0x00, 0x00, 0x00, 0x00, 0x00, 0x00, 0x00, 0x00, 0x00,
  0x20, 0x08, 0x41, 0x20, 0x62, 0x30, 0x25, 0x41, 0x07, 0x52, 0xca, 0x6a, 0x2c, 0x6b, 0xeb, 0x62,
  0xcb, 0x62, 0xeb, 0x6a, 0x0b, 0x6b, 0xea, 0x62, 0xea, 0x62, 0xca, 0x6a, 0x45, 0x61, 0xa2, 0x50,
  0x28, 0x72, 0x85, 0x51, 0x65, 0x49, 0x24, 0x49, 0xe3, 0x38, 0xa6, 0x51, 0x71, 0xac, 0x54, 0xc5,
  0x54, 0xc5, 0x54, 0xc5, 0x54, 0xc5, 0x54, 0xc5, 0x54, 0xc5, 0x54, 0xc5, 0x54, 0xc5, 0x54, 0xc5,
  0x54, 0xc5, 0x54, 0xc5, 0x54, 0xc5, 0x54, 0xc5, 0xb6, 0xcd, 0x30, 0xa4, 0xe3, 0x38, 0xe3, 0x38,
  0x8a, 0x6a, 0xe3, 0x30, 0x03, 0x39, 0x68, 0x6a, 0xee, 0x9b, 0xcd, 0x9b, 0xad, 0x9b, 0x8d, 0x9b,
  0xad, 0x9b, 0xcd, 0x9b, 0xcd, 0x9b, 0xec, 0x9b, 0x8b, 0x8b, 0x2e, 0xa4, 0x2f, 0xa4, 0xca, 0x7a,
  0x85, 0x51, 0x4c, 0x8b, 0x2c, 0x8b, 0x2c, 0x8b, 0x8e, 0x93, 0x8e, 0x93, 0x8e, 0x93, 0x8d, 0x93,
  0x0f, 0xa4, 0x50, 0xac, 0x2f, 0xac, 0xce, 0x9b, 0xce, 0x9b, 0x8d, 0x93, 0xae, 0x9b, 0x30, 0xac,
  0x71, 0xac, 0x71, 0xac, 0x72, 0xac, 0x72, 0xac, 0x72, 0xac, 0x31, 0xac, 0x10, 0xa4, 0xcf, 0x9b,
  0x2c, 0x83, 0x2b, 0x83, 0x2b, 0x83, 0x2a, 0x83, 0x88, 0x72, 0x47, 0x72, 0x05, 0x6a, 0xe4, 0x61,
  0xc4, 0x61, 0xc4, 0x61, 0xc4, 0x61, 0xc4, 0x61, 0xa4, 0x61, 0x46, 0x72, 0xa8, 0x7a, 0xc8, 0x82,
  0xa8, 0x7a, 0x88, 0x72, 0xe6, 0x61, 0x47, 0x72, 0xe6, 0x61, 0x64, 0x51, 0xa5, 0x59, 0xad, 0x9b,
  0xce, 0xa3, 0xe1, 0x40, 0x65, 0x72, 0x85, 0x7a, 0x64, 0x72, 0x44, 0x72, 0x44, 0x72, 0x44, 0x72,
  0x24, 0x6a, 0xe4, 0x69, 0x66, 0x7a, 0x06, 0x6a, 0xa1, 0x38, 0x02, 0x41, 0xea, 0x7a, 0x54, 0xc5,
  0x34, 0xc5, 0x55, 0xcd, 0x18, 0xde, 0x34, 0xbd, 0x24, 0x39, 0x65, 0x41, 0x65, 0x41, 0x45, 0x39,
  0x65, 0x39, 0x04, 0x29, 0xa6, 0x41, 0xe7, 0x49, 0xe7, 0x49, 0x86, 0x41, 0x45, 0x39, 0x24, 0x31,
  0x44, 0x31, 0x85, 0x31, 0xc6, 0x39, 0xe7, 0x41, 0xe7, 0x41, 0xe7, 0x41, 0xc7, 0x41, 0xc7, 0x41,
  0xc7, 0x41, 0xc7, 0x41, 0xc7, 0x41, 0xc7, 0x41, 0xc7, 0x41, 0xc7, 0x41, 0xc7, 0x41, 0xc7, 0x41,
  0xc7, 0x41, 0xc7, 0x41, 0xc7, 0x41, 0xc7, 0x41, 0x08, 0x4a, 0xc7, 0x49, 0x65, 0x39, 0x04, 0x31,
  0x05, 0x39, 0x05, 0x39, 0x25, 0x39, 0x25, 0x39, 0x25, 0x31, 0x25, 0x31, 0x45, 0x31, 0x45, 0x31,
  0x45, 0x31, 0x65, 0x31, 0x86, 0x31, 0x86, 0x39, 0xc7, 0x41, 0xc7, 0x41, 0xe7, 0x41, 0xe7, 0x41,
  0xc8, 0x41, 0xc8, 0x41, 0xe7, 0x41, 0xe7, 0x41, 0xe7, 0x41, 0xe7, 0x41, 0x65, 0x39, 0x44, 0x39,
  0x04, 0x41, 0x00, 0x00, 0x00, 0x00, 0x00, 0x00, 0x00, 0x00, 0x00, 0x00, 0x00, 0x00, 0x00, 0x00,
  0x00, 0x00, 0x00, 0x00, 0x00, 0x00, 0x00, 0x00, 0x00, 0x00, 0x00, 0x00, 0x00, 0x00, 0x00, 0x00,
  0x00, 0x00, 0x00, 0x00, 0x00, 0x00, 0x00, 0x00, 0x00, 0x00, 0x00, 0x00, 0x00, 0x00, 0x00, 0x00,
  0x00, 0x00, 0x00, 0x00, 0x00, 0x00, 0x00, 0x00, 0x00, 0x00, 0x00, 0x00, 0x00, 0x00, 0x00, 0x00,
  0x00, 0x00, 0x00, 0x00, 0x00, 0x00, 0x00, 0x00, 0x00, 0x00, 0x00, 0x00, 0x00, 0x00, 0x00, 0x00,
  0x00, 0x00, 0x00, 0x00, 0x00, 0x00, 0x00, 0x00, 0x00, 0x00, 0x00, 0x00, 0x00, 0x00, 0x00, 0x00,
  0x00, 0x00, 0x00, 0x00, 0x00, 0x00, 0x00, 0x00, 0x00, 0x00, 0x20, 0x08, 0xc3, 0x40, 0x66, 0x59,
  0xe4, 0x48, 0x61, 0x20, 0x00, 0x00, 0x00, 0x00, 0x00, 0x00, 0x00, 0x00, 0x00, 0x00, 0x00, 0x00,
  0x00, 0x00, 0x00, 0x00, 0x00, 0x00, 0x41, 0x18, 0x61, 0x20, 0x82, 0x30, 0xe8, 0x59, 0xeb, 0x72,
  0xcb, 0x6a, 0x0b, 0x6b, 0x0c, 0x63, 0xeb, 0x62, 0xeb, 0x62, 0xeb, 0x62, 0xeb, 0x62, 0xeb, 0x62,
  0x0b, 0x6b, 0xca, 0x7a, 0xe3, 0x50, 0x61, 0x48, 0x03, 0x49, 0xca, 0x7a, 0xaa, 0x7a, 0xaa, 0x72,
  0xa2, 0x30, 0xaa, 0x72, 0xf3, 0xbc, 0x34, 0xc5, 0x54, 0xc5, 0x54, 0xc5, 0x54, 0xc5, 0x54, 0xc5,
  0x54, 0xc5, 0x54, 0xc5, 0x54, 0xc5, 0x54, 0xc5, 0x54, 0xc5, 0x54, 0xc5, 0x54, 0xc5, 0x54, 0xc5,
  0x95, 0xcd, 0x95, 0xcd, 0xd3, 0xbc, 0xe3, 0x38, 0xe3, 0x38, 0xa2, 0x30, 0x28, 0x6a, 0xef, 0xa3,
  0xee, 0x9b, 0xcd, 0x9b, 0xad, 0x9b, 0x8c, 0x9b, 0xad, 0x9b, 0xcd, 0x9b, 0xcd, 0x9b, 0xed, 0x93,
  0xcd, 0x93, 0x2f, 0xa4, 0x0f, 0xa4, 0x65, 0x51, 0xa9, 0x72, 0x54, 0xcd, 0xb5, 0xd5, 0xb5, 0xd5,
  0x54, 0xcd, 0x54, 0xcd, 0x54, 0xcd, 0x54, 0xcd, 0x75, 0xcd, 0xb6, 0xd5, 0x75, 0xcd, 0x14, 0xc5,
  0xf3, 0xbc, 0xf4, 0xbc, 0x34, 0xc5, 0x75, 0xcd, 0xb7, 0xd5, 0xb6, 0xd5, 0xb7, 0xd5, 0xb7, 0xd5,
  0xb7, 0xd5, 0x96, 0xcd, 0x76, 0xc5, 0x75, 0xcd, 0x75, 0xcd, 0x75, 0xcd, 0x75, 0xcd, 0x74, 0xd5,
  0x94, 0xd5, 0x33, 0xcd, 0xd1, 0xc4, 0x6f, 0xbc, 0x4f, 0xbc, 0xac, 0xa3, 0xea, 0x8a, 0x67, 0x7a,
  0x88, 0x82, 0x06, 0x72, 0xc5, 0x61, 0xc5, 0x61, 0xa4, 0x59, 0xc5, 0x61, 0x47, 0x72, 0x06, 0x6a,
  0x88, 0x7a, 0xa8, 0x7a, 0x63, 0x51, 0x0a, 0x8b, 0x84, 0x59, 0xc0, 0x40, 0x44, 0x6a, 0x43, 0x72,
  0x64, 0x72, 0x64, 0x72, 0x64, 0x72, 0x44, 0x72, 0x25, 0x72, 0x45, 0x72, 0x05, 0x6a, 0x42, 0x51,
  0x02, 0x41, 0x06, 0x62, 0x54, 0xcd, 0x34, 0xc5, 0x14, 0xbd, 0x14, 0xbd, 0x35, 0xc5, 0x18, 0xde,
  0x51, 0xa4, 0x65, 0x41, 0xc3, 0x28, 0x65, 0x39, 0xa6, 0x41, 0x04, 0x29, 0x25, 0x31, 0xc7, 0x49,
  0xe7, 0x49, 0xc7, 0x49, 0x66, 0x41, 0x24, 0x39, 0x45, 0x31, 0x65, 0x31, 0xa6, 0x39, 0xc6, 0x39,
  0xe7, 0x41, 0xe7, 0x41, 0xc7, 0x41, 0xc7, 0x41, 0xc7, 0x41, 0xc7, 0x41, 0xc7, 0x41, 0xc7, 0x41,
  0xc7, 0x41, 0xc7, 0x41, 0xc7, 0x41, 0xc7, 0x41, 0xc7, 0x41, 0xc7, 0x41, 0xc7, 0x41, 0xe7, 0x41,
  0xc7, 0x41, 0xc7, 0x41, 0xa7, 0x41, 0xa6, 0x41, 0x66, 0x41, 0x66, 0x41, 0x66, 0x41, 0x66, 0x41,
  0x66, 0x39, 0x66, 0x39, 0x66, 0x39, 0x86, 0x31, 0x86, 0x31, 0x86, 0x39, 0xa6, 0x39, 0xc7, 0x39,
  0xc7, 0x41, 0xc7, 0x41, 0xe7, 0x41, 0xe7, 0x41, 0xc8, 0x41, 0xc8, 0x41, 0xe7, 0x41, 0xe7, 0x41,
  0xe7, 0x41, 0xe7, 0x41, 0x85, 0x31, 0x44, 0x39, 0x24, 0x39, 0x41, 0x10, 0x00, 0x00, 0x00, 0x00,
  0x00, 0x00, 0x00, 0x00, 0x00, 0x00, 0x00, 0x00, 0x00, 0x00, 0x00, 0x00, 0x00, 0x00, 0x00, 0x00,
  0x00, 0x00, 0x00, 0x00, 0x00, 0x00, 0x00, 0x00, 0x00, 0x00, 0x00, 0x00, 0x00, 0x00, 0x00, 0x00,
  0x00, 0x00, 0x00, 0x00, 0x00, 0x00, 0x00, 0x00, 0x00, 0x00, 0x00, 0x00, 0x00, 0x00, 0x00, 0x00,
  0x00, 0x00, 0x00, 0x00, 0x00, 0x00, 0x00, 0x00, 0x00, 0x00, 0x00, 0x00, 0x00, 0x00, 0x00, 0x00,
  0x00, 0x00, 0x00, 0x00, 0x00, 0x00, 0x00, 0x00, 0x00, 0x00, 0x00, 0x00, 0x00, 0x00, 0x00, 0x00,
  0x00, 0x00, 0x00, 0x00, 0x00, 0x00, 0x00, 0x00, 0x00, 0x00, 0x00, 0x00, 0x00, 0x00, 0x00, 0x00,
  0x00, 0x00, 0x00, 0x00, 0xa3, 0x38, 0x45, 0x51, 0x87, 0x59, 0xc4, 0x40, 0x41, 0x18, 0x20, 0x08,
  0x00, 0x00, 0x00, 0x00, 0x00, 0x00, 0x00, 0x00, 0x00, 0x00, 0x62, 0x28, 0x62, 0x38, 0x83, 0x38,
  0x66, 0x41, 0xcb, 0x6a, 0xeb, 0x72, 0xcb, 0x6a, 0xcb, 0x62, 0xab, 0x62, 0xab, 0x62, 0xcb, 0x62,
  0xeb, 0x62, 0xeb, 0x5a, 0xeb, 0x62, 0xea, 0x62, 0xaa, 0x72, 0xc3, 0x40, 0x82, 0x40, 0x45, 0x61,
  0xa2, 0x40, 0xa6, 0x51, 0x0c, 0x83, 0x49, 0x6a, 0x45, 0x49, 0x50, 0xa4, 0x34, 0xc5, 0x34, 0xc5,
  0x54, 0xc5, 0x54, 0xc5, 0x54, 0xc5, 0x54, 0xc5, 0x54, 0xc5, 0x54, 0xc5, 0x54, 0xc5, 0x54, 0xc5,
  0x54, 0xc5, 0x54, 0xc5, 0x54, 0xc5, 0x54, 0xc5, 0x54, 0xc5, 0x13, 0xbd, 0x75, 0xcd, 0xb2, 0xb4,
  0x03, 0x41, 0xe3, 0x40, 0xce, 0xa3, 0xce, 0xa3, 0xce, 0xa3, 0xcd, 0x9b, 0xac, 0x93, 0x8c, 0x9b,
  0xad, 0x9b, 0xcd, 0x9b, 0xce, 0x9b, 0xee, 0x93, 0xee, 0x93, 0x0f, 0xa4, 0x2c, 0x8b, 0x81, 0x30,
  0x8d, 0x8b, 0x95, 0xcd, 0x54, 0xc5, 0x13, 0xbd, 0x54, 0xc5, 0x54, 0xc5, 0x54, 0xc5, 0x54, 0xc5,
  0x33, 0xbd, 0x74, 0xc5, 0x54, 0xc5, 0xf2, 0xb4, 0x91, 0xac, 0xf2, 0xb4, 0x13, 0xbd, 0x13, 0xbd,
  0x54, 0xc5, 0x54, 0xc5, 0x54, 0xc5, 0x54, 0xc5, 0x54, 0xc5, 0x54, 0xc5, 0x54, 0xc5, 0x54, 0xc5,
  0x34, 0xc5, 0x34, 0xc5, 0x34, 0xc5, 0x14, 0xc5, 0xf3, 0xbc, 0xf3, 0xbc, 0x14, 0xc5, 0x34, 0xcd,
  0x54, 0xcd, 0x75, 0xd5, 0x95, 0xdd, 0xb6, 0xdd, 0xb6, 0xdd, 0x95, 0xdd, 0x92, 0xbc, 0x6d, 0x9b,
  0xa9, 0x82, 0xa4, 0x59, 0x84, 0x59, 0x83, 0x59, 0x63, 0x59, 0x46, 0x72, 0x6b, 0x93, 0xa8, 0x82,
  0x80, 0x38, 0x66, 0x72, 0x22, 0x6a, 0x62, 0x72, 0x63, 0x72, 0x64, 0x72, 0x64, 0x72, 0x64, 0x72,
  0x44, 0x72, 0x04, 0x6a, 0x42, 0x51, 0xe1, 0x40, 0xe6, 0x61, 0x33, 0xc5, 0x54, 0xc5, 0x75, 0xcd,
  0x55, 0xcd, 0xf3, 0xbc, 0x14, 0xbd, 0x55, 0xc5, 0x18, 0xde, 0x8a, 0x6a, 0x24, 0x39, 0x03, 0x29,
  0xa6, 0x41, 0x65, 0x39, 0xe3, 0x30, 0x86, 0x41, 0xc7, 0x49, 0xc7, 0x49, 0xa6, 0x49, 0x65, 0x41,
  0x45, 0x31, 0x65, 0x31, 0x65, 0x31, 0x85, 0x31, 0xe7, 0x41, 0xe7, 0x41, 0xc7, 0x41, 0xc7, 0x41,
  0xc7, 0x41, 0xc7, 0x41, 0xc7, 0x41, 0xc7, 0x41, 0xc7, 0x41, 0xc7, 0x41, 0xc7, 0x41, 0xe7, 0x41,
  0xe7, 0x41, 0xe8, 0x41, 0xe8, 0x39, 0xe7, 0x39, 0xc7, 0x39, 0xc7, 0x39, 0xc7, 0x39, 0xe7, 0x41,
  0xc7, 0x41, 0xc7, 0x41, 0xc7, 0x41, 0xc7, 0x41, 0xa6, 0x39, 0xa6, 0x39, 0xa6, 0x39, 0xa6, 0x39,
  0xa6, 0x39, 0xa6, 0x39, 0xc7, 0x41, 0xe7, 0x41, 0xe7, 0x41, 0xc7, 0x41, 0xe7, 0x41, 0xe7, 0x41,
  0xe8, 0x39, 0xe8, 0x41, 0xe7, 0x41, 0xe7, 0x41, 0xe7, 0x41, 0xe7, 0x41, 0x85, 0x31, 0x64, 0x31,
  0x24, 0x39, 0xa2, 0x20, 0x00, 0x00, 0x00, 0x00, 0x00, 0x00, 0x00, 0x00, 0x00, 0x00, 0x00, 0x00,
  0x00, 0x00, 0x00, 0x00, 0x00, 0x00, 0x00, 0x00, 0x00, 0x00, 0x00, 0x00, 0x00, 0x00, 0x00, 0x00,
  0x00, 0x00, 0x00, 0x00, 0x00, 0x00, 0x00, 0x00, 0x00, 0x00, 0x00, 0x00, 0x00, 0x00, 0x00, 0x00,
  0x00, 0x00, 0x00, 0x00, 0x00, 0x00, 0x00, 0x00, 0x00, 0x00, 0x00, 0x00, 0x00, 0x00, 0x00, 0x00,
  0x00, 0x00, 0x00, 0x00, 0x00, 0x00, 0x00, 0x00, 0x00, 0x00, 0x00, 0x00, 0x00, 0x00, 0x00, 0x00,
  0x00, 0x00, 0x00, 0x00, 0x00, 0x00, 0x00, 0x00, 0x00, 0x00, 0x00, 0x00, 0x00, 0x00, 0x00, 0x00,
  0x00, 0x00, 0x00, 0x00, 0x00, 0x00, 0x00, 0x00, 0x00, 0x00, 0x00, 0x00, 0x62, 0x28, 0x04, 0x49,
  0xc8, 0x61, 0x66, 0x51, 0x04, 0x41, 0x82, 0x28, 0x61, 0x20, 0x41, 0x10, 0x82, 0x20, 0xa3, 0x30,
  0xc3, 0x38, 0x82, 0x30, 0x45, 0x41, 0x8a, 0x62, 0xcb, 0x62, 0x0b, 0x63, 0x4c, 0x73, 0x0b, 0x63,
  0xcb, 0x62, 0x8a, 0x5a, 0x8a, 0x5a, 0xeb, 0x62, 0xeb, 0x5a, 0xeb, 0x5a, 0xeb, 0x62, 0xca, 0x6a,
  0xc3, 0x40, 0x62, 0x38, 0x62, 0x40, 0xe7, 0x71, 0x85, 0x59, 0x03, 0x39, 0x48, 0x6a, 0x28, 0x62,
  0xaa, 0x72, 0x54, 0xc5, 0x54, 0xc5, 0x75, 0xcd, 0x54, 0xc5, 0x54, 0xc5, 0x54, 0xc5, 0x54, 0xc5,
  0x54, 0xc5, 0x54, 0xc5, 0x54, 0xc5, 0x54, 0xc5, 0x54, 0xc5, 0x54, 0xc5, 0x54, 0xc5, 0x54, 0xc5,
  0x14, 0xbd, 0x54, 0xc5, 0x13, 0xbd, 0x95, 0xd5, 0xef, 0xa3, 0xe3, 0x40, 0xc2, 0x40, 0xad, 0x9b,
  0xce, 0xa3, 0xcd, 0x9b, 0xac, 0x9b, 0x8c, 0x9b, 0xad, 0x9b, 0xce, 0x9b, 0xce, 0x9b, 0xce, 0x93,
  0xad, 0x93, 0x0f, 0xa4, 0x28, 0x6a, 0xa1, 0x38, 0x2f, 0xa4, 0x94, 0xc5, 0x12, 0xb5, 0xd2, 0xac,
  0x53, 0xbd, 0x33, 0xbd, 0x33, 0xbd, 0x53, 0xbd, 0x54, 0xbd, 0x74, 0xc5, 0x54, 0xbd, 0xf2, 0xb4,
  0x91, 0xac, 0x13, 0xbd, 0x33, 0xbd, 0x13, 0xbd, 0x54, 0xc5, 0x33, 0xbd, 0x54, 0xc5, 0x33, 0xbd,
  0x33, 0xbd, 0x54, 0xc5, 0x54, 0xc5, 0x54, 0xc5, 0x54, 0xc5, 0x34, 0xc5, 0x34, 0xc5, 0x14, 0xc5,
  0x14, 0xbd, 0x14, 0xbd, 0xf4, 0xbc, 0xf4, 0xbc, 0x14, 0xc5, 0x14, 0xc5, 0x14, 0xc5, 0x34, 0xcd,
  0x54, 0xcd, 0x75, 0xd5, 0x96, 0xd5, 0xb7, 0xdd, 0x74, 0xd5, 0x6f, 0xb4, 0x06, 0x6a, 0x02, 0x49,
  0x42, 0x51, 0xc8, 0x82, 0xec, 0xa3, 0xa0, 0x40, 0x60, 0x38, 0x45, 0x72, 0xc5, 0x7a, 0x63, 0x72,
  0x64, 0x72, 0x64, 0x72, 0x63, 0x72, 0x44, 0x72, 0x04, 0x6a, 0x63, 0x59, 0xa0, 0x38, 0x63, 0x51,
  0x2f, 0xac, 0x54, 0xcd, 0x75, 0xcd, 0xd2, 0xb4, 0x13, 0xbd, 0x55, 0xcd, 0x14, 0xbd, 0x55, 0xc5,
  0xb6, 0xcd, 0x10, 0x9c, 0x45, 0x39, 0x04, 0x31, 0x65, 0x39, 0xc7, 0x41, 0x04, 0x31, 0x25, 0x39,
  0xa6, 0x41, 0xc7, 0x49, 0xa7, 0x49, 0x86, 0x41, 0x45, 0x39, 0x45, 0x31, 0x45, 0x31, 0x45, 0x29,
  0xe7, 0x41, 0xe7, 0x41, 0xc7, 0x41, 0xc7, 0x41, 0xc7, 0x41, 0xc7, 0x41, 0xc7, 0x41, 0xc7, 0x41,
  0xc7, 0x41, 0xc7, 0x41, 0xe7, 0x41, 0xe7, 0x41, 0xe8, 0x41, 0xe8, 0x39, 0xe8, 0x39, 0xe8, 0x39,
  0xe7, 0x39, 0xe7, 0x39, 0xc7, 0x39, 0xc7, 0x39, 0xc7, 0x39, 0xe7, 0x39, 0xe7, 0x39, 0xe7, 0x39,
  0xc7, 0x41, 0xc7, 0x39, 0xc7, 0x41, 0xc7, 0x39, 0xc7, 0x39, 0xc7, 0x41, 0xe7, 0x41, 0x08, 0x42,
  0xc7, 0x41, 0xc7, 0x41, 0xe7, 0x41, 0xe7, 0x41, 0xe8, 0x39, 0xe8, 0x39, 0xe7, 0x41, 0xe7, 0x41,
  0xe7, 0x41, 0xe7, 0x41, 0x85, 0x31, 0x64, 0x31, 0x24, 0x39, 0x03, 0x39, 0x20, 0x08, 0x00, 0x00,
  0x00, 0x00, 0x00, 0x00, 0x00, 0x00, 0x00, 0x00, 0x00, 0x00, 0x00, 0x00, 0x00, 0x00, 0x00, 0x00,
  0x00, 0x00, 0x00, 0x00, 0x00, 0x00, 0x00, 0x00, 0x00, 0x00, 0x00, 0x00, 0x00, 0x00, 0x00, 0x00,
  0x00, 0x00, 0x00, 0x00, 0x00, 0x00, 0x00, 0x00, 0x00, 0x00, 0x00, 0x00, 0x00, 0x00, 0x00, 0x00,
  0x00, 0x00, 0x00, 0x00, 0x00, 0x00, 0x00, 0x00, 0x00, 0x00, 0x00, 0x00, 0x00, 0x00, 0x00, 0x00,
  0x00, 0x00, 0x00, 0x00, 0x00, 0x00, 0x00, 0x00, 0x00, 0x00, 0x00, 0x00, 0x00, 0x00, 0x00, 0x00,
  0x00, 0x00, 0x00, 0x00, 0x00, 0x00, 0x00, 0x00, 0x00, 0x00, 0x00, 0x00, 0x00, 0x00, 0x00, 0x00,
  0x00, 0x00, 0x00, 0x00, 0x41, 0x18, 0xe4, 0x40, 0x66, 0x59, 0xe7, 0x61, 0xe7, 0x59, 0x08, 0x5a,
  0xe4, 0x30, 0x05, 0x41, 0x25, 0x41, 0x24, 0x39, 0x28, 0x52, 0x69, 0x5a, 0xeb, 0x62, 0x2c, 0x6b,
  0x4c, 0x63, 0x2b, 0x5b, 0xeb, 0x5a, 0xcb, 0x5a, 0xeb, 0x5a, 0xcb, 0x62, 0xcb, 0x62, 0xca, 0x5a,
  0x0b, 0x63, 0xeb, 0x62, 0x28, 0x5a, 0xe3, 0x38, 0x82, 0x30, 0x62, 0x30, 0x21, 0x38, 0x08, 0x72,
  0x8a, 0x72, 0x85, 0x49, 0xa2, 0x30, 0x28, 0x5a, 0x50, 0xa4, 0x54, 0xc5, 0x33, 0xbd, 0x74, 0xc5,
  0x54, 0xc5, 0x54, 0xc5, 0x54, 0xc5, 0x54, 0xc5, 0x54, 0xc5, 0x54, 0xc5, 0x54, 0xc5, 0x54, 0xc5,
  0x54, 0xc5, 0x54, 0xc5, 0x54, 0xc5, 0x54, 0xc5, 0x54, 0xc5, 0x54, 0xc5, 0x54, 0xc5, 0x54, 0xc5,
  0xd6, 0xd5, 0xae, 0x93, 0xc3, 0x40, 0x81, 0x40, 0xae, 0xa3, 0xae, 0xa3, 0xce, 0xa3, 0x6c, 0x93,
  0xad, 0x9b, 0xad, 0x9b, 0xcd, 0x9b, 0xcd, 0x9b, 0xee, 0x9b, 0x8c, 0x93, 0x44, 0x51, 0xc6, 0x59,
  0x54, 0xcd, 0x54, 0xc5, 0x74, 0xc5, 0x54, 0xc5, 0x54, 0xc5, 0x33, 0xc5, 0x33, 0xc5, 0x33, 0xbd,
  0x54, 0xc5, 0x34, 0xbd, 0xf2, 0xb4, 0x71, 0xa4, 0x91, 0xac, 0xd2, 0xb4, 0x33, 0xbd, 0x54, 0xc5,
  0x54, 0xbd, 0x54, 0xbd, 0x54, 0xbd, 0x54, 0xbd, 0x54, 0xc5, 0x54, 0xc5, 0x54, 0xc5, 0x54, 0xc5,
  0x74, 0xc5, 0x54, 0xc5, 0x34, 0xc5, 0x13, 0xbd, 0xd2, 0xb4, 0xd3, 0xb4, 0xf3, 0xbc, 0x14, 0xbd,
  0x34, 0xc5, 0x34, 0xc5, 0x34, 0xc5, 0x34, 0xc5, 0x34, 0xc5, 0x34, 0xc5, 0x14, 0xbd, 0x13, 0xbd,
  0xf2, 0xbc, 0x32, 0xcd, 0x4e, 0xac, 0x4a, 0x8b, 0xe5, 0x61, 0xc4, 0x61, 0x04, 0x6a, 0xe0, 0x48,
  0x66, 0x7a, 0x65, 0x7a, 0x84, 0x72, 0x64, 0x72, 0x64, 0x72, 0x84, 0x72, 0x63, 0x72, 0x44, 0x72,
  0x84, 0x61, 0x20, 0x30, 0x03, 0x51, 0x33, 0xcd, 0x33, 0xc5, 0x33, 0xc5, 0x33, 0xc5, 0x34, 0xc5,
  0x34, 0xc5, 0x34, 0xc5, 0x34, 0xc5, 0x34, 0xbd, 0x75, 0xc5, 0x75, 0xc5, 0xef, 0x93, 0x45, 0x39,
  0x24, 0x31, 0xa6, 0x49, 0x24, 0x39, 0x24, 0x39, 0xc7, 0x41, 0xc7, 0x49, 0xc7, 0x49, 0x86, 0x41,
  0x45, 0x41, 0x25, 0x39, 0x24, 0x31, 0x65, 0x31, 0x65, 0x29, 0x65, 0x29, 0xa6, 0x39, 0xc7, 0x39,
  0xc7, 0x41, 0xc7, 0x41, 0xc7, 0x41, 0xc7, 0x41, 0xc7, 0x41, 0xc8, 0x41, 0xe8, 0x41, 0xe8, 0x41,
  0xe8, 0x41, 0xe8, 0x41, 0xe8, 0x41, 0xe8, 0x41, 0xe8, 0x41, 0xe8, 0x41, 0xe8, 0x41, 0xe8, 0x41,
  0xe7, 0x41, 0xe7, 0x41, 0xc7, 0x41, 0xc7, 0x41, 0xe7, 0x41, 0xc7, 0x41, 0xc7, 0x41, 0xc7, 0x39,
  0xc7, 0x39, 0xc7, 0x39, 0xc7, 0x39, 0xc7, 0x41, 0xc7, 0x41, 0xc7, 0x41, 0xc7, 0x41, 0xe7, 0x41,
  0xe8, 0x41, 0xe8, 0x41, 0xe8, 0x41, 0xc7, 0x41, 0x86, 0x31, 0x66, 0x39, 0x66, 0x31, 0x65, 0x39,
  0x24, 0x39, 0x23, 0x39, 0x41, 0x10, 0x00, 0x00, 0x00, 0x00, 0x00, 0x00, 0x00, 0x00, 0x00, 0x00,
  0x00, 0x00, 0x00, 0x00, 0x00, 0x00, 0x00, 0x00, 0x00, 0x00, 0x00, 0x00, 0x00, 0x00, 0x00, 0x00,
  0x00, 0x00, 0x00, 0x00, 0x00, 0x00, 0x00, 0x00, 0x00, 0x00, 0x00, 0x00, 0x00, 0x00, 0x00, 0x00,
  0x00, 0x00, 0x00, 0x00, 0x00, 0x00, 0x00, 0x00, 0x00, 0x00, 0x00, 0x00, 0x00, 0x00, 0x00, 0x00,
  0x00, 0x00, 0x00, 0x00, 0x00, 0x00, 0x00, 0x00, 0x00, 0x00, 0x00, 0x00, 0x00, 0x00, 0x00, 0x00,
  0x00, 0x00, 0x00, 0x00, 0x00, 0x00, 0x00, 0x00, 0x00, 0x00, 0x00, 0x00, 0x00, 0x00, 0x00, 0x00,
  0x00, 0x00, 0x00, 0x00, 0x00, 0x00, 0x00, 0x00, 0x00, 0x00, 0x00, 0x00, 0x00, 0x00, 0xe4, 0x40,
  0x46, 0x51, 0x08, 0x62, 0x69, 0x62, 0x28, 0x5a, 0x08, 0x5a, 0x08, 0x5a, 0x49, 0x62, 0xaa, 0x62,
  0x0b, 0x6b, 0x2c, 0x63, 0x4c, 0x63, 0x4c, 0x63, 0x4c, 0x5b, 0x2b, 0x5b, 0x0b, 0x5b, 0xeb, 0x5a,
  0xeb, 0x62, 0xcb, 0x62, 0xcb, 0x62, 0xcb, 0x6a, 0x0b, 0x6b, 0xe7, 0x51, 0x04, 0x41, 0x25, 0x49,
  0x00, 0x08, 0xa3, 0x48, 0x62, 0x40, 0x29, 0x72, 0x69, 0x6a, 0xe7, 0x51, 0x03, 0x39, 0x44, 0x41,
  0x8d, 0x8b, 0x75, 0xcd, 0x95, 0xcd, 0x54, 0xc5, 0x54, 0xc5, 0x54, 0xc5, 0x54, 0xc5, 0x54, 0xc5,
  0x54, 0xc5, 0x54, 0xc5, 0x54, 0xc5, 0x54, 0xc5, 0x54, 0xc5, 0x54, 0xc5, 0x54, 0xc5, 0x54, 0xc5,
  0x54, 0xc5, 0x54, 0xc5, 0x54, 0xc5, 0x54, 0xc5, 0x54, 0xc5, 0xb6, 0xd5, 0xcf, 0xa3, 0xe3, 0x48,
  0xc3, 0x48, 0xce, 0xab, 0xae, 0xa3, 0xae, 0xa3, 0xad, 0x9b, 0xad, 0x9b, 0xad, 0x9b, 0xcd, 0x9b,
  0xee, 0xa3, 0xca, 0x7a, 0xc2, 0x38, 0x4c, 0x8b, 0x33, 0xc5, 0x33, 0xc5, 0x33, 0xc5, 0x33, 0xc5,
  0x33, 0xc5, 0x33, 0xc5, 0x33, 0xc5, 0x33, 0xc5, 0x54, 0xc5, 0x34, 0xbd, 0xf2, 0xb4, 0x71, 0xa4,
  0xd2, 0xb4, 0xf3, 0xb4, 0x34, 0xbd, 0x54, 0xc5, 0x54, 0xc5, 0x54, 0xc5, 0x54, 0xc5, 0x54, 0xc5,
  0x54, 0xc5, 0x54, 0xc5, 0x54, 0xc5, 0x54, 0xc5, 0x54, 0xc5, 0x54, 0xc5, 0x13, 0xbd, 0xf2, 0xb4,
  0xd2, 0xb4, 0xf2, 0xb4, 0x13, 0xbd, 0x34, 0xc5, 0x34, 0xc5, 0x34, 0xc5, 0x34, 0xc5, 0x34, 0xc5,
  0x34, 0xbd, 0x54, 0xc5, 0x75, 0xcd, 0x95, 0xcd, 0x33, 0xc5, 0x70, 0xac, 0xed, 0xa3, 0x6f, 0xb4,
  0x0d, 0xac, 0xc8, 0x82, 0xc0, 0x40, 0x41, 0x59, 0x65, 0x7a, 0x65, 0x7a, 0x65, 0x7a, 0x64, 0x72,
  0x44, 0x6a, 0x64, 0x72, 0x44, 0x72, 0x25, 0x72, 0x20, 0x30, 0x65, 0x59, 0xef, 0xab, 0xf3, 0xc4,
  0x33, 0xc5, 0x33, 0xc5, 0x33, 0xc5, 0x33, 0xc5, 0x34, 0xc5, 0x34, 0xc5, 0x34, 0xbd, 0x34, 0xbd,
  0x54, 0xc5, 0x54, 0xc5, 0x95, 0xc5, 0x89, 0x6a, 0x03, 0x31, 0x65, 0x41, 0x86, 0x49, 0xe3, 0x30,
  0x86, 0x41, 0xc6, 0x41, 0xc7, 0x41, 0xa6, 0x41, 0x66, 0x49, 0x45, 0x41, 0x25, 0x31, 0x65, 0x31,
  0x65, 0x31, 0x45, 0x29, 0x45, 0x29, 0x65, 0x31, 0x86, 0x39, 0xa7, 0x39, 0xc7, 0x41, 0xc7, 0x41,
  0xe8, 0x41, 0xe8, 0x41, 0xe8, 0x41, 0xe8, 0x41, 0xe8, 0x41, 0xe8, 0x41, 0xe8, 0x41, 0xe8, 0x41,
  0xe8, 0x41, 0xe8, 0x41, 0xe8, 0x41, 0xe8, 0x41, 0xe7, 0x41, 0xe7, 0x41, 0xe7, 0x41, 0xe7, 0x41,
  0xe7, 0x41, 0xe7, 0x41, 0xe7, 0x41, 0xe7, 0x41, 0xe7, 0x41, 0xe7, 0x41, 0xc7, 0x41, 0xe7, 0x41,
  0xc7, 0x39, 0xc7, 0x39, 0xc7, 0x39, 0xc7, 0x39, 0xa7, 0x39, 0xa7, 0x39, 0x86, 0x31, 0x66, 0x31,
  0x66, 0x31, 0x66, 0x31, 0x46, 0x39, 0x45, 0x39, 0x24, 0x39, 0x23, 0x39, 0x61, 0x18, 0x00, 0x00,
  0x00, 0x00, 0x00, 0x00, 0x00, 0x00, 0x00, 0x00, 0x00, 0x00, 0x00, 0x00, 0x00, 0x00, 0x00, 0x00,
  0x00, 0x00, 0x00, 0x00, 0x00, 0x00, 0x00, 0x00, 0x00, 0x00, 0x00, 0x00, 0x00, 0x00, 0x00, 0x00,
  0x00, 0x00, 0x00, 0x00, 0x00, 0x00, 0x00, 0x00, 0x00, 0x00, 0x00, 0x00, 0x00, 0x00, 0x00, 0x00,
  0x00, 0x00, 0x00, 0x00, 0x00, 0x00, 0x00, 0x00, 0x00, 0x00, 0x00, 0x00, 0x00, 0x00, 0x00, 0x00,
  0x00, 0x00, 0x00, 0x00, 0x00, 0x00, 0x00, 0x00, 0x00, 0x00, 0x00, 0x00, 0x00, 0x00, 0x00, 0x00,
  0x00, 0x00, 0x00, 0x00, 0x00, 0x00, 0x00, 0x00, 0x00, 0x00, 0x00, 0x00, 0x00, 0x00, 0x00, 0x00,
  0x00, 0x00, 0x00, 0x00, 0x00, 0x00, 0x00, 0x00, 0xa7, 0x49, 0x25, 0x41, 0x08, 0x5a, 0x28, 0x5a,
  0xaa, 0x62, 0x2c, 0x73, 0x0b, 0x63, 0x48, 0x4a, 0xeb, 0x62, 0xea, 0x62, 0xea, 0x5a, 0xea, 0x5a,
  0xea, 0x5a, 0xeb, 0x5a, 0x0b, 0x63, 0x0b, 0x6b, 0xeb, 0x6a, 0xaa, 0x62, 0x49, 0x5a, 0x08, 0x5a,
  0xe3, 0x38, 0xa2, 0x30, 0x61, 0x20, 0x00, 0x00, 0x00, 0x00, 0xc3, 0x48, 0xe3, 0x40, 0x69, 0x6a,
  0x69, 0x62, 0xca, 0x72, 0x69, 0x62, 0xa2, 0x28, 0xe3, 0x38, 0xce, 0x93, 0x13, 0xbd, 0x54, 0xc5,
  0x54, 0xc5, 0x54, 0xc5, 0x54, 0xc5, 0x54, 0xc5, 0x54, 0xc5, 0x54, 0xc5, 0x54, 0xc5, 0x54, 0xc5,
  0x54, 0xc5, 0x54, 0xc5, 0x54, 0xc5, 0x54, 0xc5, 0x54, 0xc5, 0x54, 0xc5, 0x54, 0xc5, 0x54, 0xc5,
  0x54, 0xc5, 0x33, 0xc5, 0xb6, 0xd5, 0xce, 0xa3, 0x61, 0x40, 0x81, 0x40, 0xae, 0xa3, 0xae, 0x9b,
  0xad, 0x9b, 0xad, 0x9b, 0xad, 0x9b, 0xad, 0x9b, 0xee, 0xa3, 0xa5, 0x59, 0xc2, 0x38, 0xf2, 0xc4,
  0x13, 0xc5, 0x13, 0xc5, 0x33, 0xc5, 0x33, 0xc5, 0x33, 0xbd, 0x33, 0xbd, 0x33, 0xc5, 0x33, 0xc5,
  0x54, 0xc5, 0x34, 0xbd, 0xf2, 0xb4, 0x71, 0xa4, 0x13, 0xbd, 0x33, 0xbd, 0x34, 0xbd, 0x34, 0xbd,
  0x54, 0xc5, 0x54, 0xc5, 0x54, 0xc5, 0x54, 0xc5, 0x54, 0xc5, 0x54, 0xc5, 0x54, 0xc5, 0x54, 0xc5,
  0x34, 0xc5, 0x33, 0xbd, 0xf3, 0xbc, 0xb2, 0xb4, 0xd2, 0xb4, 0xf3, 0xbc, 0x33, 0xbd, 0x34, 0xc5,
  0x34, 0xc5, 0x34, 0xc5, 0x34, 0xc5, 0x34, 0xc5, 0x95, 0xcd, 0x75, 0xcd, 0x54, 0xc5, 0x33, 0xbd,
  0xd1, 0xb4, 0xcd, 0x9b, 0xcd, 0x9b, 0x2e, 0xac, 0x8b, 0x9b, 0xe4, 0x69, 0x60, 0x38, 0x45, 0x7a,
  0x65, 0x7a, 0x65, 0x7a, 0x65, 0x7a, 0x85, 0x72, 0xa6, 0x7a, 0x65, 0x72, 0xa6, 0x7a, 0xa0, 0x38,
  0x44, 0x51, 0x4c, 0x93, 0x34, 0xcd, 0x13, 0xc5, 0x33, 0xc5, 0x33, 0xc5, 0x33, 0xc5, 0x33, 0xc5,
  0x34, 0xc5, 0x34, 0xc5, 0x34, 0xbd, 0x54, 0xc5, 0x75, 0xc5, 0x75, 0xc5, 0x95, 0xcd, 0xb6, 0xcd,
  0xa6, 0x49, 0x03, 0x39, 0x07, 0x52, 0x24, 0x39, 0x44, 0x31, 0x85, 0x39, 0xe7, 0x41, 0x07, 0x4a,
  0xc7, 0x41, 0x65, 0x39, 0x45, 0x39, 0x45, 0x39, 0x25, 0x31, 0x45, 0x31, 0x65, 0x29, 0x45, 0x29,
  0x65, 0x31, 0x66, 0x31, 0x86, 0x39, 0xa7, 0x39, 0xc7, 0x41, 0xc7, 0x41, 0xc8, 0x41, 0xc7, 0x41,
  0xc7, 0x41, 0xc7, 0x41, 0xc7, 0x41, 0xc7, 0x41, 0xc7, 0x39, 0xc7, 0x39, 0xc7, 0x39, 0xc7, 0x39,
  0xc7, 0x39, 0xc7, 0x39, 0xc7, 0x39, 0xc7, 0x39, 0xc7, 0x41, 0xc7, 0x41, 0xe7, 0x41, 0xe7, 0x41,
  0xe7, 0x41, 0xc7, 0x39, 0xa7, 0x39, 0xc7, 0x39, 0xa6, 0x39, 0xa6, 0x39, 0xa6, 0x39, 0xa6, 0x39,
  0x66, 0x31, 0x66, 0x31, 0x45, 0x31, 0x45, 0x31, 0x45, 0x31, 0x45, 0x31, 0x45, 0x31, 0x25, 0x31,
  0x24, 0x39, 0x03, 0x41, 0x41, 0x10, 0x00, 0x00, 0x00, 0x00, 0x00, 0x00, 0x00, 0x00, 0x00, 0x00,
  0x00, 0x00, 0x00, 0x00, 0x00, 0x00, 0x00, 0x00, 0x00, 0x00, 0x00, 0x00, 0x00, 0x00, 0x00, 0x00,
  0x00, 0x00, 0x00, 0x00, 0x00, 0x00, 0x00, 0x00, 0x00, 0x00, 0x00, 0x00, 0x00, 0x00, 0x00, 0x00,
  0x00, 0x00, 0x00, 0x00, 0x00, 0x00, 0x00, 0x00, 0x00, 0x00, 0x00, 0x00, 0x00, 0x00, 0x00, 0x00,
  0x00, 0x00, 0x00, 0x00, 0x00, 0x00, 0x00, 0x00, 0x00, 0x00, 0x00, 0x00, 0x00, 0x00, 0x00, 0x00,
  0x00, 0x00, 0x00, 0x00, 0x00, 0x00, 0x00, 0x00, 0x00, 0x00, 0x00, 0x00, 0x00, 0x00, 0x00, 0x00,
  0x00, 0x00, 0x00, 0x00, 0x00, 0x00, 0x00, 0x00, 0x00, 0x00, 0x00, 0x00, 0x00, 0x00, 0x00, 0x00,
  0x00, 0x00, 0xa6, 0x49, 0x45, 0x41, 0x86, 0x49, 0xc7, 0x49, 0xa9, 0x5a, 0x2b, 0x6b, 0x2b, 0x6b,
  0xaa, 0x5a, 0xca, 0x62, 0xea, 0x5a, 0xea, 0x5a, 0xca, 0x62, 0xca, 0x62, 0x0b, 0x6b, 0x0b, 0x73,
  0xeb, 0x72, 0x49, 0x62, 0x86, 0x49, 0xe3, 0x40, 0xa2, 0x30, 0x20, 0x10, 0x00, 0x08, 0x00, 0x00,
  0x00, 0x00, 0xc3, 0x40, 0x24, 0x49, 0x89, 0x6a, 0x89, 0x62, 0x89, 0x62, 0x2b, 0x7b, 0x89, 0x62,
  0x20, 0x20, 0xeb, 0x7a, 0x71, 0xac, 0x34, 0xc5, 0x54, 0xc5, 0x54, 0xc5, 0x54, 0xc5, 0x54, 0xc5,
  0x54, 0xc5, 0x54, 0xc5, 0x54, 0xc5, 0x54, 0xc5, 0x54, 0xc5, 0x54, 0xc5, 0x54, 0xc5, 0x54, 0xc5,
  0x54, 0xc5, 0x54, 0xc5, 0x54, 0xc5, 0x54, 0xc5, 0x54, 0xc5, 0x33, 0xbd, 0x13, 0xbd, 0xd6, 0xdd,
  0xce, 0xa3, 0x45, 0x59, 0xe3, 0x40, 0xae, 0x9b, 0xad, 0x9b, 0xad, 0x9b, 0xad, 0x9b, 0xad, 0x9b,
  0xce, 0x9b, 0xc2, 0x38, 0x64, 0x49, 0xd6, 0xdd, 0xf3, 0xc4, 0xf3, 0xbc, 0x13, 0xbd, 0x13, 0xbd,
  0x33, 0xbd, 0x33, 0xbd, 0x33, 0xc5, 0x33, 0xc5, 0x54, 0xc5, 0x34, 0xbd, 0xf2, 0xb4, 0x71, 0xa4,
  0x34, 0xbd, 0x54, 0xc5, 0x54, 0xc5, 0x34, 0xbd, 0x33, 0xc5, 0x34, 0xc5, 0x34, 0xc5, 0x34, 0xc5,
  0x54, 0xc5, 0x54, 0xc5, 0x54, 0xc5, 0x54, 0xc5, 0x33, 0xbd, 0xf3, 0xbc, 0xd2, 0xb4, 0x91, 0xac,
  0xf2, 0xb4, 0x13, 0xbd, 0x34, 0xbd, 0x34, 0xc5, 0x34, 0xc5, 0x34, 0xc5, 0x34, 0xc5, 0x34, 0xbd,
  0x13, 0xbd, 0x13, 0xbd, 0x34, 0xbd, 0x33, 0xc5, 0xad, 0x93, 0x8c, 0x8b, 0x4f, 0xac, 0x0d, 0xa4,
  0x67, 0x72, 0x80, 0x38, 0x86, 0x7a, 0xa6, 0x82, 0x65, 0x7a, 0x85, 0x7a, 0x85, 0x7a, 0x85, 0x72,
  0xa6, 0x7a, 0x86, 0x7a, 0x42, 0x51, 0x63, 0x51, 0x8d, 0x9b, 0x34, 0xcd, 0x34, 0xc5, 0x33, 0xc5,
  0x33, 0xc5, 0x33, 0xc5, 0x33, 0xc5, 0x33, 0xc5, 0x34, 0xc5, 0x34, 0xc5, 0x34, 0xbd, 0x34, 0xbd,
  0x75, 0xc5, 0x34, 0xbd, 0x96, 0xcd, 0x54, 0xc5, 0x75, 0xcd, 0x03, 0x39, 0x03, 0x39, 0x85, 0x41,
  0x03, 0x31, 0x44, 0x31, 0xe7, 0x41, 0x28, 0x4a, 0x07, 0x42, 0xa6, 0x39, 0x45, 0x39, 0x25, 0x39,
  0x05, 0x39, 0x25, 0x31, 0x45, 0x29, 0x65, 0x29, 0x65, 0x31, 0x45, 0x31, 0x45, 0x31, 0x66, 0x31,
  0x66, 0x31, 0x66, 0x31, 0x86, 0x39, 0x87, 0x39, 0xa7, 0x39, 0xa7, 0x39, 0xa7, 0x39, 0xa7, 0x39,
  0xa7, 0x39, 0xa7, 0x39, 0xa7, 0x39, 0xa7, 0x39, 0xc7, 0x39, 0xc7, 0x39, 0xc7, 0x39, 0xc7, 0x39,
  0xc7, 0x39, 0xc7, 0x39, 0xc7, 0x41, 0xc7, 0x41, 0xa7, 0x39, 0x86, 0x39, 0x86, 0x31, 0x66, 0x31,
  0x66, 0x31, 0x66, 0x31, 0x66, 0x31, 0x66, 0x31, 0x66, 0x31, 0x66, 0x31, 0x66, 0x31, 0x66, 0x31,
  0x45, 0x31, 0x45, 0x31, 0x25, 0x31, 0x25, 0x31, 0x24, 0x39, 0x03, 0x41, 0x41, 0x10, 0x00, 0x00,
  0x00, 0x00, 0x00, 0x00, 0x00, 0x00, 0x00, 0x00, 0x00, 0x00, 0x00, 0x00, 0x00, 0x00, 0x00, 0x00,
  0x00, 0x00, 0x00, 0x00, 0x00, 0x00, 0x00, 0x00, 0x00, 0x00, 0x00, 0x00, 0x00, 0x00, 0x00, 0x00,
  0x00, 0x00, 0x00, 0x00, 0x00, 0x00, 0x00, 0x00, 0x00, 0x00, 0x00, 0x00, 0x00, 0x00, 0x00, 0x00,
  0x00, 0x00, 0x00, 0x00, 0x00, 0x00, 0x00, 0x00, 0x00, 0x00, 0x00, 0x00, 0x00, 0x00, 0x00, 0x00,
  0x00, 0x00, 0x00, 0x00, 0x00, 0x00, 0x00, 0x00, 0x00, 0x00, 0x00, 0x00, 0x00, 0x00, 0x00, 0x00,
  0x00, 0x00, 0x00, 0x00, 0x00, 0x00, 0x00, 0x00, 0x00, 0x00, 0x00, 0x00, 0x00, 0x00, 0x00, 0x00,
  0x00, 0x00, 0x00, 0x00, 0x00, 0x00, 0x00, 0x00, 0x00, 0x00, 0x00, 0x00, 0x61, 0x18, 0xc3, 0x38,
  0xe3, 0x38, 0x04, 0x41, 0x65, 0x49, 0xe7, 0x51, 0xaa, 0x6a, 0xca, 0x6a, 0xca, 0x62, 0xaa, 0x62,
  0xaa, 0x6a, 0xaa, 0x6a, 0xe7, 0x59, 0xe7, 0x59, 0x66, 0x51, 0x04, 0x49, 0xe4, 0x48, 0x20, 0x18,
  0x20, 0x10, 0x00, 0x00, 0x00, 0x00, 0x00, 0x00, 0x00, 0x08, 0x82, 0x38, 0x85, 0x51, 0x89, 0x6a,
  0xa9, 0x62, 0xea, 0x6a, 0x0b, 0x73, 0xa9, 0x6a, 0x07, 0x5a, 0x41, 0x28, 0x28, 0x6a, 0xef, 0x9b,
  0x54, 0xc5, 0x75, 0xc5, 0x74, 0xc5, 0x75, 0xc5, 0x74, 0xc5, 0x54, 0xc5, 0x54, 0xc5, 0x54, 0xc5,
  0x54, 0xc5, 0x54, 0xc5, 0x54, 0xbd, 0x54, 0xbd, 0x54, 0xc5, 0x54, 0xc5, 0x54, 0xc5, 0x54, 0xc5,
  0x54, 0xbd, 0x54, 0xc5, 0x34, 0xc5, 0x34, 0xc5, 0x74, 0xcd, 0x2f, 0xa4, 0x69, 0x7a, 0x6d, 0x9b,
  0xae, 0x9b, 0xae, 0x9b, 0xae, 0x9b, 0xee, 0xa3, 0x0b, 0x8b, 0xe3, 0x40, 0xae, 0x9b, 0xb5, 0xd5,
  0x54, 0xcd, 0x54, 0xc5, 0x33, 0xc5, 0x33, 0xc5, 0x33, 0xc5, 0x54, 0xc5, 0x54, 0xc5, 0x54, 0xc5,
  0x54, 0xc5, 0x34, 0xbd, 0x13, 0xbd, 0x13, 0xbd, 0xf3, 0xb4, 0x13, 0xbd, 0x54, 0xc5, 0x54, 0xc5,
  0x54, 0xc5, 0x54, 0xc5, 0x54, 0xc5, 0x54, 0xc5, 0x33, 0xc5, 0x33, 0xc5, 0x33, 0xc5, 0x33, 0xc5,
  0xb2, 0xb4, 0xb2, 0xb4, 0xb2, 0xb4, 0xd2, 0xb4, 0x13, 0xbd, 0x34, 0xc5, 0x54, 0xc5, 0x54, 0xc5,
  0x54, 0xc5, 0x34, 0xc5, 0x33, 0xbd, 0x13, 0xbd, 0xf3, 0xbc, 0x34, 0xbd, 0x13, 0xbd, 0xd2, 0xb4,
  0xce, 0x93, 0xad, 0x93, 0x0e, 0xa4, 0x8b, 0x93, 0xc0, 0x40, 0x83, 0x59, 0x66, 0x7a, 0xa6, 0x82,
  0x65, 0x7a, 0x85, 0x7a, 0xa6, 0x82, 0x08, 0x8b, 0x46, 0x72, 0xc0, 0x40, 0x60, 0x38, 0x6c, 0x93,
  0xd2, 0xbc, 0x54, 0xc5, 0x33, 0xc5, 0x33, 0xc5, 0x33, 0xc5, 0x33, 0xc5, 0x33, 0xc5, 0x33, 0xc5,
  0x34, 0xc5, 0x34, 0xc5, 0x34, 0xbd, 0x34, 0xbd, 0x34, 0xbd, 0x34, 0xbd, 0x34, 0xbd, 0x34, 0xbd,
  0x17, 0xde, 0xae, 0x93, 0x65, 0x41, 0x65, 0x41, 0x24, 0x31, 0x24, 0x31, 0x65, 0x31, 0xe7, 0x41,
  0x07, 0x42, 0xe7, 0x41, 0xa6, 0x41, 0x45, 0x39, 0x05, 0x39, 0x05, 0x31, 0x45, 0x31, 0x45, 0x31,
  0x45, 0x31, 0x45, 0x31, 0x45, 0x31, 0x45, 0x31, 0x45, 0x31, 0x45, 0x31, 0x66, 0x31, 0x66, 0x31,
  0x66, 0x31, 0x66, 0x31, 0x66, 0x31, 0x66, 0x31, 0x86, 0x39, 0x86, 0x39, 0x86, 0x39, 0x86, 0x39,
  0x86, 0x39, 0x86, 0x39, 0x86, 0x39, 0x86, 0x39, 0x86, 0x39, 0x86, 0x39, 0x86, 0x39, 0x86, 0x39,
  0xa6, 0x39, 0xa6, 0x39, 0xa6, 0x39, 0xa6, 0x39, 0x86, 0x39, 0x66, 0x31, 0x66, 0x31, 0x65, 0x31,
  0x45, 0x31, 0x45, 0x31, 0x45, 0x29, 0x45, 0x31, 0x25, 0x31, 0x25, 0x31, 0x25, 0x31, 0x25, 0x31,
  0x04, 0x39, 0xe3, 0x40, 0x20, 0x08, 0x00, 0x00, 0x00, 0x00, 0x00, 0x00, 0x00, 0x00, 0x00, 0x00,
  0x00, 0x00, 0x00, 0x00, 0x00, 0x00, 0x00, 0x00, 0x00, 0x00, 0x00, 0x00, 0x00, 0x00, 0x00, 0x00,
  0x00, 0x00, 0x00, 0x00, 0x00, 0x00, 0x00, 0x00, 0x00, 0x00, 0x00, 0x00, 0x00, 0x00, 0x00, 0x00,
  0x00, 0x00, 0x00, 0x00, 0x00, 0x00, 0x00, 0x00, 0x00, 0x00, 0x00, 0x00, 0x00, 0x00, 0x00, 0x00,
  0x00, 0x00, 0x00, 0x00, 0x00, 0x00, 0x00, 0x00, 0x00, 0x00, 0x00, 0x00, 0x00, 0x00, 0x00, 0x00,
  0x00, 0x00, 0x00, 0x00, 0x00, 0x00, 0x00, 0x00, 0x00, 0x00, 0x00, 0x00, 0x00, 0x00, 0x00, 0x00,
  0x00, 0x00, 0x00, 0x00, 0x00, 0x00, 0x00, 0x00, 0x00, 0x00, 0x00, 0x00, 0x00, 0x00, 0x00, 0x00,
  0x00, 0x00, 0x00, 0x00, 0x00, 0x00, 0x00, 0x00, 0x61, 0x18, 0xa2, 0x30, 0x41, 0x30, 0x41, 0x28,
  0x03, 0x39, 0x85, 0x49, 0xe7, 0x59, 0xc6, 0x59, 0x44, 0x49, 0xe3, 0x38, 0x03, 0x41, 0x82, 0x30,
  0x61, 0x30, 0x61, 0x28, 0x00, 0x10, 0x00, 0x00, 0x00, 0x00, 0x00, 0x00, 0x00, 0x00, 0x00, 0x00,
  0x20, 0x10, 0x82, 0x38, 0x85, 0x51, 0xa9, 0x6a, 0xc9, 0x62, 0xea, 0x62, 0xea, 0x6a, 0xa9, 0x6a,
  0x2c, 0x83, 0x65, 0x51, 0xe4, 0x48, 0x8a, 0x7a, 0x54, 0xc5, 0x75, 0xc5, 0x54, 0xc5, 0x54, 0xc5,
  0x74, 0xc5, 0x54, 0xc5, 0x54, 0xc5, 0x54, 0xc5, 0x54, 0xc5, 0x54, 0xc5, 0x54, 0xbd, 0x54, 0xbd,
  0x54, 0xc5, 0x54, 0xc5, 0x54, 0xc5, 0x54, 0xc5, 0x54, 0xbd, 0x54, 0xbd, 0x54, 0xc5, 0x54, 0xc5,
  0x74, 0xc5, 0xf6, 0xd5, 0x30, 0xac, 0x6d, 0x9b, 0x8d, 0x9b, 0xce, 0xa3, 0xef, 0xa3, 0xef, 0xa3,
  0xc6, 0x61, 0x65, 0x51, 0x34, 0xcd, 0xb6, 0xdd, 0x54, 0xcd, 0x33, 0xc5, 0x13, 0xbd, 0x13, 0xbd,
  0x13, 0xbd, 0x74, 0xc5, 0xd6, 0xd5, 0x17, 0xde, 0xb6, 0xcd, 0xb5, 0xcd, 0x95, 0xcd, 0x75, 0xc5,
  0x75, 0xc5, 0x95, 0xcd, 0x95, 0xcd, 0x74, 0xc5, 0x95, 0xcd, 0x95, 0xd5, 0x95, 0xd5, 0x95, 0xd5,
  0x54, 0xcd, 0x54, 0xcd, 0x54, 0xcd, 0x54, 0xcd, 0x13, 0xc5, 0x13, 0xc5, 0x34, 0xc5, 0x34, 0xc5,
  0x54, 0xc5, 0x54, 0xc5, 0x54, 0xc5, 0x34, 0xc5, 0x34, 0xbd, 0x34, 0xbd, 0x34, 0xc5, 0x34, 0xc5,
  0x54, 0xc5, 0x75, 0xcd, 0xd2, 0xb4, 0xce, 0x93, 0x6c, 0x8b, 0x0f, 0xa4, 0x2b, 0x8b, 0x22, 0x49,
  0x83, 0x59, 0x46, 0x72, 0x66, 0x7a, 0x86, 0x7a, 0x65, 0x7a, 0x85, 0x7a, 0xa6, 0x7a, 0xc7, 0x82,
  0xc4, 0x61, 0x02, 0x49, 0x2c, 0x93, 0x71, 0xb4, 0x54, 0xc5, 0x53, 0xbd, 0x53, 0xbd, 0x53, 0xbd,
  0x33, 0xc5, 0x33, 0xc5, 0x33, 0xc5, 0x33, 0xc5, 0x34, 0xc5, 0x34, 0xc5, 0x34, 0xbd, 0x34, 0xbd,
  0x34, 0xbd, 0x34, 0xbd, 0x34, 0xbd, 0x34, 0xbd, 0x14, 0xbd, 0xb6, 0xd5, 0x2c, 0x7b, 0x65, 0x41,
  0x24, 0x31, 0x44, 0x31, 0x44, 0x31, 0xa6, 0x39, 0xe7, 0x41, 0x07, 0x42, 0xe7, 0x41, 0x86, 0x41,
  0x25, 0x39, 0x05, 0x31, 0x25, 0x31, 0x25, 0x31, 0x45, 0x31, 0x45, 0x31, 0x45, 0x31, 0x45, 0x31,
  0x45, 0x31, 0x45, 0x31, 0x45, 0x31, 0x45, 0x31, 0x45, 0x31, 0x45, 0x31, 0x66, 0x31, 0x66, 0x31,
  0x66, 0x31, 0x66, 0x31, 0x66, 0x31, 0x66, 0x31, 0x66, 0x31, 0x66, 0x31, 0x66, 0x31, 0x66, 0x31,
  0x66, 0x31, 0x66, 0x31, 0x66, 0x31, 0x66, 0x31, 0x66, 0x31, 0x66, 0x31, 0x66, 0x31, 0x66, 0x31,
  0x66, 0x31, 0x65, 0x31, 0x65, 0x31, 0x45, 0x29, 0x45, 0x29, 0x45, 0x29, 0x45, 0x29, 0x45, 0x31,
  0x45, 0x31, 0x45, 0x31, 0x45, 0x31, 0x25, 0x39, 0x04, 0x41, 0xc3, 0x38, 0x00, 0x00, 0x00, 0x00,
  0x00, 0x00, 0x00, 0x00, 0x00, 0x00, 0x00, 0x00, 0x00, 0x00, 0x00, 0x00, 0x00, 0x00, 0x00, 0x00,
  0x00, 0x00, 0x00, 0x00, 0x00, 0x00, 0x00, 0x00, 0x00, 0x00, 0x00, 0x00, 0x00, 0x00, 0x00, 0x00,
  0x00, 0x00, 0x00, 0x00, 0x00, 0x00, 0x00, 0x00, 0x00, 0x00, 0x00, 0x00, 0x00, 0x00, 0x00, 0x00,
  0x00, 0x00, 0x00, 0x00, 0x00, 0x00, 0x00, 0x00, 0x00, 0x00, 0x00, 0x00, 0x00, 0x00, 0x00, 0x00,
  0x00, 0x00, 0x00, 0x00, 0x00, 0x00, 0x00, 0x00, 0x00, 0x00, 0x00, 0x00, 0x00, 0x00, 0x00, 0x00,
  0x00, 0x00, 0x00, 0x00, 0x00, 0x00, 0x00, 0x00, 0x00, 0x00, 0x00, 0x00, 0x00, 0x00, 0x00, 0x00,
  0x00, 0x00, 0x00, 0x00, 0x00, 0x00, 0x00, 0x00, 0x00, 0x00, 0x00, 0x00, 0x00, 0x00, 0x00, 0x00,
  0x00, 0x00, 0x20, 0x08, 0x61, 0x18, 0x61, 0x18, 0x41, 0x18, 0xa2, 0x30, 0x61, 0x30, 0x41, 0x28,
  0x61, 0x18, 0x20, 0x18, 0x41, 0x18, 0x00, 0x08, 0x00, 0x00, 0x00, 0x00, 0x00, 0x00, 0x00, 0x00,
  0x00, 0x00, 0x00, 0x00, 0x00, 0x00, 0x00, 0x00, 0x20, 0x18, 0x82, 0x40, 0x65, 0x51, 0xa9, 0x6a,
  0xea, 0x62, 0x0a, 0x63, 0xc9, 0x62, 0xa9, 0x6a, 0x07, 0x5a, 0xe7, 0x61, 0xc3, 0x40, 0xc3, 0x40,
  0x69, 0x6a, 0x70, 0xa4, 0x54, 0xc5, 0x33, 0xbd, 0x54, 0xc5, 0x54, 0xc5, 0x54, 0xc5, 0x54, 0xc5,
  0x54, 0xc5, 0x54, 0xc5, 0x54, 0xbd, 0x54, 0xbd, 0x54, 0xc5, 0x54, 0xc5, 0x54, 0xc5, 0x54, 0xc5,
  0x54, 0xc5, 0x54, 0xbd, 0x54, 0xbd, 0x54, 0xbd, 0xb1, 0xac, 0x74, 0xc5, 0xd2, 0xc4, 0x8d, 0x9b,
  0x8d, 0x93, 0xce, 0x9b, 0x8d, 0x9b, 0x2c, 0x8b, 0xc2, 0x38, 0x85, 0x51, 0x13, 0xc5, 0xf3, 0xc4,
  0xb1, 0xbc, 0x91, 0xb4, 0x70, 0xac, 0x70, 0xac, 0x91, 0xac, 0x91, 0xac, 0x70, 0xac, 0x50, 0xa4,
  0x0f, 0x9c, 0xee, 0x93, 0xce, 0x93, 0xae, 0x8b, 0xce, 0x93, 0x0f, 0x9c, 0x50, 0xa4, 0x71, 0xac,
  0x91, 0xb4, 0x91, 0xb4, 0x91, 0xb4, 0x91, 0xb4, 0x91, 0xb4, 0x91, 0xb4, 0x91, 0xb4, 0x91, 0xb4,
  0x91, 0xb4, 0x92, 0xb4, 0xb2, 0xb4, 0xb2, 0xb4, 0x54, 0xc5, 0x75, 0xcd, 0x95, 0xcd, 0x95, 0xcd,
  0xb6, 0xd5, 0xb6, 0xd5, 0xb5, 0xcd, 0x95, 0xcd, 0x74, 0xc5, 0x33, 0xbd, 0x71, 0xa4, 0x8d, 0x8b,
  0xee, 0x9b, 0xad, 0x9b, 0xa5, 0x59, 0x60, 0x38, 0x67, 0x7a, 0x66, 0x7a, 0x66, 0x7a, 0x65, 0x7a,
  0x65, 0x7a, 0x65, 0x7a, 0x66, 0x7a, 0x05, 0x6a, 0x43, 0x51, 0x68, 0x72, 0x31, 0xb4, 0xb3, 0xbc,
  0x54, 0xbd, 0x73, 0xb5, 0x53, 0xb5, 0x53, 0xbd, 0x53, 0xbd, 0x33, 0xc5, 0x33, 0xc5, 0x33, 0xc5,
  0x33, 0xc5, 0x33, 0xc5, 0x54, 0xc5, 0x33, 0xbd, 0x33, 0xbd, 0x33, 0xbd, 0x34, 0xbd, 0x34, 0xbd,
  0xf3, 0xbc, 0x38, 0xe6, 0x34, 0xbd, 0xc7, 0x51, 0x03, 0x31, 0x44, 0x31, 0x85, 0x39, 0xa6, 0x39,
  0xc6, 0x39, 0xe7, 0x41, 0x07, 0x42, 0xe7, 0x41, 0x66, 0x31, 0x25, 0x31, 0x05, 0x39, 0x05, 0x39,
  0x45, 0x31, 0x45, 0x31, 0x45, 0x31, 0x45, 0x31, 0x45, 0x31, 0x45, 0x31, 0x45, 0x31, 0x45, 0x31,
  0x45, 0x31, 0x45, 0x31, 0x45, 0x31, 0x45, 0x31, 0x45, 0x29, 0x45, 0x29, 0x45, 0x29, 0x45, 0x29,
  0x45, 0x29, 0x45, 0x29, 0x45, 0x29, 0x45, 0x29, 0x45, 0x31, 0x45, 0x31, 0x65, 0x31, 0x65, 0x31,
  0x65, 0x31, 0x65, 0x31, 0x65, 0x31, 0x65, 0x31, 0x45, 0x31, 0x45, 0x31, 0x45, 0x29, 0x45, 0x29,
  0x45, 0x31, 0x45, 0x31, 0x45, 0x31, 0x45, 0x31, 0x45, 0x31, 0x45, 0x31, 0x45, 0x31, 0x25, 0x39,
  0x04, 0x41, 0xc3, 0x38, 0x00, 0x00, 0x00, 0x00, 0x00, 0x00, 0x00, 0x00, 0x00, 0x00, 0x00, 0x00,
  0x00, 0x00, 0x00, 0x00, 0x00, 0x00, 0x00, 0x00, 0x00, 0x00, 0x00, 0x00, 0x00, 0x00, 0x00, 0x00,
  0x00, 0x00, 0x00, 0x00, 0x00, 0x00, 0x00, 0x00, 0x00, 0x00, 0x00, 0x00, 0x00, 0x00, 0x00, 0x00,
  0x00, 0x00, 0x00, 0x00, 0x00, 0x00, 0x00, 0x00, 0x00, 0x00, 0x00, 0x00, 0x00, 0x00, 0x00, 0x00,
  0x00, 0x00, 0x00, 0x00, 0x00, 0x00, 0x00, 0x00, 0x00, 0x00, 0x00, 0x00, 0x00, 0x00, 0x00, 0x00,
  0x00, 0x00, 0x00, 0x00, 0x00, 0x00, 0x00, 0x00, 0x00, 0x00, 0x00, 0x00, 0x00, 0x00, 0x00, 0x00,
  0x00, 0x00, 0x00, 0x00, 0x00, 0x00, 0x00, 0x00, 0x00, 0x00, 0x00, 0x00, 0x00, 0x00, 0x00, 0x00,
  0x00, 0x00, 0x00, 0x00, 0x00, 0x00, 0x00, 0x00, 0x00, 0x00, 0x00, 0x00, 0x00, 0x00, 0x00, 0x00,
  0x00, 0x00, 0x00, 0x00, 0x00, 0x00, 0x00, 0x00, 0x00, 0x00, 0x00, 0x00, 0x00, 0x00, 0x00, 0x00,
  0x00, 0x00, 0x00, 0x00, 0x00, 0x00, 0x00, 0x00, 0x00, 0x00, 0x00, 0x00, 0x00, 0x00, 0x00, 0x00,
  0x20, 0x18, 0x82, 0x40, 0x85, 0x51, 0xa9, 0x6a, 0xea, 0x62, 0x0a, 0x63, 0xc9, 0x62, 0x89, 0x62,
  0x6c, 0x83, 0xc7, 0x59, 0x62, 0x38, 0x62, 0x38, 0x65, 0x51, 0xeb, 0x7a, 0x71, 0xac, 0x54, 0xc5,
  0x54, 0xc5, 0x54, 0xc5, 0x54, 0xc5, 0x54, 0xc5, 0x54, 0xc5, 0x54, 0xc5, 0x54, 0xbd, 0x54, 0xbd,
  0x54, 0xc5, 0x54, 0xc5, 0x54, 0xc5, 0x54, 0xc5, 0x54, 0xc5, 0x54, 0xbd, 0x74, 0xbd, 0x74, 0xbd,
  0xb1, 0xac, 0xb2, 0xb4, 0xd2, 0xbc, 0x8d, 0x9b, 0x8d, 0x93, 0xae, 0x9b, 0x0b, 0x8b, 0xe7, 0x61,
  0xc3, 0x40, 0xc2, 0x38, 0xa6, 0x51, 0xa5, 0x51, 0x86, 0x51, 0x85, 0x51, 0x65, 0x49, 0x44, 0x49,
  0x85, 0x51, 0x65, 0x49, 0x24, 0x41, 0x03, 0x39, 0x03, 0x41, 0x03, 0x39, 0xe2, 0x38, 0xc2, 0x30,
  0x03, 0x39, 0x24, 0x41, 0x24, 0x41, 0x24, 0x41, 0x04, 0x41, 0x04, 0x41, 0x04, 0x41, 0x24, 0x41,
  0x85, 0x51, 0x85, 0x51, 0x85, 0x51, 0xa6, 0x51, 0x86, 0x51, 0xa6, 0x51, 0xa6, 0x51, 0xc6, 0x51,
  0xa6, 0x51, 0x07, 0x5a, 0x89, 0x6a, 0xca, 0x72, 0x0c, 0x83, 0x8d, 0x8b, 0x0f, 0x9c, 0x71, 0xac,
  0x13, 0xbd, 0x71, 0xac, 0x10, 0xa4, 0x0f, 0xa4, 0xee, 0xa3, 0x2b, 0x8b, 0xa1, 0x38, 0x84, 0x59,
  0x88, 0x82, 0x87, 0x7a, 0x66, 0x7a, 0x65, 0x7a, 0x85, 0x7a, 0x65, 0x7a, 0x45, 0x72, 0x22, 0x49,
  0x88, 0x7a, 0xee, 0xa3, 0x14, 0xcd, 0xd3, 0xbc, 0x53, 0xbd, 0x53, 0xb5, 0x53, 0xbd, 0x53, 0xbd,
  0x33, 0xbd, 0x33, 0xbd, 0x33, 0xc5, 0x34, 0xc5, 0x34, 0xc5, 0x34, 0xc5, 0x54, 0xc5, 0x53, 0xc5,
  0x53, 0xc5, 0x33, 0xbd, 0x34, 0xbd, 0x34, 0xc5, 0x75, 0xcd, 0x75, 0xcd, 0xef, 0x9b, 0x86, 0x49,
  0xe2, 0x30, 0x43, 0x39, 0xa5, 0x41, 0xe7, 0x49, 0xc6, 0x41, 0xc6, 0x39, 0xe7, 0x41, 0x08, 0x42,
  0xa7, 0x39, 0x25, 0x31, 0x25, 0x39, 0x04, 0x39, 0x45, 0x31, 0x45, 0x31, 0x65, 0x31, 0x45, 0x31,
  0x45, 0x31, 0x45, 0x31, 0x45, 0x31, 0x45, 0x31, 0x45, 0x31, 0x45, 0x31, 0x45, 0x31, 0x45, 0x31,
  0x45, 0x29, 0x45, 0x29, 0x45, 0x29, 0x45, 0x29, 0x45, 0x29, 0x45, 0x29, 0x45, 0x29, 0x45, 0x29,
  0x45, 0x29, 0x45, 0x29, 0x45, 0x29, 0x45, 0x29, 0x45, 0x29, 0x45, 0x29, 0x45, 0x29, 0x45, 0x29,
  0x45, 0x31, 0x45, 0x31, 0x45, 0x29, 0x45, 0x29, 0x46, 0x31, 0x46, 0x31, 0x46, 0x31, 0x45, 0x29,
  0x45, 0x29, 0x45, 0x31, 0x25, 0x31, 0x04, 0x39, 0x04, 0x41, 0x62, 0x20, 0x00, 0x00, 0x00, 0x00,
  0x00, 0x00, 0x00, 0x00, 0x00, 0x00, 0x00, 0x00, 0x00, 0x00, 0x00, 0x00, 0x00, 0x00, 0x00, 0x00,
  0x00, 0x00, 0x00, 0x00, 0x00, 0x00, 0x00, 0x00, 0x00, 0x00, 0x00, 0x00, 0x00, 0x00, 0x00, 0x00,
  0x00, 0x00, 0x00, 0x00, 0x00, 0x00, 0x00, 0x00, 0x00, 0x00, 0x00, 0x00, 0x00, 0x00, 0x00, 0x00,
  0x00, 0x00, 0x00, 0x00, 0x00, 0x00, 0x00, 0x00, 0x00, 0x00, 0x00, 0x00, 0x00, 0x00, 0x00, 0x00,
  0x00, 0x00, 0x00, 0x00, 0x00, 0x00, 0x00, 0x00, 0x00, 0x00, 0x00, 0x00, 0x00, 0x00, 0x00, 0x00,
  0x00, 0x00, 0x00, 0x00, 0x00, 0x00, 0x00, 0x00, 0x00, 0x00, 0x00, 0x00, 0x00, 0x00, 0x00, 0x00,
  0x00, 0x00, 0x00, 0x00, 0x00, 0x00, 0x00, 0x00, 0x00, 0x00, 0x00, 0x00, 0x00, 0x00, 0x00, 0x00,
  0x00, 0x00, 0x00, 0x00, 0x00, 0x00, 0x00, 0x00, 0x00, 0x00, 0x00, 0x00, 0x00, 0x00, 0x00, 0x00,
  0x00, 0x00, 0x00, 0x00, 0x00, 0x00, 0x00, 0x00, 0x00, 0x00, 0x00, 0x00, 0x00, 0x00, 0x00, 0x00,
  0x00, 0x00, 0x00, 0x00, 0x00, 0x00, 0x00, 0x00, 0x41, 0x18, 0xe3, 0x40, 0xa5, 0x49, 0x2b, 0x73,
  0xca, 0x62, 0xca, 0x62, 0x89, 0x5a, 0xa9, 0x62, 0xe6, 0x49, 0x45, 0x41, 0xe4, 0x40, 0xc3, 0x40,
  0x82, 0x38, 0xe4, 0x48, 0x6d, 0x93, 0x71, 0xb4, 0x14, 0xc5, 0x54, 0xc5, 0x54, 0xc5, 0x34, 0xbd,
  0x54, 0xbd, 0x54, 0xbd, 0x54, 0xbd, 0x54, 0xbd, 0x54, 0xc5, 0x54, 0xc5, 0x54, 0xbd, 0x54, 0xbd,
  0x54, 0xc5, 0x54, 0xc5, 0x54, 0xbd, 0x54, 0xc5, 0x54, 0xc5, 0x13, 0xc5, 0x54, 0xcd, 0x8e, 0x9b,
  0xce, 0x9b, 0x4c, 0x8b, 0xe7, 0x61, 0x65, 0x51, 0x04, 0x41, 0x24, 0x41, 0x44, 0x39, 0x64, 0x39,
  0xc3, 0x38, 0xa3, 0x40, 0xc3, 0x40, 0x04, 0x49, 0xa3, 0x38, 0xc3, 0x40, 0x04, 0x49, 0xc2, 0x40,
  0x03, 0x49, 0xe2, 0x40, 0xe2, 0x40, 0xe3, 0x40, 0xe3, 0x40, 0xe3, 0x48, 0x03, 0x49, 0xc2, 0x40,
  0x04, 0x41, 0x25, 0x41, 0xa6, 0x49, 0x65, 0x39, 0x45, 0x39, 0x45, 0x41, 0x45, 0x39, 0x45, 0x41,
  0x25, 0x41, 0xe4, 0x38, 0x04, 0x31, 0x44, 0x39, 0x25, 0x41, 0x04, 0x39, 0xc3, 0x30, 0x82, 0x30,
  0x82, 0x30, 0x82, 0x30, 0x82, 0x30, 0x82, 0x30, 0xe4, 0x40, 0x45, 0x51, 0xa6, 0x59, 0x07, 0x6a,
  0x68, 0x72, 0xe3, 0x40, 0xc2, 0x40, 0x88, 0x7a, 0x87, 0x7a, 0x05, 0x72, 0x25, 0x72, 0x87, 0x82,
  0x05, 0x72, 0x46, 0x72, 0x63, 0x51, 0x02, 0x49, 0xad, 0x9b, 0x70, 0xac, 0x13, 0xbd, 0xf2, 0xbc,
  0x33, 0xb5, 0x33, 0xbd, 0x33, 0xbd, 0x33, 0xbd, 0x33, 0xbd, 0x33, 0xbd, 0x33, 0xbd, 0x34, 0xbd,
  0x35, 0xc5, 0x35, 0xc5, 0x34, 0xc5, 0x53, 0xc5, 0x53, 0xc5, 0x53, 0xc5, 0x54, 0xc5, 0x75, 0xcd,
  0xf6, 0xdd, 0xa9, 0x7a, 0xa2, 0x38, 0x03, 0x49, 0x06, 0x6a, 0x05, 0x62, 0xa0, 0x38, 0x84, 0x49,
  0xc6, 0x41, 0x28, 0x4a, 0xa6, 0x39, 0x09, 0x4a, 0x28, 0x4a, 0xe7, 0x41, 0x64, 0x39, 0x44, 0x31,
  0x24, 0x31, 0x45, 0x31, 0x65, 0x31, 0x24, 0x29, 0x45, 0x31, 0x45, 0x31, 0x45, 0x31, 0x45, 0x31,
  0x45, 0x31, 0x45, 0x31, 0x45, 0x31, 0x45, 0x31, 0x45, 0x31, 0x45, 0x31, 0x45, 0x31, 0x45, 0x31,
  0x45, 0x29, 0x45, 0x29, 0x45, 0x29, 0x45, 0x29, 0x45, 0x29, 0x45, 0x29, 0x45, 0x29, 0x45, 0x29,
  0x45, 0x29, 0x45, 0x29, 0x45, 0x29, 0x45, 0x29, 0x45, 0x29, 0x25, 0x29, 0x25, 0x29, 0x25, 0x29,
  0x46, 0x31, 0x46, 0x31, 0x46, 0x31, 0x66, 0x29, 0x65, 0x29, 0x45, 0x31, 0x04, 0x41, 0xe4, 0x40,
  0xa2, 0x28, 0x00, 0x00, 0x00, 0x00, 0x00, 0x00, 0x00, 0x00, 0x00, 0x00, 0x00, 0x00, 0x00, 0x00,
  0x00, 0x00, 0x00, 0x00, 0x00, 0x00, 0x00, 0x00, 0x00, 0x00, 0x00, 0x00, 0x00, 0x00, 0x00, 0x00,
  0x00, 0x00, 0x00, 0x00, 0x00, 0x00, 0x00, 0x00, 0x00, 0x00, 0x00, 0x00, 0x00, 0x00, 0x00, 0x00,
  0x00, 0x00, 0x00, 0x00, 0x00, 0x00, 0x00, 0x00, 0x00, 0x00, 0x00, 0x00, 0x00, 0x00, 0x00, 0x00,
  0x00, 0x00, 0x00, 0x00, 0x00, 0x00, 0x00, 0x00, 0x00, 0x00, 0x00, 0x00, 0x00, 0x00, 0x00, 0x00,
  0x00, 0x00, 0x00, 0x00, 0x00, 0x00, 0x00, 0x00, 0x00, 0x00, 0x00, 0x00, 0x00, 0x00, 0x00, 0x00,
  0x00, 0x00, 0x00, 0x00, 0x00, 0x00, 0x00, 0x00, 0x00, 0x00, 0x00, 0x00, 0x00, 0x00, 0x00, 0x00,
  0x00, 0x00, 0x00, 0x00, 0x00, 0x00, 0x00, 0x00, 0x00, 0x00, 0x00, 0x00, 0x00, 0x00, 0x00, 0x00,
  0x00, 0x00, 0x00, 0x00, 0x00, 0x00, 0x00, 0x00, 0x00, 0x00, 0x00, 0x00, 0x00, 0x00, 0x00, 0x00,
  0x00, 0x00, 0x00, 0x00, 0x00, 0x00, 0x00, 0x00, 0x00, 0x00, 0x00, 0x00, 0x00, 0x00, 0x00, 0x00,
  0x82, 0x30, 0x04, 0x41, 0x07, 0x52, 0x2b, 0x6b, 0xca, 0x62, 0xea, 0x6a, 0xea, 0x62, 0xca, 0x62,
  0x85, 0x41, 0x04, 0x39, 0x04, 0x41, 0x86, 0x51, 0xa3, 0x40, 0x42, 0x38, 0xc7, 0x61, 0x0c, 0x8b,
  0xb2, 0xb4, 0x54, 0xc5, 0x34, 0xc5, 0x13, 0xbd, 0x54, 0xc5, 0x54, 0xbd, 0x54, 0xbd, 0x54, 0xbd,
  0x54, 0xc5, 0x54, 0xc5, 0x54, 0xbd, 0x54, 0xbd, 0x54, 0xbd, 0x54, 0xc5, 0x54, 0xc5, 0x54, 0xc5,
  0x34, 0xc5, 0x13, 0xc5, 0xf3, 0xc4, 0xae, 0x9b, 0xae, 0x93, 0x48, 0x6a, 0xe3, 0x40, 0x04, 0x49,
  0xa6, 0x59, 0xc6, 0x51, 0xc6, 0x41, 0xc6, 0x49, 0x4a, 0x6a, 0xe4, 0x48, 0x07, 0x6a, 0x27, 0x72,
  0x48, 0x72, 0x27, 0x6a, 0xe6, 0x69, 0xe9, 0x82, 0x2a, 0x8b, 0xc9, 0x82, 0x48, 0x72, 0x07, 0x6a,
  0xa6, 0x61, 0xc6, 0x61, 0xc5, 0x61, 0xe6, 0x61, 0xe4, 0x40, 0xe4, 0x38, 0xa6, 0x41, 0xa6, 0x41,
  0xa7, 0x49, 0xa7, 0x49, 0xc7, 0x49, 0xa7, 0x49, 0x66, 0x49, 0x45, 0x41, 0x65, 0x39, 0xa6, 0x41,
  0xc7, 0x51, 0xa7, 0x51, 0x66, 0x49, 0x65, 0x49, 0x65, 0x49, 0x65, 0x49, 0x65, 0x49, 0x65, 0x49,
  0x04, 0x41, 0xe4, 0x40, 0xe3, 0x40, 0xc3, 0x40, 0xa2, 0x38, 0x81, 0x38, 0x03, 0x49, 0x26, 0x72,
  0x67, 0x7a, 0x87, 0x82, 0xa8, 0x8a, 0x09, 0x93, 0xe5, 0x69, 0xe2, 0x48, 0xa4, 0x59, 0xed, 0xa3,
  0x70, 0xac, 0xb1, 0xb4, 0xf2, 0xb4, 0xf2, 0xb4, 0x32, 0xbd, 0x33, 0xbd, 0x33, 0xbd, 0x33, 0xbd,
  0x33, 0xbd, 0x33, 0xbd, 0x33, 0xbd, 0x34, 0xbd, 0x35, 0xc5, 0x35, 0xc5, 0x54, 0xc5, 0x53, 0xc5,
  0x33, 0xbd, 0x95, 0xcd, 0x14, 0xc5, 0xf3, 0xc4, 0x4f, 0xac, 0x02, 0x49, 0x23, 0x51, 0xc8, 0x8a,
  0x6a, 0x9b, 0xe7, 0x8a, 0x24, 0x72, 0xe0, 0x38, 0xc5, 0x49, 0x28, 0x52, 0xe8, 0x49, 0x09, 0x4a,
  0xe8, 0x49, 0xc7, 0x41, 0x85, 0x39, 0x64, 0x39, 0x24, 0x31, 0x45, 0x39, 0x45, 0x31, 0x45, 0x31,
  0x45, 0x31, 0x45, 0x31, 0x45, 0x31, 0x45, 0x31, 0x45, 0x31, 0x25, 0x31, 0x45, 0x31, 0x45, 0x31,
  0x45, 0x31, 0x45, 0x31, 0x45, 0x31, 0x45, 0x31, 0x45, 0x29, 0x45, 0x29, 0x45, 0x29, 0x45, 0x29,
  0x45, 0x29, 0x45, 0x29, 0x45, 0x29, 0x45, 0x29, 0x45, 0x29, 0x45, 0x29, 0x45, 0x29, 0x45, 0x29,
  0x25, 0x29, 0x45, 0x29, 0x45, 0x29, 0x46, 0x29, 0x46, 0x31, 0x46, 0x31, 0x46, 0x29, 0x65, 0x29,
  0x65, 0x31, 0x44, 0x31, 0x03, 0x41, 0xe3, 0x48, 0x00, 0x00, 0x00, 0x00, 0x00, 0x00, 0x00, 0x00,
  0x00, 0x00, 0x00, 0x00, 0x00, 0x00, 0x00, 0x00, 0x00, 0x00, 0x00, 0x00, 0x00, 0x00, 0x00, 0x00,
  0x00, 0x00, 0x00, 0x00, 0x00, 0x00, 0x00, 0x00, 0x00, 0x00, 0x00, 0x00, 0x00, 0x00, 0x00, 0x00,
  0x00, 0x00, 0x00, 0x00, 0x00, 0x00, 0x00, 0x00, 0x00, 0x00, 0x00, 0x00, 0x00, 0x00, 0x00, 0x00,
  0x00, 0x00, 0x00, 0x00, 0x00, 0x00, 0x00, 0x00, 0x00, 0x00, 0x00, 0x00, 0x00, 0x00, 0x00, 0x00,
  0x00, 0x00, 0x00, 0x00, 0x00, 0x00, 0x00, 0x00, 0x00, 0x00, 0x00, 0x00, 0x00, 0x00, 0x00, 0x00,
  0x00, 0x00, 0x00, 0x00, 0x00, 0x00, 0x00, 0x00, 0x00, 0x00, 0x00, 0x00, 0x00, 0x00, 0x00, 0x00,
  0x00, 0x00, 0x00, 0x00, 0x00, 0x00, 0x00, 0x00, 0x00, 0x00, 0x00, 0x00, 0x00, 0x00, 0x00, 0x00,
  0x00, 0x00, 0x00, 0x00, 0x00, 0x00, 0x00, 0x00, 0x00, 0x00, 0x00, 0x00, 0x00, 0x00, 0x00, 0x00,
  0x00, 0x00, 0x00, 0x00, 0x00, 0x00, 0x00, 0x00, 0x00, 0x00, 0x00, 0x00, 0x00, 0x00, 0x00, 0x00,
  0x00, 0x00, 0x00, 0x00, 0x00, 0x00, 0x00, 0x00, 0xa3, 0x38, 0x24, 0x41, 0x89, 0x62, 0x2b, 0x6b,
  0xea, 0x62, 0x2b, 0x6b, 0xa9, 0x62, 0x07, 0x52, 0xc3, 0x30, 0x65, 0x41, 0xa6, 0x49, 0x45, 0x41,
  0x25, 0x49, 0xc3, 0x40, 0xe3, 0x40, 0x86, 0x59, 0x4d, 0x8b, 0x92, 0xb4, 0x54, 0xc5, 0x75, 0xcd,
  0x54, 0xc5, 0x54, 0xc5, 0x54, 0xbd, 0x54, 0xbd, 0x54, 0xc5, 0x54, 0xc5, 0x54, 0xbd, 0x54, 0xbd,
  0x54, 0xbd, 0x54, 0xc5, 0x54, 0xc5, 0x54, 0xc5, 0x13, 0xc5, 0x34, 0xc5, 0x71, 0xb4, 0xce, 0x9b,
  0x4c, 0x8b, 0x24, 0x49, 0xa2, 0x38, 0x24, 0x49, 0x86, 0x51, 0x85, 0x49, 0x64, 0x39, 0x24, 0x39,
  0xc4, 0x38, 0xc3, 0x40, 0xab, 0x9b, 0x75, 0xf6, 0xef, 0xc4, 0xaa, 0x9b, 0xcf, 0xbc, 0x75, 0xf6,
  0xd6, 0xfe, 0xf3, 0xe5, 0x0e, 0xa4, 0x28, 0x6a, 0x6d, 0x93, 0xac, 0x9b, 0xa9, 0x93, 0x4d, 0xac,
  0x48, 0x72, 0xe4, 0x40, 0xc3, 0x30, 0x24, 0x31, 0x25, 0x39, 0x25, 0x39, 0x25, 0x39, 0x25, 0x39,
  0x66, 0x49, 0x45, 0x41, 0xa6, 0x41, 0xe7, 0x49, 0x86, 0x41, 0x66, 0x49, 0x66, 0x41, 0x65, 0x41,
  0x65, 0x41, 0x65, 0x41, 0x66, 0x49, 0x66, 0x49, 0x65, 0x49, 0x65, 0x49, 0x86, 0x49, 0x86, 0x51,
  0xc3, 0x40, 0x44, 0x59, 0x43, 0x51, 0x26, 0x72, 0xa8, 0x82, 0xc8, 0x8a, 0xe8, 0x8a, 0x67, 0x7a,
  0x83, 0x59, 0x02, 0x49, 0x8c, 0x9b, 0xf2, 0xc4, 0xd1, 0xbc, 0xd1, 0xbc, 0xf2, 0xbc, 0x12, 0xbd,
  0x33, 0xbd, 0x13, 0xbd, 0x33, 0xbd, 0x33, 0xbd, 0x33, 0xbd, 0x33, 0xbd, 0x33, 0xbd, 0x33, 0xbd,
  0x34, 0xc5, 0x54, 0xc5, 0x53, 0xc5, 0x53, 0xc5, 0x53, 0xcd, 0xf2, 0xbc, 0x14, 0xc5, 0x0c, 0x8b,
  0x00, 0x28, 0x82, 0x59, 0x08, 0x93, 0xa5, 0x82, 0x43, 0x72, 0xa8, 0xa3, 0x2d, 0xd5, 0xe5, 0x7a,
  0x62, 0x41, 0x24, 0x31, 0xa7, 0x41, 0x67, 0x39, 0xa8, 0x41, 0xa8, 0x41, 0xa7, 0x41, 0x86, 0x41,
  0x25, 0x39, 0x05, 0x39, 0x25, 0x39, 0x25, 0x39, 0x45, 0x39, 0x45, 0x31, 0x45, 0x31, 0x45, 0x31,
  0x45, 0x31, 0x45, 0x31, 0x45, 0x31, 0x45, 0x31, 0x45, 0x31, 0x45, 0x31, 0x45, 0x29, 0x45, 0x29,
  0x45, 0x29, 0x45, 0x29, 0x45, 0x29, 0x45, 0x29, 0x45, 0x29, 0x45, 0x29, 0x45, 0x29, 0x45, 0x29,
  0x45, 0x29, 0x45, 0x29, 0x45, 0x29, 0x45, 0x29, 0x45, 0x29, 0x45, 0x29, 0x66, 0x31, 0x86, 0x31,
  0x66, 0x31, 0x66, 0x29, 0x66, 0x29, 0x65, 0x31, 0x45, 0x31, 0x24, 0x39, 0x04, 0x41, 0xa2, 0x28,
  0x00, 0x00, 0x00, 0x00, 0x00, 0x00, 0x00, 0x00, 0x00, 0x00, 0x00, 0x00, 0x00, 0x00, 0x00, 0x00,
  0x00, 0x00, 0x00, 0x00, 0x00, 0x00, 0x00, 0x00, 0x00, 0x00, 0x00, 0x00, 0x00, 0x00, 0x00, 0x00,
  0x00, 0x00, 0x00, 0x00, 0x00, 0x00, 0x00, 0x00, 0x00, 0x00, 0x00, 0x00, 0x00, 0x00, 0x00, 0x00,
  0x00, 0x00, 0x00, 0x00, 0x00, 0x00, 0x00, 0x00, 0x00, 0x00, 0x00, 0x00, 0x00, 0x00, 0x00, 0x00,
  0x00, 0x00, 0x00, 0x00, 0x00, 0x00, 0x00, 0x00, 0x00, 0x00, 0x00, 0x00, 0x00, 0x00, 0x00, 0x00,
  0x00, 0x00, 0x00, 0x00, 0x00, 0x00, 0x00, 0x00, 0x00, 0x00, 0x00, 0x00, 0x00, 0x00, 0x00, 0x00,
  0x00, 0x00, 0x00, 0x00, 0x00, 0x00, 0x00, 0x00, 0x00, 0x00, 0x00, 0x00, 0x00, 0x00, 0x00, 0x00,
  0x00, 0x00, 0x00, 0x00, 0x00, 0x00, 0x00, 0x00, 0x00, 0x00, 0x00, 0x00, 0x00, 0x00, 0x00, 0x00,
  0x00, 0x00, 0x00, 0x00, 0x00, 0x00, 0x00, 0x00, 0x00, 0x00, 0x00, 0x00, 0x00, 0x00, 0x00, 0x00,
  0x00, 0x00, 0x00, 0x00, 0x00, 0x00, 0x00, 0x00, 0x00, 0x00, 0x00, 0x00, 0x00, 0x00, 0x00, 0x08,
  0xc3, 0x40, 0x25, 0x41, 0xca, 0x6a, 0x0b, 0x6b, 0x0b, 0x6b, 0x0b, 0x6b, 0x07, 0x52, 0xe4, 0x38,
  0x24, 0x41, 0x65, 0x41, 0x85, 0x41, 0x64, 0x39, 0x45, 0x49, 0x45, 0x51, 0xe3, 0x40, 0xc3, 0x38,
  0xa6, 0x59, 0x2c, 0x8b, 0xd2, 0xbc, 0xd6, 0xdd, 0x54, 0xc5, 0x54, 0xc5, 0x54, 0xbd, 0x54, 0xbd,
  0x54, 0xc5, 0x54, 0xbd, 0x54, 0xbd, 0x54, 0xbd, 0x54, 0xbd, 0x54, 0xbd, 0x54, 0xc5, 0x54, 0xc5,
  0x13, 0xbd, 0x34, 0xc5, 0x0f, 0xa4, 0xef, 0xa3, 0xcb, 0x7a, 0xe3, 0x40, 0x04, 0x41, 0x24, 0x41,
  0xc6, 0x51, 0x85, 0x49, 0x44, 0x39, 0x04, 0x31, 0xe4, 0x40, 0x23, 0x49, 0xea, 0x9b, 0xc9, 0x93,
  0x45, 0x6a, 0x66, 0x6a, 0x86, 0x72, 0x08, 0x83, 0x69, 0x8b, 0x65, 0x6a, 0x84, 0x51, 0x23, 0x49,
  0xe2, 0x40, 0xe4, 0x59, 0xa5, 0x72, 0x6c, 0xac, 0x68, 0x72, 0xe4, 0x38, 0x86, 0x41, 0x86, 0x39,
  0x65, 0x39, 0x65, 0x41, 0x65, 0x39, 0x65, 0x41, 0x25, 0x39, 0x25, 0x39, 0x86, 0x39, 0xe7, 0x49,
  0x45, 0x39, 0x45, 0x41, 0x65, 0x39, 0x65, 0x41, 0x66, 0x41, 0x66, 0x41, 0x66, 0x41, 0x66, 0x41,
  0x04, 0x39, 0x24, 0x39, 0x24, 0x39, 0x04, 0x39, 0x04, 0x49, 0xe3, 0x50, 0xa1, 0x40, 0xa4, 0x61,
  0xe9, 0x8a, 0x09, 0x8b, 0x46, 0x72, 0x01, 0x49, 0x42, 0x51, 0x0e, 0xa4, 0x90, 0xb4, 0x70, 0xac,
  0xb1, 0xb4, 0xb1, 0xb4, 0xd1, 0xb4, 0xf2, 0xbc, 0xf2, 0xbc, 0x12, 0xbd, 0x13, 0xbd, 0x13, 0xbd,
  0x13, 0xbd, 0x13, 0xbd, 0x33, 0xbd, 0x33, 0xbd, 0x33, 0xc5, 0x53, 0xc5, 0x53, 0xc5, 0x53, 0xc5,
  0x33, 0xcd, 0xf2, 0xc4, 0x0f, 0xac, 0x64, 0x59, 0x82, 0x61, 0x0a, 0xac, 0xc8, 0xab, 0x66, 0x9b,
  0xa4, 0x82, 0xe4, 0x8a, 0x69, 0xbc, 0x86, 0x9b, 0x85, 0x6a, 0x43, 0x41, 0xa6, 0x49, 0x86, 0x41,
  0x87, 0x41, 0xa8, 0x41, 0xa7, 0x41, 0x87, 0x41, 0x46, 0x41, 0xe4, 0x38, 0x04, 0x39, 0x25, 0x41,
  0x25, 0x39, 0x25, 0x39, 0x45, 0x31, 0x45, 0x31, 0x45, 0x31, 0x45, 0x31, 0x45, 0x31, 0x45, 0x31,
  0x45, 0x31, 0x45, 0x29, 0x45, 0x29, 0x45, 0x29, 0x45, 0x29, 0x45, 0x29, 0x45, 0x29, 0x45, 0x29,
  0x45, 0x29, 0x45, 0x29, 0x45, 0x29, 0x45, 0x29, 0x45, 0x29, 0x45, 0x29, 0x45, 0x29, 0x45, 0x29,
  0x45, 0x29, 0x45, 0x29, 0x86, 0x31, 0xa7, 0x39, 0x66, 0x31, 0x66, 0x29, 0x65, 0x29, 0x65, 0x31,
  0x24, 0x39, 0x04, 0x41, 0xa2, 0x28, 0x00, 0x00, 0x00, 0x00, 0x00, 0x00, 0x00, 0x00, 0x00, 0x00,
  0x00, 0x00, 0x00, 0x00, 0x00, 0x00, 0x00, 0x00, 0x00, 0x00, 0x00, 0x00, 0x00, 0x00, 0x00, 0x00,
  0x00, 0x00, 0x00, 0x00, 0x00, 0x00, 0x00, 0x00, 0x00, 0x00, 0x00, 0x00, 0x00, 0x00, 0x00, 0x00,
  0x00, 0x00, 0x00, 0x00, 0x00, 0x00, 0x00, 0x00, 0x00, 0x00, 0x00, 0x00, 0x00, 0x00, 0x00, 0x00,
  0x00, 0x00, 0x00, 0x00, 0x00, 0x00, 0x00, 0x00, 0x00, 0x00, 0x00, 0x00, 0x00, 0x00, 0x00, 0x00,
  0x00, 0x00, 0x00, 0x00, 0x00, 0x00, 0x00, 0x00, 0x00, 0x00, 0x00, 0x00, 0x00, 0x00, 0x00, 0x00,
  0x00, 0x00, 0x00, 0x00, 0x00, 0x00, 0x00, 0x00, 0x00, 0x00, 0x00, 0x00, 0x00, 0x00, 0x00, 0x00,
  0x00, 0x00, 0x00, 0x00, 0x00, 0x00, 0x00, 0x00, 0x00, 0x00, 0x00, 0x00, 0x00, 0x00, 0x00, 0x00,
  0x00, 0x00, 0x00, 0x00, 0x00, 0x00, 0x00, 0x00, 0x00, 0x00, 0x00, 0x00, 0x00, 0x00, 0x00, 0x00,
  0x00, 0x00, 0x00, 0x00, 0x00, 0x00, 0x00, 0x00, 0x00, 0x00, 0x00, 0x00, 0x00, 0x00, 0x00, 0x00,
  0x00, 0x00, 0x00, 0x00, 0x00, 0x00, 0x21, 0x18, 0xc3, 0x40, 0xa7, 0x51, 0xeb, 0x6a, 0x4c, 0x73,
  0xca, 0x62, 0x89, 0x5a, 0x24, 0x39, 0xe3, 0x38, 0x45, 0x41, 0x65, 0x41, 0x85, 0x39, 0x85, 0x39,
  0x04, 0x39, 0x04, 0x41, 0x44, 0x49, 0x04, 0x41, 0x24, 0x49, 0x08, 0x6a, 0x6d, 0x93, 0xb2, 0xbc,
  0x54, 0xc5, 0x74, 0xc5, 0x54, 0xc5, 0x13, 0xbd, 0x54, 0xc5, 0x54, 0xbd, 0x33, 0xbd, 0x13, 0xb5,
  0x53, 0xbd, 0x54, 0xbd, 0x54, 0xc5, 0x54, 0xc5, 0x34, 0xc5, 0x13, 0xc5, 0xae, 0x9b, 0xcf, 0xa3,
  0xe7, 0x61, 0x82, 0x38, 0x04, 0x41, 0x85, 0x49, 0x85, 0x41, 0xa6, 0x49, 0x65, 0x41, 0xc3, 0x30,
  0x04, 0x39, 0x23, 0x41, 0x64, 0x62, 0xa8, 0x8b, 0x22, 0x41, 0x04, 0x41, 0x04, 0x41, 0x03, 0x41,
  0x23, 0x41, 0x02, 0x41, 0x03, 0x41, 0x23, 0x41, 0x22, 0x41, 0x01, 0x41, 0xe3, 0x59, 0x8e, 0xac,
  0xca, 0x72, 0x04, 0x31, 0xc6, 0x39, 0xe7, 0x39, 0xc6, 0x39, 0xc6, 0x39, 0xa6, 0x39, 0x85, 0x31,
  0x65, 0x39, 0x45, 0x39, 0xa6, 0x41, 0xa6, 0x41, 0x86, 0x41, 0x25, 0x39, 0xa7, 0x41, 0xc7, 0x41,
  0xa6, 0x41, 0xa6, 0x41, 0xa6, 0x41, 0x86, 0x41, 0x86, 0x41, 0x86, 0x39, 0x86, 0x39, 0x85, 0x41,
  0x04, 0x41, 0x03, 0x49, 0xe2, 0x48, 0x43, 0x51, 0xe9, 0x82, 0x26, 0x72, 0x62, 0x51, 0x83, 0x51,
  0xac, 0x93, 0xb0, 0xb4, 0xd1, 0xb4, 0xd1, 0xbc, 0xb1, 0xb4, 0xb1, 0xb4, 0xb1, 0xb4, 0xb1, 0xb4,
  0xf2, 0xbc, 0xf2, 0xbc, 0x12, 0xbd, 0x12, 0xbd, 0x13, 0xbd, 0x13, 0xbd, 0x13, 0xbd, 0x13, 0xbd,
  0x73, 0xc5, 0x53, 0xc5, 0x53, 0xcd, 0x12, 0xc5, 0xf2, 0xc4, 0x50, 0xb4, 0xa5, 0x61, 0x80, 0x40,
  0xa7, 0xa3, 0x06, 0xb4, 0x87, 0xc4, 0xe6, 0xb3, 0xc3, 0x8a, 0xc4, 0x92, 0x04, 0x9b, 0x25, 0x93,
  0x67, 0x93, 0xc6, 0x72, 0x01, 0x39, 0x65, 0x49, 0xc7, 0x49, 0x88, 0x41, 0x87, 0x39, 0x87, 0x39,
  0xc7, 0x41, 0x66, 0x41, 0xe4, 0x38, 0xc4, 0x38, 0x05, 0x39, 0x25, 0x39, 0x45, 0x31, 0x45, 0x31,
  0x45, 0x29, 0x45, 0x29, 0x45, 0x29, 0x45, 0x29, 0x45, 0x29, 0x45, 0x29, 0x45, 0x29, 0x45, 0x29,
  0x45, 0x29, 0x45, 0x29, 0x45, 0x29, 0x45, 0x29, 0x45, 0x31, 0x45, 0x31, 0x45, 0x31, 0x45, 0x31,
  0x45, 0x31, 0x45, 0x31, 0x65, 0x31, 0x65, 0x31, 0x45, 0x29, 0x65, 0x31, 0x86, 0x39, 0xa7, 0x39,
  0x65, 0x31, 0x65, 0x31, 0x45, 0x31, 0x24, 0x39, 0x04, 0x39, 0x82, 0x20, 0x00, 0x00, 0x00, 0x00,
  0x00, 0x00, 0x00, 0x00, 0x00, 0x00, 0x00, 0x00, 0x00, 0x00, 0x00, 0x00, 0x00, 0x00, 0x00, 0x00,
  0x00, 0x00, 0x00, 0x00, 0x00, 0x00, 0x00, 0x00, 0x00, 0x00, 0x00, 0x00, 0x00, 0x00, 0x00, 0x00,
  0x00, 0x00, 0x00, 0x00, 0x00, 0x00, 0x00, 0x00, 0x00, 0x00, 0x00, 0x00, 0x00, 0x00, 0x00, 0x00,
  0x00, 0x00, 0x00, 0x00, 0x00, 0x00, 0x00, 0x00, 0x00, 0x00, 0x00, 0x00, 0x00, 0x00, 0x00, 0x00,
  0x00, 0x00, 0x00, 0x00, 0x00, 0x00, 0x00, 0x00, 0x00, 0x00, 0x00, 0x00, 0x00, 0x00, 0x00, 0x00,
  0x00, 0x00, 0x00, 0x00, 0x00, 0x00, 0x00, 0x00, 0x00, 0x00, 0x00, 0x00, 0x00, 0x00, 0x00, 0x00,
  0x00, 0x00, 0x00, 0x00, 0x00, 0x00, 0x00, 0x00, 0x00, 0x00, 0x00, 0x00, 0x00, 0x00, 0x00, 0x00,
  0x00, 0x00, 0x00, 0x00, 0x00, 0x00, 0x00, 0x00, 0x00, 0x00, 0x00, 0x00, 0x00, 0x00, 0x00, 0x00,
  0x00, 0x00, 0x00, 0x00, 0x00, 0x00, 0x00, 0x00, 0x00, 0x00, 0x00, 0x00, 0x00, 0x00, 0x00, 0x00,
  0x00, 0x00, 0x00, 0x00, 0x00, 0x00, 0x00, 0x00, 0x00, 0x00, 0x00, 0x00, 0x20, 0x10, 0x41, 0x28,
  0xe4, 0x48, 0xa6, 0x51, 0xca, 0x62, 0xea, 0x62, 0x28, 0x5a, 0x65, 0x41, 0xe3, 0x30, 0x65, 0x49,
  0x65, 0x41, 0x65, 0x39, 0x85, 0x39, 0x85, 0x39, 0xa2, 0x28, 0xc3, 0x38, 0xe7, 0x61, 0xc7, 0x59,
  0x82, 0x38, 0x61, 0x38, 0x65, 0x59, 0x2c, 0x8b, 0x13, 0xbd, 0x95, 0xc5, 0x74, 0xc5, 0x13, 0xbd,
  0x74, 0xc5, 0x54, 0xc5, 0x33, 0xbd, 0x33, 0xbd, 0x53, 0xbd, 0x53, 0xbd, 0x33, 0xbd, 0x33, 0xc5,
  0x54, 0xc5, 0xb2, 0xbc, 0x30, 0xac, 0x0c, 0x8b, 0xa3, 0x40, 0x62, 0x38, 0x24, 0x41, 0x86, 0x49,
  0x86, 0x41, 0x86, 0x41, 0x44, 0x39, 0xe3, 0x30, 0x04, 0x39, 0x02, 0x39, 0xc9, 0x8b, 0xea, 0x93,
  0x03, 0x39, 0x05, 0x41, 0x05, 0x41, 0x25, 0x41, 0x04, 0x39, 0x85, 0x49, 0x68, 0x6a, 0x4b, 0x83,
  0x8b, 0x8b, 0xa7, 0x72, 0xe4, 0x59, 0x6b, 0x8b, 0x89, 0x6a, 0x25, 0x31, 0xc6, 0x39, 0xe6, 0x39,
  0xe6, 0x39, 0xc6, 0x39, 0xa6, 0x31, 0x85, 0x31, 0x65, 0x31, 0x65, 0x39, 0xa6, 0x39, 0xa6, 0x41,
  0x86, 0x41, 0x25, 0x39, 0xa7, 0x41, 0xc7, 0x41, 0xa7, 0x39, 0xa7, 0x39, 0xa7, 0x39, 0xa7, 0x39,
  0xa6, 0x39, 0x86, 0x39, 0xa6, 0x39, 0x86, 0x41, 0xe3, 0x38, 0x03, 0x49, 0xa1, 0x38, 0x22, 0x49,
  0xa7, 0x7a, 0x83, 0x51, 0xc0, 0x38, 0xec, 0x9b, 0x8f, 0xac, 0xb0, 0xb4, 0xd1, 0xb4, 0xd1, 0xb4,
  0xb1, 0xb4, 0xb1, 0xbc, 0xb1, 0xbc, 0xb1, 0xbc, 0xd2, 0xbc, 0xf2, 0xbc, 0xf2, 0xb4, 0x12, 0xb5,
  0x12, 0xbd, 0x13, 0xbd, 0x13, 0xbd, 0x13, 0xbd, 0x53, 0xc5, 0x12, 0xbd, 0x33, 0xc5, 0x33, 0xcd,
  0x0f, 0xac, 0x43, 0x59, 0x01, 0x51, 0x03, 0x7a, 0x47, 0xbc, 0xa3, 0xab, 0x25, 0xbc, 0xa4, 0xab,
  0xc2, 0x92, 0xc3, 0x92, 0xe4, 0x9a, 0x25, 0x9b, 0xc7, 0xa3, 0x87, 0x9b, 0x45, 0x6a, 0xe1, 0x38,
  0x65, 0x41, 0x87, 0x41, 0x87, 0x39, 0x87, 0x39, 0xc7, 0x41, 0xa7, 0x41, 0x45, 0x39, 0xe4, 0x38,
  0xe4, 0x30, 0x04, 0x39, 0x25, 0x31, 0x25, 0x31, 0x44, 0x31, 0x44, 0x31, 0x44, 0x31, 0x45, 0x31,
  0x45, 0x31, 0x45, 0x31, 0x45, 0x31, 0x45, 0x31, 0x45, 0x31, 0x25, 0x31, 0x25, 0x31, 0x25, 0x31,
  0x45, 0x31, 0x45, 0x31, 0x45, 0x31, 0x45, 0x31, 0x45, 0x31, 0x45, 0x31, 0x45, 0x31, 0x45, 0x31,
  0x25, 0x31, 0x45, 0x31, 0x66, 0x31, 0x66, 0x39, 0x45, 0x39, 0x44, 0x39, 0x24, 0x39, 0x04, 0x39,
  0x82, 0x20, 0x00, 0x00, 0x00, 0x00, 0x00, 0x00, 0x00, 0x00, 0x00, 0x00, 0x00, 0x00, 0x00, 0x00,
  0x00, 0x00, 0x00, 0x00, 0x00, 0x00, 0x00, 0x00, 0x00, 0x00, 0x00, 0x00, 0x00, 0x00, 0x00, 0x00,
  0x00, 0x00, 0x00, 0x00, 0x00, 0x00, 0x00, 0x00, 0x00, 0x00, 0x00, 0x00, 0x00, 0x00, 0x00, 0x00,
  0x00, 0x00, 0x00, 0x00, 0x00, 0x00, 0x00, 0x00, 0x00, 0x00, 0x00, 0x00, 0x00, 0x00, 0x00, 0x00,
  0x00, 0x00, 0x00, 0x00, 0x00, 0x00, 0x00, 0x00, 0x00, 0x00, 0x00, 0x00, 0x00, 0x00, 0x00, 0x00,
  0x00, 0x00, 0x00, 0x00, 0x00, 0x00, 0x00, 0x00, 0x00, 0x00, 0x00, 0x00, 0x00, 0x00, 0x00, 0x00,
  0x00, 0x00, 0x00, 0x00, 0x00, 0x00, 0x00, 0x00, 0x00, 0x00, 0x00, 0x00, 0x00, 0x00, 0x00, 0x00,
  0x00, 0x00, 0x00, 0x00, 0x00, 0x00, 0x00, 0x00, 0x00, 0x00, 0x00, 0x00, 0x00, 0x00, 0x00, 0x00,
  0x00, 0x00, 0x00, 0x00, 0x00, 0x00, 0x00, 0x00, 0x00, 0x00, 0x00, 0x00, 0x00, 0x00, 0x00, 0x00,
  0x00, 0x00, 0x00, 0x00, 0x00, 0x00, 0x00, 0x00, 0x00, 0x00, 0x00, 0x00, 0x00, 0x00, 0x00, 0x00,
  0x00, 0x00, 0x00, 0x00, 0x00, 0x08, 0x62, 0x40, 0xc3, 0x40, 0x45, 0x41, 0x07, 0x52, 0xe7, 0x49,
  0x25, 0x41, 0x05, 0x41, 0x24, 0x39, 0xc6, 0x49, 0x85, 0x39, 0x85, 0x39, 0x85, 0x39, 0x24, 0x31,
  0xe3, 0x38, 0xa6, 0x51, 0xc6, 0x59, 0xe3, 0x40, 0xa2, 0x38, 0xa2, 0x40, 0xc3, 0x48, 0xa6, 0x59,
  0xae, 0x93, 0x95, 0xcd, 0x74, 0xc5, 0x95, 0xcd, 0x75, 0xc5, 0x74, 0xc5, 0x54, 0xc5, 0x53, 0xbd,
  0x53, 0xbd, 0x53, 0xbd, 0x33, 0xbd, 0x33, 0xc5, 0x54, 0xcd, 0xef, 0x9b, 0xae, 0x9b, 0x69, 0x7a,
  0x62, 0x38, 0xe4, 0x48, 0x24, 0x41, 0x65, 0x41, 0xc6, 0x49, 0x65, 0x41, 0x04, 0x39, 0x04, 0x39,
  0x24, 0x39, 0x22, 0x39, 0x8d, 0xa4, 0x8a, 0x8b, 0x25, 0x41, 0x47, 0x41, 0x86, 0x49, 0xa6, 0x51,
  0xa7, 0x51, 0xa6, 0x51, 0x89, 0x6a, 0xed, 0x9b, 0x72, 0xc5, 0x4d, 0xa4, 0x65, 0x62, 0x25, 0x5a,
  0x48, 0x62, 0x45, 0x39, 0xc6, 0x39, 0xe6, 0x39, 0xc6, 0x39, 0xa6, 0x39, 0xa6, 0x39, 0x85, 0x31,
  0x65, 0x31, 0xa6, 0x39, 0xa6, 0x39, 0xa6, 0x41, 0x86, 0x41, 0x45, 0x39, 0xc6, 0x39, 0xe7, 0x39,
  0xc7, 0x39, 0xc7, 0x39, 0xc7, 0x39, 0xa7, 0x39, 0xa7, 0x39, 0xa7, 0x31, 0xa7, 0x31, 0x86, 0x39,
  0xe3, 0x38, 0xe2, 0x40, 0xa4, 0x59, 0x83, 0x51, 0xe0, 0x40, 0x62, 0x49, 0xcb, 0x93, 0x10, 0xbd,
  0x8f, 0xac, 0xb0, 0xac, 0xb1, 0xac, 0xb1, 0xb4, 0xb1, 0xb4, 0xb1, 0xbc, 0x91, 0xbc, 0xb1, 0xbc,
  0xd1, 0xb4, 0xf2, 0xbc, 0xf2, 0xb4, 0x12, 0xb5, 0x12, 0xbd, 0x13, 0xbd, 0x13, 0xbd, 0x13, 0xbd,
  0x13, 0xbd, 0x13, 0xbd, 0x50, 0xac, 0xb1, 0xbc, 0x40, 0x38, 0x20, 0x38, 0x07, 0x9b, 0x45, 0xa3,
  0x63, 0xab, 0x87, 0xcc, 0xa4, 0xab, 0x63, 0xa3, 0x64, 0xab, 0x85, 0xab, 0xa6, 0xb3, 0xc6, 0xb3,
  0xc5, 0xab, 0x06, 0xac, 0xc8, 0x9b, 0xa6, 0x72, 0x63, 0x41, 0x64, 0x39, 0xa6, 0x41, 0xc6, 0x41,
  0xc7, 0x41, 0xc7, 0x39, 0xc7, 0x39, 0x86, 0x39, 0x45, 0x31, 0x25, 0x31, 0xe4, 0x30, 0xe4, 0x38,
  0x24, 0x39, 0x24, 0x39, 0x24, 0x39, 0x24, 0x39, 0x24, 0x31, 0x24, 0x31, 0x24, 0x31, 0x25, 0x31,
  0x25, 0x31, 0x25, 0x31, 0x25, 0x31, 0x25, 0x31, 0x05, 0x31, 0x05, 0x31, 0x25, 0x31, 0x25, 0x31,
  0x25, 0x31, 0x25, 0x31, 0x25, 0x31, 0x25, 0x31, 0x25, 0x31, 0x04, 0x31, 0x25, 0x31, 0x25, 0x39,
  0xe4, 0x38, 0xe3, 0x38, 0x82, 0x28, 0x00, 0x00, 0x00, 0x00, 0x00, 0x00, 0x00, 0x00, 0x00, 0x00,
  0x00, 0x00, 0x00, 0x00, 0x00, 0x00, 0x00, 0x00, 0x00, 0x00, 0x00, 0x00, 0x00, 0x00, 0x00, 0x00,
  0x00, 0x00, 0x00, 0x00, 0x00, 0x00, 0x00, 0x00, 0x00, 0x00, 0x00, 0x00, 0x00, 0x00, 0x00, 0x00,
  0x00, 0x00, 0x00, 0x00, 0x00, 0x00, 0x00, 0x00, 0x00, 0x00, 0x00, 0x00, 0x00, 0x00, 0x00, 0x00,
  0x00, 0x00, 0x00, 0x00, 0x00, 0x00, 0x00, 0x00, 0x00, 0x00, 0x00, 0x00, 0x00, 0x00, 0x00, 0x00,
  0x00, 0x00, 0x00, 0x00, 0x00, 0x00, 0x00, 0x00, 0x00, 0x00, 0x00, 0x00, 0x00, 0x00, 0x00, 0x00,
  0x00, 0x00, 0x00, 0x00, 0x00, 0x00, 0x00, 0x00, 0x00, 0x00, 0x00, 0x00, 0x00, 0x00, 0x00, 0x00,
  0x00, 0x00, 0x00, 0x00, 0x00, 0x00, 0x00, 0x00, 0x00, 0x00, 0x00, 0x00, 0x00, 0x00, 0x00, 0x00,
  0x00, 0x00, 0x00, 0x00, 0x00, 0x00, 0x00, 0x00, 0x00, 0x00, 0x00, 0x00, 0x00, 0x00, 0x00, 0x00,
  0x00, 0x00, 0x00, 0x00, 0x00, 0x00, 0x00, 0x00, 0x00, 0x00, 0x00, 0x00, 0x00, 0x00, 0x00, 0x00,
  0x00, 0x00, 0x00, 0x00, 0x00, 0x00, 0x00, 0x00, 0x21, 0x10, 0x82, 0x28, 0x62, 0x38, 0xa3, 0x38,
  0x62, 0x30, 0xc3, 0x30, 0x24, 0x39, 0xe3, 0x30, 0xa3, 0x30, 0x87, 0x49, 0x86, 0x41, 0xa6, 0x41,
  0x85, 0x39, 0x85, 0x39, 0x25, 0x31, 0xe4, 0x30, 0x86, 0x49, 0xa6, 0x51, 0x61, 0x30, 0xc2, 0x38,
  0xc2, 0x40, 0xe6, 0x69, 0xc5, 0x61, 0xc1, 0x40, 0x27, 0x62, 0xee, 0x9b, 0xd5, 0xd5, 0x74, 0xcd,
  0x95, 0xcd, 0x74, 0xcd, 0x74, 0xc5, 0x54, 0xc5, 0x33, 0xbd, 0x53, 0xbd, 0x53, 0xbd, 0x33, 0xc5,
  0x74, 0xcd, 0xee, 0xa3, 0xaa, 0x7a, 0x81, 0x38, 0xe4, 0x48, 0x66, 0x51, 0x04, 0x39, 0x44, 0x39,
  0xe7, 0x49, 0x45, 0x39, 0x04, 0x39, 0x04, 0x41, 0x04, 0x39, 0x63, 0x41, 0x6d, 0xa4, 0xe7, 0x72,
  0x82, 0x28, 0xc4, 0x30, 0x24, 0x39, 0x64, 0x41, 0x25, 0x41, 0x45, 0x49, 0x64, 0x41, 0x43, 0x41,
  0x63, 0x41, 0x41, 0x41, 0x82, 0x49, 0x8b, 0x8b, 0x48, 0x62, 0x25, 0x39, 0xa6, 0x39, 0xc6, 0x39,
  0xc6, 0x41, 0xa6, 0x39, 0xa6, 0x39, 0x85, 0x31, 0x65, 0x31, 0x85, 0x39, 0x86, 0x39, 0xe7, 0x49,
  0x86, 0x49, 0x45, 0x39, 0xc6, 0x39, 0xe7, 0x39, 0xa7, 0x39, 0xa7, 0x39, 0xa7, 0x39, 0xa7, 0x39,
  0xa7, 0x39, 0x87, 0x39, 0x87, 0x39, 0x86, 0x39, 0xe3, 0x38, 0xa9, 0x72, 0x52, 0xc5, 0x66, 0x6a,
  0x83, 0x51, 0xc8, 0x72, 0xf0, 0xb4, 0x10, 0xbd, 0x8f, 0xac, 0x90, 0xac, 0x91, 0xac, 0xb1, 0xb4,
  0xb1, 0xb4, 0xb1, 0xbc, 0xb1, 0xbc, 0xb1, 0xbc, 0xd2, 0xb4, 0xf2, 0xbc, 0xf2, 0xb4, 0x12, 0xbd,
  0x13, 0xbd, 0x12, 0xbd, 0x13, 0xbd, 0x13, 0xbd, 0x75, 0xcd, 0x54, 0xcd, 0x30, 0xac, 0xe2, 0x48,
  0x20, 0x38, 0x28, 0x9b, 0x88, 0xab, 0x85, 0xa3, 0x43, 0xa3, 0xc5, 0xb3, 0x85, 0xb3, 0xc6, 0xb3,
  0x63, 0xab, 0x84, 0xab, 0xa5, 0xab, 0xc6, 0xb3, 0x4a, 0xdd, 0xe8, 0xcc, 0xa5, 0x9b, 0x29, 0xac,
  0x64, 0x6a, 0x62, 0x49, 0x84, 0x41, 0xc6, 0x49, 0xe7, 0x41, 0xe7, 0x39, 0xe7, 0x39, 0xe7, 0x39,
  0xa6, 0x39, 0x66, 0x41, 0x25, 0x39, 0x05, 0x39, 0x05, 0x39, 0x04, 0x39, 0x04, 0x39, 0x04, 0x39,
  0x04, 0x39, 0x04, 0x39, 0x04, 0x39, 0x04, 0x39, 0x25, 0x39, 0x05, 0x39, 0x05, 0x39, 0x05, 0x39,
  0xe5, 0x38, 0xe5, 0x38, 0xe5, 0x38, 0xe5, 0x38, 0xe5, 0x38, 0x04, 0x39, 0x05, 0x39, 0x04, 0x39,
  0x04, 0x39, 0x04, 0x39, 0xe4, 0x38, 0xe4, 0x38, 0xe3, 0x40, 0x20, 0x08, 0x00, 0x00, 0x00, 0x00,
  0x00, 0x00, 0x00, 0x00, 0x00, 0x00, 0x00, 0x00, 0x00, 0x00, 0x00, 0x00, 0x00, 0x00, 0x00, 0x00,
  0x00, 0x00, 0x00, 0x00, 0x00, 0x00, 0x00, 0x00, 0x00, 0x00, 0x00, 0x00, 0x00, 0x00, 0x00, 0x00,
  0x00, 0x00, 0x00, 0x00, 0x00, 0x00, 0x00, 0x00, 0x00, 0x00, 0x00, 0x00, 0x00, 0x00, 0x00, 0x00,
  0x00, 0x00, 0x00, 0x00, 0x00, 0x00, 0x00, 0x00, 0x00, 0x00, 0x00, 0x00, 0x00, 0x00, 0x00, 0x00,
  0x00, 0x00, 0x00, 0x00, 0x00, 0x00, 0x00, 0x00, 0x00, 0x00, 0x00, 0x00, 0x00, 0x00, 0x00, 0x00,
  0x00, 0x00, 0x00, 0x00, 0x00, 0x00, 0x00, 0x00, 0x00, 0x00, 0x00, 0x00, 0x00, 0x00, 0x00, 0x00,
  0x00, 0x00, 0x00, 0x00, 0x00, 0x00, 0x00, 0x00, 0x00, 0x00, 0x00, 0x00, 0x00, 0x00, 0x00, 0x00,
  0x00, 0x00, 0x00, 0x00, 0x00, 0x00, 0x00, 0x00, 0x00, 0x00, 0x00, 0x00, 0x00, 0x00, 0x00, 0x00,
  0x00, 0x00, 0x00, 0x00, 0x00, 0x00, 0x00, 0x00, 0x00, 0x00, 0x00, 0x00, 0x00, 0x00, 0x00, 0x00,
  0x00, 0x00, 0x00, 0x00, 0x00, 0x00, 0x00, 0x00, 0x00, 0x00, 0x00, 0x00, 0xc3, 0x28, 0x24, 0x39,
  0x82, 0x28, 0xc3, 0x30, 0x03, 0x31, 0x24, 0x39, 0x45, 0x41, 0x66, 0x49, 0xc3, 0x38, 0x04, 0x39,
  0x66, 0x39, 0xc7, 0x41, 0xa6, 0x41, 0xa6, 0x41, 0xe7, 0x49, 0x65, 0x39, 0xe5, 0x30, 0x68, 0x49,
  0xe9, 0x61, 0x25, 0x49, 0x82, 0x38, 0x64, 0x51, 0xa7, 0x7a, 0xe7, 0x82, 0xc5, 0x7a, 0x44, 0x6a,
  0x21, 0x41, 0xa0, 0x30, 0x6b, 0x8b, 0x73, 0xcd, 0x74, 0xcd, 0xb5, 0xd5, 0xd2, 0xbc, 0x13, 0xbd,
  0x74, 0xcd, 0xb5, 0xd5, 0xb5, 0xcd, 0x33, 0xbd, 0xa9, 0x7a, 0xc5, 0x61, 0x80, 0x38, 0x80, 0x38,
  0xe3, 0x40, 0x66, 0x49, 0x24, 0x39, 0x65, 0x41, 0xc6, 0x49, 0x44, 0x39, 0xe4, 0x38, 0x24, 0x41,
  0xa2, 0x30, 0xe2, 0x38, 0x0b, 0x9c, 0xe7, 0x72, 0x61, 0x20, 0xa3, 0x28, 0x45, 0x39, 0x44, 0x39,
  0x25, 0x41, 0x45, 0x49, 0x65, 0x41, 0x44, 0x39, 0x84, 0x49, 0x42, 0x41, 0x49, 0x83, 0x6e, 0xac,
  0x48, 0x62, 0x46, 0x41, 0xa7, 0x49, 0xa7, 0x49, 0x86, 0x41, 0xa6, 0x41, 0xa6, 0x39, 0xa6, 0x39,
  0x66, 0x39, 0x86, 0x39, 0x86, 0x39, 0xa7, 0x49, 0xa7, 0x49, 0x25, 0x39, 0xc7, 0x41, 0x86, 0x39,
  0xa7, 0x41, 0x87, 0x41, 0x86, 0x39, 0x66, 0x39, 0x46, 0x39, 0x46, 0x39, 0x46, 0x39, 0x45, 0x39,
  0x03, 0x39, 0xee, 0x9b, 0x73, 0xc5, 0xcc, 0x8b, 0xe1, 0x38, 0x63, 0x49, 0xab, 0x8b, 0x11, 0xbd,
  0x90, 0xa4, 0x70, 0xa4, 0x91, 0xac, 0xb1, 0xb4, 0xb1, 0xb4, 0xb2, 0xb4, 0xb2, 0xbc, 0xb2, 0xb4,
  0xb1, 0xb4, 0xd2, 0xbc, 0xf2, 0xbc, 0x13, 0xbd, 0x13, 0xbd, 0x13, 0xbd, 0xb2, 0xb4, 0xf3, 0xbc,
  0x95, 0xd5, 0xea, 0x82, 0x64, 0x61, 0x00, 0x38, 0x29, 0x9b, 0x47, 0x9b, 0x86, 0x9b, 0x86, 0x9b,
  0xe7, 0xb3, 0x85, 0xab, 0xa6, 0xb3, 0x65, 0xab, 0xc6, 0xb3, 0xa6, 0xb3, 0xa6, 0xb3, 0x23, 0x9b,
  0x0a, 0xdd, 0x29, 0xdd, 0x46, 0xbc, 0x47, 0xbc, 0x65, 0x9b, 0xa5, 0x82, 0x01, 0x51, 0x03, 0x41,
  0x86, 0x39, 0x08, 0x42, 0xe8, 0x41, 0xa6, 0x41, 0xa7, 0x41, 0xa7, 0x41, 0xa7, 0x41, 0x46, 0x39,
  0x05, 0x39, 0x04, 0x41, 0xc3, 0x30, 0x82, 0x20, 0x20, 0x08, 0x61, 0x18, 0xa2, 0x28, 0xc3, 0x30,
  0x04, 0x31, 0x04, 0x39, 0x04, 0x39, 0x04, 0x39, 0xc4, 0x40, 0xc4, 0x40, 0xa4, 0x48, 0xc4, 0x48,
  0xc4, 0x48, 0xc4, 0x40, 0xe4, 0x40, 0x04, 0x39, 0x04, 0x39, 0xc3, 0x38, 0x82, 0x28, 0x20, 0x10,
  0x00, 0x00, 0x00, 0x00, 0x00, 0x00, 0x00, 0x00, 0x00, 0x00, 0x00, 0x00, 0x00, 0x00, 0x00, 0x00,
  0x00, 0x00, 0x00, 0x00, 0x00, 0x00, 0x00, 0x00, 0x00, 0x00, 0x00, 0x00, 0x00, 0x00, 0x00, 0x00,
  0x00, 0x00, 0x00, 0x00, 0x00, 0x00, 0x00, 0x00, 0x00, 0x00, 0x00, 0x00, 0x00, 0x00, 0x00, 0x00,
  0x00, 0x00, 0x00, 0x00, 0x00, 0x00, 0x00, 0x00, 0x00, 0x00, 0x00, 0x00, 0x00, 0x00, 0x00, 0x00,
  0x00, 0x00, 0x00, 0x00, 0x00, 0x00, 0x00, 0x00, 0x00, 0x00, 0x00, 0x00, 0x00, 0x00, 0x00, 0x00,
  0x00, 0x00, 0x00, 0x00, 0x00, 0x00, 0x00, 0x00, 0x00, 0x00, 0x00, 0x00, 0x00, 0x00, 0x00, 0x00,
  0x00, 0x00, 0x00, 0x00, 0x00, 0x00, 0x00, 0x00, 0x00, 0x00, 0x00, 0x00, 0x00, 0x00, 0x00, 0x00,
  0x00, 0x00, 0x00, 0x00, 0x00, 0x00, 0x00, 0x00, 0x00, 0x00, 0x00, 0x00, 0x00, 0x00, 0x00, 0x00,
  0x00, 0x00, 0x00, 0x00, 0x00, 0x00, 0x00, 0x00, 0x00, 0x00, 0x00, 0x00, 0x00, 0x00, 0x00, 0x00,
  0x00, 0x00, 0x00, 0x00, 0x00, 0x00, 0x00, 0x00, 0x00, 0x00, 0x00, 0x00, 0x00, 0x00, 0x20, 0x10,
  0x04, 0x41, 0x04, 0x41, 0x04, 0x41, 0x24, 0x39, 0x85, 0x41, 0xa6, 0x41, 0xc6, 0x41, 0xc6, 0x49,
  0xc7, 0x49, 0x45, 0x41, 0xe4, 0x40, 0x87, 0x49, 0xa7, 0x39, 0xc7, 0x39, 0xc6, 0x41, 0xa6, 0x41,
  0x66, 0x41, 0x25, 0x39, 0x26, 0x39, 0xa9, 0x51, 0x26, 0x49, 0x42, 0x30, 0x23, 0x49, 0x05, 0x6a,
  0xc6, 0x7a, 0xe5, 0x82, 0xe4, 0x82, 0xa3, 0x7a, 0x44, 0x6a, 0xc0, 0x38, 0xa0, 0x30, 0xe5, 0x59,
  0xed, 0x9b, 0xb0, 0xb4, 0xd6, 0xdd, 0xb6, 0xdd, 0xb5, 0xd5, 0x13, 0xc5, 0x0e, 0x9c, 0x0a, 0x83,
  0x22, 0x51, 0x43, 0x61, 0xa4, 0x69, 0xe1, 0x48, 0x03, 0x41, 0x65, 0x49, 0x04, 0x39, 0x85, 0x41,
  0xa6, 0x49, 0x44, 0x39, 0xe4, 0x38, 0x24, 0x41, 0xe4, 0x40, 0x03, 0x41, 0x4d, 0xa4, 0x49, 0x83,
  0x84, 0x49, 0xc5, 0x49, 0x83, 0x41, 0x42, 0x39, 0x42, 0x49, 0x22, 0x41, 0x43, 0x39, 0x63, 0x39,
  0x43, 0x39, 0x42, 0x41, 0x86, 0x6a, 0x2d, 0x9c, 0xe7, 0x59, 0x25, 0x41, 0x46, 0x41, 0x25, 0x39,
  0x65, 0x39, 0x65, 0x39, 0x65, 0x31, 0x65, 0x39, 0x45, 0x39, 0x45, 0x39, 0x45, 0x39, 0x86, 0x41,
  0xa7, 0x49, 0x25, 0x39, 0xa6, 0x41, 0x86, 0x41, 0x66, 0x39, 0x45, 0x39, 0x25, 0x39, 0x25, 0x39,
  0x05, 0x39, 0x05, 0x39, 0x05, 0x39, 0x04, 0x39, 0x04, 0x39, 0x23, 0x41, 0x8b, 0x83, 0x76, 0xe6,
  0xf0, 0xbc, 0xc4, 0x51, 0x87, 0x6a, 0xd0, 0xb4, 0x90, 0xac, 0x70, 0xa4, 0x91, 0xac, 0xb1, 0xac,
  0xb1, 0xb4, 0xb2, 0xb4, 0xb2, 0xb4, 0xb2, 0xb4, 0xd2, 0xb4, 0xd2, 0xb4, 0xf3, 0xbc, 0x13, 0xbd,
  0x13, 0xbd, 0x13, 0xbd, 0x14, 0xbd, 0x13, 0xbd, 0x8c, 0x93, 0x01, 0x49, 0x00, 0x38, 0xe7, 0x9a,
  0x88, 0xab, 0xa7, 0xa3, 0xa7, 0x9b, 0xa6, 0x9b, 0xe7, 0xb3, 0x85, 0xab, 0xa6, 0xb3, 0x65, 0xab,
  0xc7, 0xbb, 0x86, 0xb3, 0x65, 0xab, 0xc2, 0x92, 0x02, 0x9b, 0x01, 0x9b, 0x66, 0xc4, 0x66, 0xc4,
  0x26, 0xbc, 0x66, 0xa3, 0xc7, 0x92, 0xe1, 0x48, 0x65, 0x41, 0xc7, 0x41, 0xc7, 0x41, 0xa6, 0x41,
  0x87, 0x41, 0xa7, 0x41, 0xa7, 0x41, 0xa7, 0x41, 0x05, 0x39, 0x04, 0x41, 0x04, 0x41, 0xc3, 0x30,
  0x61, 0x10, 0x20, 0x08, 0x00, 0x00, 0x00, 0x00, 0x00, 0x00, 0x00, 0x00, 0x20, 0x08, 0x41, 0x10,
  0x62, 0x20, 0x83, 0x38, 0xa3, 0x40, 0x62, 0x28, 0x62, 0x30, 0xa3, 0x48, 0xc3, 0x40, 0x82, 0x28,
  0x61, 0x20, 0x21, 0x10, 0x00, 0x00, 0x00, 0x00, 0x00, 0x00, 0x00, 0x00, 0x00, 0x00, 0x00, 0x00,
  0x00, 0x00, 0x00, 0x00, 0x00, 0x00, 0x00, 0x00, 0x00, 0x00, 0x00, 0x00, 0x00, 0x00, 0x00, 0x00,
  0x00, 0x00, 0x00, 0x00, 0x00, 0x00, 0x00, 0x00, 0x00, 0x00, 0x00, 0x00, 0x00, 0x00, 0x00, 0x00,
  0x00, 0x00, 0x00, 0x00, 0x00, 0x00, 0x00, 0x00, 0x00, 0x00, 0x00, 0x00, 0x00, 0x00, 0x00, 0x00,
  0x00, 0x00, 0x00, 0x00, 0x00, 0x00, 0x00, 0x00, 0x00, 0x00, 0x00, 0x00, 0x00, 0x00, 0x00, 0x00,
  0x00, 0x00, 0x00, 0x00, 0x00, 0x00, 0x00, 0x00, 0x00, 0x00, 0x00, 0x00, 0x00, 0x00, 0x00, 0x00,
  0x00, 0x00, 0x00, 0x00, 0x00, 0x00, 0x00, 0x00, 0x00, 0x00, 0x00, 0x00, 0x00, 0x00, 0x00, 0x00,
  0x00, 0x00, 0x00, 0x00, 0x00, 0x00, 0x00, 0x00, 0x00, 0x00, 0x00, 0x00, 0x00, 0x00, 0x00, 0x00,
  0x00, 0x00, 0x00, 0x00, 0x00, 0x00, 0x00, 0x00, 0x00, 0x00, 0x00, 0x00, 0x00, 0x00, 0x00, 0x00,
  0x00, 0x00, 0x00, 0x00, 0x00, 0x00, 0x00, 0x00, 0x00, 0x00, 0x00, 0x00, 0x00, 0x00, 0x00, 0x00,
  0x00, 0x00, 0x41, 0x18, 0x61, 0x28, 0xe3, 0x40, 0x04, 0x41, 0x04, 0x41, 0x24, 0x39, 0x24, 0x39,
  0x07, 0x4a, 0x07, 0x4a, 0xc7, 0x51, 0xc7, 0x51, 0x45, 0x41, 0xa3, 0x30, 0xe4, 0x38, 0x66, 0x41,
  0xc7, 0x39, 0xc7, 0x39, 0xc6, 0x41, 0x66, 0x41, 0xe4, 0x40, 0x04, 0x41, 0x87, 0x49, 0xc7, 0x49,
  0xa3, 0x38, 0xa2, 0x40, 0x06, 0x6a, 0xa7, 0x82, 0xe6, 0x82, 0xc5, 0x82, 0xe4, 0x82, 0x25, 0x8b,
  0x27, 0x8b, 0xe3, 0x61, 0xc3, 0x61, 0xe0, 0x40, 0xc0, 0x38, 0x84, 0x59, 0xc5, 0x61, 0x68, 0x72,
  0x48, 0x72, 0xc6, 0x61, 0x23, 0x51, 0xe2, 0x48, 0x44, 0x61, 0xe6, 0x79, 0x06, 0x7a, 0xa1, 0x40,
  0x04, 0x49, 0x25, 0x49, 0xe3, 0x38, 0x86, 0x49, 0xa6, 0x51, 0x24, 0x41, 0xe4, 0x40, 0x05, 0x49,
  0xc4, 0x40, 0x24, 0x49, 0xec, 0x9b, 0xaa, 0x8b, 0x69, 0x83, 0x2c, 0x9c, 0xb3, 0xe6, 0x34, 0xf7,
  0xb6, 0xff, 0xd7, 0xff, 0x15, 0xef, 0xb1, 0xbd, 0x8a, 0x83, 0x4a, 0x83, 0x49, 0x7b, 0x2a, 0x7b,
  0x85, 0x41, 0x25, 0x39, 0x66, 0x39, 0x25, 0x31, 0x45, 0x39, 0x65, 0x39, 0x65, 0x31, 0x65, 0x39,
  0x45, 0x39, 0x65, 0x39, 0x65, 0x39, 0xa6, 0x41, 0xa7, 0x41, 0x46, 0x41, 0x66, 0x41, 0x86, 0x41,
  0xa7, 0x49, 0xa7, 0x41, 0x86, 0x41, 0x66, 0x41, 0x05, 0x39, 0x05, 0x39, 0x05, 0x39, 0x04, 0x39,
  0x45, 0x41, 0x04, 0x39, 0x06, 0x5a, 0x77, 0xee, 0x78, 0xff, 0x89, 0x83, 0x21, 0x39, 0x6b, 0x8b,
  0xb1, 0xac, 0x91, 0xac, 0x90, 0xac, 0xb1, 0xac, 0xb1, 0xb4, 0xb1, 0xb4, 0xb1, 0xb4, 0xb2, 0xb4,
  0xb2, 0xb4, 0xf3, 0xb4, 0x13, 0xb5, 0x13, 0xbd, 0x13, 0xbd, 0x14, 0xbd, 0xd2, 0xbc, 0xee, 0x9b,
  0xe1, 0x40, 0xc3, 0x61, 0xa7, 0xa3, 0x07, 0xb4, 0x47, 0xbc, 0x06, 0xb4, 0xe7, 0xa3, 0xa7, 0xa3,
  0xe7, 0xb3, 0x85, 0xab, 0xc6, 0xb3, 0x65, 0xab, 0x44, 0xab, 0x65, 0xab, 0xe7, 0xbb, 0x85, 0xab,
  0xc6, 0xb3, 0xc6, 0xb3, 0xa4, 0xab, 0xc4, 0xab, 0x87, 0xc4, 0x28, 0xbc, 0x87, 0xab, 0xe7, 0x92,
  0x22, 0x41, 0x85, 0x41, 0x07, 0x52, 0xa7, 0x41, 0xa7, 0x41, 0x87, 0x41, 0x87, 0x41, 0x87, 0x49,
  0x04, 0x39, 0x04, 0x41, 0x04, 0x41, 0x04, 0x39, 0xe4, 0x38, 0xa3, 0x28, 0x20, 0x08, 0x20, 0x08,
  0x00, 0x00, 0x00, 0x00, 0x00, 0x00, 0x00, 0x00, 0x00, 0x00, 0x00, 0x00, 0x00, 0x00, 0x00, 0x00,
  0x00, 0x00, 0x00, 0x00, 0x00, 0x00, 0x00, 0x00, 0x00, 0x00, 0x00, 0x00, 0x00, 0x00, 0x00, 0x00,
  0x00, 0x00, 0x00, 0x00, 0x00, 0x00, 0x00, 0x00, 0x00, 0x00, 0x00, 0x00, 0x00, 0x00, 0x00, 0x00,
  0x00, 0x00, 0x00, 0x00, 0x00, 0x00, 0x00, 0x00, 0x00, 0x00, 0x00, 0x00, 0x00, 0x00, 0x00, 0x00,
  0x00, 0x00, 0x00, 0x00, 0x00, 0x00, 0x00, 0x00, 0x00, 0x00, 0x00, 0x00, 0x00, 0x00, 0x00, 0x00,
  0x00, 0x00, 0x00, 0x00, 0x00, 0x00, 0x00, 0x00, 0x00, 0x00, 0x00, 0x00, 0x00, 0x00, 0x00, 0x00,
  0x00, 0x00, 0x00, 0x00, 0x00, 0x00, 0x00, 0x00, 0x00, 0x00, 0x00, 0x00, 0x00, 0x00, 0x00, 0x00,
  0x00, 0x00, 0x00, 0x00, 0x00, 0x00, 0x00, 0x00, 0x00, 0x00, 0x00, 0x00, 0x00, 0x00, 0x00, 0x00,
  0x00, 0x00, 0x00, 0x00, 0x00, 0x00, 0x00, 0x00, 0x00, 0x00, 0x00, 0x00, 0x00, 0x00, 0x00, 0x00,
  0x00, 0x00, 0x00, 0x00, 0x00, 0x00, 0x00, 0x00, 0x00, 0x00, 0x00, 0x00, 0x00, 0x00, 0x00, 0x00,
  0x00, 0x00, 0x00, 0x00, 0x00, 0x00, 0x00, 0x00, 0x00, 0x00, 0x00, 0x00, 0x00, 0x00, 0x00, 0x00,
  0x00, 0x00, 0x00, 0x00, 0x00, 0x00, 0x00, 0x00, 0x20, 0x10, 0xa2, 0x38, 0x04, 0x41, 0x24, 0x41,
  0x24, 0x39, 0x45, 0x39, 0x45, 0x39, 0x45, 0x39, 0xe7, 0x49, 0xa6, 0x41, 0x65, 0x41, 0x45, 0x41,
  0x04, 0x41, 0xe4, 0x38, 0xa6, 0x49, 0x86, 0x39, 0xc7, 0x39, 0xc7, 0x39, 0xa6, 0x41, 0x45, 0x41,
  0x82, 0x38, 0x05, 0x49, 0xe7, 0x51, 0x44, 0x41, 0x60, 0x38, 0x06, 0x72, 0xa7, 0x82, 0xc7, 0x8a,
  0xe6, 0x8a, 0xc4, 0x82, 0x04, 0x8b, 0x86, 0x9b, 0x05, 0x8b, 0x47, 0x93, 0x27, 0x8b, 0x69, 0x9b,
  0x07, 0x8b, 0x82, 0x59, 0xe0, 0x48, 0xe1, 0x48, 0x21, 0x51, 0xe0, 0x48, 0xe0, 0x50, 0x42, 0x61,
  0xc5, 0x79, 0xa9, 0x9a, 0x06, 0x72, 0x03, 0x51, 0x45, 0x49, 0x45, 0x41, 0xe3, 0x30, 0xa6, 0x49,
  0xa6, 0x49, 0x24, 0x41, 0xe4, 0x38, 0x25, 0x41, 0xc4, 0x38, 0x04, 0x39, 0xe5, 0x51, 0xe4, 0x51,
  0xe4, 0x51, 0xc7, 0x6a, 0x6b, 0x9c, 0x4a, 0x9c, 0x6a, 0x9c, 0x8b, 0xa4, 0x4a, 0x94, 0x68, 0x73,
  0x45, 0x5a, 0x66, 0x62, 0x46, 0x5a, 0x84, 0x41, 0x65, 0x39, 0x45, 0x31, 0xa7, 0x41, 0xa6, 0x41,
  0x86, 0x39, 0x86, 0x39, 0x86, 0x39, 0x86, 0x39, 0x86, 0x41, 0xa6, 0x41, 0xa6, 0x39, 0xe7, 0x49,
  0xa6, 0x41, 0x66, 0x41, 0x66, 0x41, 0x87, 0x49, 0xc7, 0x49, 0xc7, 0x41, 0xa7, 0x41, 0x86, 0x41,
  0x45, 0x39, 0x45, 0x41, 0x25, 0x41, 0x25, 0x41, 0x87, 0x49, 0xc7, 0x51, 0x00, 0x20, 0xe9, 0x7a,
  0x53, 0xde, 0x53, 0xde, 0xaa, 0x8b, 0xa4, 0x51, 0x2f, 0xa4, 0xb1, 0xac, 0x91, 0xac, 0xb1, 0xac,
  0xb1, 0xb4, 0xb1, 0xb4, 0xb1, 0xac, 0xb2, 0xac, 0xd2, 0xac, 0xf3, 0xb4, 0x12, 0xb5, 0x33, 0xbd,
  0x13, 0xbd, 0x13, 0xbd, 0x4f, 0xac, 0x42, 0x49, 0xe0, 0x48, 0xe5, 0x92, 0xe7, 0xb3, 0x87, 0xc4,
  0xa7, 0xc4, 0x66, 0xbc, 0x07, 0xb4, 0xc6, 0xab, 0xe6, 0xb3, 0x85, 0xab, 0xc6, 0xb3, 0x64, 0xab,
  0xe6, 0xbb, 0xe6, 0xbb, 0x27, 0xc4, 0xa5, 0xb3, 0xe6, 0xb3, 0xe6, 0xb3, 0xa4, 0xab, 0xc4, 0xab,
  0x26, 0xbc, 0x68, 0xc4, 0x89, 0xcc, 0x6b, 0xc4, 0x0b, 0xac, 0x82, 0x51, 0xa0, 0x28, 0x64, 0x39,
  0x86, 0x41, 0x87, 0x41, 0x87, 0x49, 0x67, 0x49, 0x04, 0x39, 0x04, 0x39, 0x04, 0x39, 0x04, 0x39,
  0x04, 0x39, 0xe4, 0x38, 0xc3, 0x28, 0x61, 0x18, 0x00, 0x08, 0x00, 0x00, 0x00, 0x00, 0x00, 0x00,
  0x00, 0x00, 0x00, 0x00, 0x00, 0x00, 0x00, 0x00, 0x00, 0x00, 0x00, 0x00, 0x00, 0x00, 0x00, 0x00,
  0x00, 0x00, 0x00, 0x00, 0x00, 0x00, 0x00, 0x00, 0x00, 0x00, 0x00, 0x00, 0x00, 0x00, 0x00, 0x00,
  0x00, 0x00, 0x00, 0x00, 0x00, 0x00, 0x00, 0x00, 0x00, 0x00, 0x00, 0x00, 0x00, 0x00, 0x00, 0x00,
  0x00, 0x00, 0x00, 0x00, 0x00, 0x00, 0x00, 0x00, 0x00, 0x00, 0x00, 0x00, 0x00, 0x00, 0x00, 0x00,
  0x00, 0x00, 0x00, 0x00, 0x00, 0x00, 0x00, 0x00, 0x00, 0x00, 0x00, 0x00, 0x00, 0x00, 0x00, 0x00,
  0x00, 0x00, 0x00, 0x00, 0x00, 0x00, 0x00, 0x00, 0x00, 0x00, 0x00, 0x00, 0x00, 0x00, 0x00, 0x00,
  0x00, 0x00, 0x00, 0x00, 0x00, 0x00, 0x00, 0x00, 0x00, 0x00, 0x00, 0x00, 0x00, 0x00, 0x00, 0x00,
  0x00, 0x00, 0x00, 0x00, 0x00, 0x00, 0x00, 0x00, 0x00, 0x00, 0x00, 0x00, 0x00, 0x00, 0x00, 0x00,
  0x00, 0x00, 0x00, 0x00, 0x00, 0x00, 0x00, 0x00, 0x00, 0x00, 0x00, 0x00, 0x00, 0x00, 0x00, 0x00,
  0x00, 0x00, 0x00, 0x00, 0x00, 0x00, 0x00, 0x00, 0x00, 0x00, 0x00, 0x00, 0x00, 0x00, 0x00, 0x00,
  0x00, 0x00, 0x00, 0x00, 0x00, 0x00, 0x00, 0x00, 0x00, 0x00, 0x00, 0x00, 0x20, 0x08, 0x04, 0x41,
  0x82, 0x30, 0x61, 0x28, 0x45, 0x41, 0x86, 0x41, 0x86, 0x41, 0x65, 0x39, 0x65, 0x31, 0x65, 0x39,
  0x65, 0x39, 0x45, 0x39, 0x04, 0x41, 0xe4, 0x38, 0xe4, 0x38, 0x25, 0x41, 0xa6, 0x41, 0xe7, 0x41,
  0xa6, 0x39, 0x09, 0x4a, 0x26, 0x41, 0xc4, 0x38, 0x45, 0x41, 0xc6, 0x51, 0x02, 0x39, 0x02, 0x41,
  0x22, 0x59, 0x65, 0x82, 0xa6, 0x8a, 0xc6, 0x8a, 0xe5, 0x8a, 0x04, 0x93, 0x24, 0x93, 0x24, 0x93,
  0x04, 0x8b, 0x46, 0x93, 0x46, 0x93, 0x05, 0x8b, 0x47, 0x93, 0xc5, 0x82, 0xe6, 0x8a, 0xa9, 0xa3,
  0x47, 0x9b, 0xe5, 0x92, 0x06, 0x93, 0x06, 0x9b, 0xe7, 0x9a, 0xc7, 0x9a, 0x67, 0x7a, 0x02, 0x41,
  0x85, 0x41, 0xa6, 0x41, 0x86, 0x41, 0xe7, 0x49, 0xa6, 0x41, 0x86, 0x41, 0x85, 0x39, 0x65, 0x39,
  0x45, 0x31, 0x45, 0x31, 0x44, 0x31, 0x44, 0x31, 0x04, 0x29, 0x24, 0x31, 0xc2, 0x20, 0xe2, 0x28,
  0xa2, 0x28, 0xc3, 0x28, 0xe2, 0x28, 0xc2, 0x28, 0x04, 0x39, 0xe3, 0x30, 0x65, 0x39, 0x44, 0x31,
  0xe7, 0x41, 0xe7, 0x41, 0xe7, 0x41, 0xc7, 0x41, 0xc7, 0x41, 0xc7, 0x41, 0xc7, 0x41, 0xc7, 0x41,
  0xc7, 0x41, 0xc7, 0x41, 0xc7, 0x41, 0xc7, 0x41, 0x08, 0x4a, 0xa6, 0x41, 0xe4, 0x38, 0x66, 0x41,
  0xe7, 0x49, 0xa7, 0x41, 0x25, 0x39, 0x25, 0x39, 0x66, 0x39, 0x45, 0x39, 0x45, 0x41, 0x66, 0x49,
  0xa7, 0x49, 0x29, 0x62, 0x45, 0x49, 0x02, 0x41, 0xf2, 0xcd, 0x97, 0xff, 0x99, 0xff, 0xe0, 0x30,
  0xa7, 0x6a, 0x8f, 0xac, 0xf1, 0xb4, 0xd1, 0xb4, 0xb0, 0xac, 0xd0, 0xb4, 0xd0, 0xac, 0xd1, 0xac,
  0xb2, 0xac, 0xb1, 0xac, 0xaf, 0xa4, 0xf0, 0xb4, 0x33, 0xc5, 0x0e, 0xac, 0xc3, 0x61, 0x60, 0x59,
  0xa3, 0x8a, 0x4c, 0xe5, 0x47, 0xbc, 0xe5, 0xab, 0x06, 0xb4, 0x87, 0xc4, 0x66, 0xc4, 0x05, 0xbc,
  0x67, 0xcc, 0xc5, 0xb3, 0x47, 0xc4, 0xa5, 0xb3, 0x0a, 0xdd, 0x47, 0xc4, 0x27, 0xc4, 0x89, 0xcc,
  0x27, 0xbc, 0xe6, 0xb3, 0xe9, 0xd4, 0x67, 0xc4, 0x46, 0xbc, 0x67, 0xc4, 0xc9, 0xcc, 0x4b, 0xdd,
  0x4b, 0xd5, 0x49, 0xb4, 0x47, 0x8b, 0x62, 0x49, 0x64, 0x41, 0xa6, 0x49, 0x87, 0x49, 0x26, 0x41,
  0x86, 0x49, 0x86, 0x41, 0x86, 0x41, 0x86, 0x41, 0x24, 0x39, 0x24, 0x39, 0x24, 0x39, 0x04, 0x39,
  0xc3, 0x38, 0x61, 0x20, 0x00, 0x00, 0x00, 0x00, 0x00, 0x00, 0x00, 0x00, 0x00, 0x00, 0x00, 0x00,
  0x00, 0x00, 0x00, 0x00, 0x00, 0x00, 0x00, 0x00, 0x00, 0x00, 0x00, 0x00, 0x00, 0x00, 0x00, 0x00,
  0x00, 0x00, 0x00, 0x00, 0x00, 0x00, 0x00, 0x00, 0x00, 0x00, 0x00, 0x00, 0x00, 0x00, 0x00, 0x00,
  0x00, 0x00, 0x00, 0x00, 0x00, 0x00, 0x00, 0x00, 0x00, 0x00, 0x00, 0x00, 0x00, 0x00, 0x00, 0x00,
  0x00, 0x00, 0x00, 0x00, 0x00, 0x00, 0x00, 0x00, 0x00, 0x00, 0x00, 0x00, 0x00, 0x00, 0x00, 0x00,
  0x00, 0x00, 0x00, 0x00, 0x00, 0x00, 0x00, 0x00, 0x00, 0x00, 0x00, 0x00, 0x00, 0x00, 0x00, 0x00,
  0x00, 0x00, 0x00, 0x00, 0x00, 0x00, 0x00, 0x00, 0x00, 0x00, 0x00, 0x00, 0x00, 0x00, 0x00, 0x00,
  0x00, 0x00, 0x00, 0x00, 0x00, 0x00, 0x00, 0x00, 0x00, 0x00, 0x00, 0x00, 0x00, 0x00, 0x00, 0x00,
  0x00, 0x00, 0x00, 0x00, 0x00, 0x00, 0x00, 0x00, 0x00, 0x00, 0x00, 0x00, 0x00, 0x00, 0x00, 0x00,
  0x00, 0x00, 0x00, 0x00, 0x00, 0x00, 0x00, 0x00, 0x00, 0x00, 0x00, 0x00, 0x00, 0x00, 0x00, 0x00,
  0x00, 0x00, 0x00, 0x00, 0x00, 0x00, 0x00, 0x00, 0x00, 0x00, 0x00, 0x00, 0x00, 0x00, 0x00, 0x00,
  0x00, 0x00, 0x20, 0x10, 0x04, 0x49, 0x04, 0x41, 0x66, 0x49, 0xa7, 0x49, 0xe7, 0x49, 0x86, 0x39,
  0x85, 0x39, 0x65, 0x31, 0x65, 0x29, 0x65, 0x31, 0x45, 0x39, 0x04, 0x39, 0xe4, 0x38, 0xe4, 0x38,
  0x25, 0x39, 0x65, 0x41, 0xa6, 0x41, 0xc7, 0x41, 0xa7, 0x41, 0x66, 0x41, 0xc5, 0x38, 0x25, 0x41,
  0xc7, 0x51, 0x84, 0x49, 0xc0, 0x38, 0x00, 0x49, 0x65, 0x82, 0xc6, 0x92, 0xa5, 0x92, 0xa4, 0x8a,
  0xa3, 0x8a, 0xe4, 0x92, 0x44, 0x9b, 0xa5, 0xa3, 0x24, 0x93, 0x65, 0x9b, 0x65, 0x9b, 0x25, 0x93,
  0x87, 0xa3, 0x05, 0x93, 0xc5, 0x8a, 0x06, 0x93, 0x67, 0x9b, 0xc7, 0xa3, 0x03, 0x93, 0x04, 0x9b,
  0x47, 0xab, 0xe7, 0x9a, 0xa4, 0x59, 0x23, 0x39, 0xa5, 0x41, 0xc6, 0x41, 0xa6, 0x41, 0xa6, 0x41,
  0xa6, 0x41, 0xc6, 0x41, 0xc6, 0x41, 0xa6, 0x39, 0xa6, 0x39, 0xa7, 0x39, 0xa7, 0x39, 0xa7, 0x39,
  0x87, 0x39, 0xa8, 0x41, 0x45, 0x31, 0x66, 0x39, 0xa9, 0x49, 0xa9, 0x41, 0xa8, 0x41, 0x87, 0x41,
  0x04, 0x39, 0xe4, 0x38, 0x86, 0x39, 0x86, 0x39, 0xe7, 0x41, 0xe7, 0x39, 0xe7, 0x41, 0xe7, 0x41,
  0xe7, 0x41, 0xc7, 0x41, 0xc7, 0x41, 0xa7, 0x41, 0xc7, 0x41, 0xc7, 0x41, 0xc7, 0x39, 0xc7, 0x39,
  0xe7, 0x41, 0xc7, 0x41, 0x46, 0x41, 0x05, 0x41, 0xe8, 0x51, 0x25, 0x39, 0x45, 0x41, 0x86, 0x49,
  0xc7, 0x41, 0x65, 0x31, 0x45, 0x39, 0x86, 0x41, 0x04, 0x39, 0x25, 0x41, 0x86, 0x51, 0xa1, 0x30,
  0xc3, 0x49, 0xb9, 0xff, 0x77, 0xff, 0x2b, 0x9c, 0x21, 0x41, 0x09, 0x7b, 0x4e, 0xa4, 0xb0, 0xac,
  0xb0, 0xac, 0xd0, 0xb4, 0xd0, 0xac, 0xd0, 0xac, 0xb1, 0xac, 0x12, 0xbd, 0x8e, 0xac, 0xae, 0xb4,
  0x52, 0xd5, 0x83, 0x61, 0x40, 0x59, 0x66, 0xa3, 0xea, 0xdc, 0xe9, 0xdc, 0x2b, 0xdd, 0x69, 0xc4,
  0x07, 0xb4, 0x47, 0xc4, 0xc8, 0xd4, 0xa7, 0xd4, 0x46, 0xc4, 0x47, 0xc4, 0xc9, 0xd4, 0xc5, 0xb3,
  0x47, 0xc4, 0x06, 0xbc, 0x47, 0xc4, 0xc9, 0xd4, 0x47, 0xc4, 0x06, 0xbc, 0xe9, 0xd4, 0xe9, 0xd4,
  0x26, 0xbc, 0x26, 0xbc, 0x87, 0xc4, 0xc9, 0xcc, 0x4a, 0xdd, 0x06, 0xb4, 0x69, 0xb4, 0x88, 0x93,
  0x62, 0x49, 0x22, 0x41, 0x03, 0x39, 0x65, 0x41, 0x66, 0x41, 0x86, 0x41, 0x85, 0x41, 0x65, 0x39,
  0x65, 0x39, 0x45, 0x39, 0x45, 0x39, 0x45, 0x39, 0x24, 0x41, 0x03, 0x41, 0xc2, 0x38, 0x41, 0x18,
  0x00, 0x00, 0x00, 0x00, 0x00, 0x00, 0x00, 0x00, 0x00, 0x00, 0x00, 0x00, 0x00, 0x00, 0x00, 0x00,
  0x00, 0x00, 0x00, 0x00, 0x00, 0x00, 0x00, 0x00, 0x00, 0x00, 0x00, 0x00, 0x00, 0x00, 0x00, 0x00,
  0x00, 0x00, 0x00, 0x00, 0x00, 0x00, 0x00, 0x00, 0x00, 0x00, 0x00, 0x00, 0x00, 0x00, 0x00, 0x00,
  0x00, 0x00, 0x00, 0x00, 0x00, 0x00, 0x00, 0x00, 0x00, 0x00, 0x00, 0x00, 0x00, 0x00, 0x00, 0x00,
  0x00, 0x00, 0x00, 0x00, 0x00, 0x00, 0x00, 0x00, 0x00, 0x00, 0x00, 0x00, 0x00, 0x00, 0x00, 0x00,
  0x00, 0x00, 0x00, 0x00, 0x00, 0x00, 0x00, 0x00, 0x00, 0x00, 0x00, 0x00, 0x00, 0x00, 0x00, 0x00,
  0x00, 0x00, 0x00, 0x00, 0x00, 0x00, 0x00, 0x00, 0x00, 0x00, 0x00, 0x00, 0x00, 0x00, 0x00, 0x00,
  0x00, 0x00, 0x00, 0x00, 0x00, 0x00, 0x00, 0x00, 0x00, 0x00, 0x00, 0x00, 0x00, 0x00, 0x00, 0x00,
  0x00, 0x00, 0x00, 0x00, 0x00, 0x00, 0x00, 0x00, 0x00, 0x00, 0x00, 0x00, 0x00, 0x00, 0x00, 0x00,
  0x00, 0x00, 0x00, 0x00, 0x00, 0x00, 0x00, 0x00, 0x00, 0x00, 0x00, 0x00, 0x00, 0x00, 0x00, 0x00,
  0x00, 0x00, 0x00, 0x00, 0x00, 0x00, 0x00, 0x00, 0x41, 0x20, 0xe3, 0x40, 0xc3, 0x38, 0x04, 0x41,
  0xe8, 0x51, 0xa7, 0x41, 0x25, 0x31, 0x65, 0x31, 0x65, 0x29, 0x65, 0x29, 0x65, 0x29, 0x45, 0x29,
  0x05, 0x39, 0xc4, 0x40, 0xe4, 0x38, 0x45, 0x39, 0xa6, 0x41, 0xa6, 0x41, 0xc7, 0x49, 0xa7, 0x49,
  0x66, 0x49, 0xe5, 0x38, 0x05, 0x31, 0xc7, 0x49, 0xa6, 0x49, 0x22, 0x41, 0x00, 0x49, 0xc6, 0x92,
  0x88, 0xab, 0x26, 0x9b, 0x05, 0x9b, 0x25, 0x9b, 0x45, 0xa3, 0x45, 0x9b, 0x44, 0x9b, 0x43, 0x9b,
  0x44, 0x9b, 0x85, 0xa3, 0x85, 0xa3, 0x44, 0x9b, 0xc7, 0xab, 0x66, 0x9b, 0x05, 0x93, 0xe4, 0x8a,
  0x04, 0x8b, 0xa6, 0x9b, 0x07, 0xac, 0xa2, 0x82, 0xa8, 0xb3, 0x85, 0x82, 0x43, 0x41, 0x65, 0x39,
  0xa6, 0x39, 0xe7, 0x41, 0xa6, 0x41, 0x65, 0x41, 0x66, 0x41, 0xc6, 0x49, 0xe7, 0x41, 0xe7, 0x41,
  0xe7, 0x41, 0xe8, 0x41, 0xc9, 0x41, 0xc9, 0x41, 0x67, 0x41, 0xa7, 0x49, 0x25, 0x39, 0x65, 0x41,
  0xc8, 0x49, 0xc8, 0x41, 0xc6, 0x41, 0x85, 0x41, 0x04, 0x39, 0x04, 0x39, 0xa7, 0x41, 0xc7, 0x39,
  0x07, 0x3a, 0x07, 0x3a, 0x07, 0x3a, 0xe7, 0x39, 0xe7, 0x41, 0xc7, 0x41, 0x86, 0x39, 0x66, 0x39,
  0xc7, 0x41, 0xc7, 0x39, 0xc7, 0x39, 0xc7, 0x39, 0xc6, 0x39, 0xe7, 0x49, 0x87, 0x51, 0xa4, 0x38,
  0x05, 0x41, 0x05, 0x39, 0xa7, 0x49, 0xe8, 0x49, 0x04, 0x31, 0x86, 0x41, 0xe7, 0x41, 0xc7, 0x41,
  0xc7, 0x51, 0xe4, 0x38, 0x66, 0x41, 0xe7, 0x51, 0xa1, 0x30, 0x45, 0x62, 0x10, 0xd6, 0x10, 0xd6,
  0xc2, 0x51, 0xe4, 0x51, 0xab, 0x8b, 0x11, 0xbd, 0xd0, 0xb4, 0xb0, 0xac, 0xd0, 0xb4, 0xb0, 0xac,
  0x90, 0xac, 0x6f, 0xac, 0x6c, 0xac, 0x2a, 0xac, 0xa0, 0x48, 0x62, 0x69, 0xc8, 0xbb, 0x68, 0xd4,
  0x06, 0xc4, 0x09, 0xe5, 0x89, 0xcc, 0x86, 0xab, 0xcb, 0xd4, 0x89, 0xcc, 0x6b, 0xed, 0x6a, 0xed,
  0x46, 0xcc, 0x67, 0xcc, 0x2a, 0xe5, 0x46, 0xc4, 0x26, 0xc4, 0x46, 0xc4, 0xa8, 0xcc, 0x09, 0xdd,
  0xe8, 0xd4, 0x86, 0xc4, 0xe8, 0xd4, 0x4a, 0xdd, 0x87, 0xc4, 0x26, 0xbc, 0x67, 0xc4, 0x87, 0xc4,
  0x06, 0xbc, 0x47, 0xc4, 0x88, 0xcc, 0x48, 0xbc, 0x49, 0xb4, 0xc4, 0x72, 0xa1, 0x49, 0x41, 0x39,
  0x64, 0x39, 0x65, 0x39, 0x65, 0x39, 0x65, 0x39, 0x65, 0x39, 0x65, 0x39, 0x85, 0x39, 0x85, 0x39,
  0x65, 0x39, 0x65, 0x39, 0x24, 0x39, 0x04, 0x39, 0xa2, 0x28, 0x41, 0x10, 0x00, 0x00, 0x00, 0x00,
  0x00, 0x00, 0x00, 0x00, 0x00, 0x00, 0x00, 0x00, 0x00, 0x00, 0x00, 0x00, 0x00, 0x00, 0x00, 0x00,
  0x00, 0x00, 0x00, 0x00, 0x00, 0x00, 0x00, 0x00, 0x00, 0x00, 0x00, 0x00, 0x00, 0x00, 0x00, 0x00,
  0x00, 0x00, 0x00, 0x00, 0x00, 0x00, 0x00, 0x00, 0x00, 0x00, 0x00, 0x00, 0x00, 0x00, 0x00, 0x00,
  0x00, 0x00, 0x00, 0x00, 0x00, 0x00, 0x00, 0x00, 0x00, 0x00, 0x00, 0x00, 0x00, 0x00, 0x00, 0x00,
  0x00, 0x00, 0x00, 0x00, 0x00, 0x00, 0x00, 0x00, 0x00, 0x00, 0x00, 0x00, 0x00, 0x00, 0x00, 0x00,
  0x00, 0x00, 0x00, 0x00, 0x00, 0x00, 0x00, 0x00, 0x00, 0x00, 0x00, 0x00, 0x00, 0x00, 0x00, 0x00,
  0x00, 0x00, 0x00, 0x00, 0x00, 0x00, 0x00, 0x00, 0x00, 0x00, 0x00, 0x00, 0x00, 0x00, 0x00, 0x00,
  0x00, 0x00, 0x00, 0x00, 0x00, 0x00, 0x00, 0x00, 0x00, 0x00, 0x00, 0x00, 0x00, 0x00, 0x00, 0x00,
  0x00, 0x00, 0x00, 0x00, 0x00, 0x00, 0x00, 0x00, 0x00, 0x00, 0x00, 0x00, 0x00, 0x00, 0x00, 0x00,
  0x00, 0x00, 0x00, 0x00, 0x00, 0x00, 0x00, 0x00, 0x00, 0x00, 0x00, 0x00, 0x00, 0x00, 0x82, 0x30,
  0xe3, 0x40, 0x44, 0x49, 0xa6, 0x51, 0x86, 0x49, 0xe7, 0x49, 0x08, 0x4a, 0x45, 0x31, 0x45, 0x31,
  0x45, 0x29, 0x45, 0x29, 0x65, 0x29, 0x45, 0x31, 0xe4, 0x38, 0xe4, 0x40, 0x45, 0x39, 0x65, 0x39,
  0xe7, 0x41, 0xe7, 0x41, 0xc7, 0x49, 0xa7, 0x49, 0xe4, 0x40, 0xc4, 0x38, 0x87, 0x41, 0xe7, 0x49,
  0x23, 0x41, 0x21, 0x49, 0x68, 0xab, 0xe9, 0xbb, 0x87, 0xab, 0x25, 0x9b, 0x25, 0x9b, 0x08, 0xbc,
  0x24, 0x9b, 0x44, 0x9b, 0x85, 0xa3, 0xa5, 0xab, 0x64, 0xa3, 0xa5, 0xab, 0xa5, 0xab, 0x64, 0xa3,
  0x85, 0xa3, 0x65, 0xa3, 0x45, 0x9b, 0x04, 0x93, 0x44, 0x93, 0xc6, 0xa3, 0xe6, 0xab, 0x08, 0xb4,
  0xc9, 0xab, 0xc3, 0x59, 0x64, 0x39, 0xe7, 0x41, 0xe7, 0x41, 0xc6, 0x41, 0xa6, 0x41, 0x65, 0x41,
  0x45, 0x39, 0x86, 0x41, 0xe7, 0x49, 0x07, 0x42, 0xe7, 0x41, 0xc8, 0x41, 0xc8, 0x41, 0xc9, 0x41,
  0xa7, 0x41, 0xc7, 0x49, 0x45, 0x41, 0x66, 0x41, 0xc7, 0x41, 0xc7, 0x39, 0xa6, 0x39, 0x85, 0x39,
  0xe3, 0x38, 0x04, 0x39, 0xe7, 0x41, 0x08, 0x42, 0x07, 0x3a, 0x07, 0x3a, 0x07, 0x3a, 0xe7, 0x39,
  0xe7, 0x41, 0xc7, 0x39, 0x66, 0x39, 0x45, 0x31, 0xc7, 0x41, 0xc7, 0x41, 0xc7, 0x39, 0xc7, 0x39,
  0xe7, 0x39, 0xe7, 0x41, 0xa7, 0x49, 0xa4, 0x38, 0xa4, 0x38, 0xc7, 0x59, 0xc7, 0x49, 0x45, 0x39,
  0x65, 0x39, 0xa6, 0x41, 0xe7, 0x39, 0xe7, 0x41, 0x86, 0x41, 0x86, 0x41, 0x45, 0x39, 0xe8, 0x51,
  0x45, 0x41, 0xc1, 0x30, 0x22, 0x5a, 0x31, 0xd6, 0x48, 0x83, 0x41, 0x41, 0xa7, 0x6a, 0x8b, 0x8b,
  0xd0, 0xb4, 0xb0, 0xb4, 0xd0, 0xb4, 0xb0, 0xb4, 0xd1, 0xbc, 0xaf, 0xb4, 0x2a, 0xac, 0xe0, 0x48,
  0xe0, 0x50, 0x09, 0xc4, 0x0b, 0xe5, 0x47, 0xd4, 0xe4, 0xc3, 0xe9, 0xdc, 0xc9, 0xd4, 0xc6, 0xb3,
  0x0b, 0xdd, 0x07, 0xc4, 0xe9, 0xe4, 0xa8, 0xdc, 0xa8, 0xd4, 0x66, 0xc4, 0x2a, 0xe5, 0xe8, 0xd4,
  0xa7, 0xcc, 0xe8, 0xd4, 0x09, 0xdd, 0x29, 0xdd, 0xaa, 0xed, 0x07, 0xd5, 0xa6, 0xcc, 0x49, 0xdd,
  0x6a, 0xdd, 0xa7, 0xcc, 0x87, 0xc4, 0x66, 0xc4, 0xc8, 0xcc, 0x6a, 0xe5, 0x45, 0xc4, 0x4a, 0xe5,
  0xac, 0xe5, 0xcd, 0xe5, 0x48, 0xa4, 0x60, 0x39, 0x62, 0x39, 0x64, 0x39, 0x64, 0x39, 0x85, 0x39,
  0x85, 0x39, 0x86, 0x39, 0xa5, 0x39, 0xa6, 0x39, 0xa6, 0x39, 0x85, 0x39, 0x65, 0x39, 0x45, 0x31,
  0x04, 0x31, 0x04, 0x39, 0xa3, 0x28, 0x00, 0x00, 0x00, 0x00, 0x00, 0x00, 0x00, 0x00, 0x00, 0x00,
  0x00, 0x00, 0x00, 0x00, 0x00, 0x00, 0x00, 0x00, 0x00, 0x00, 0x00, 0x00, 0x00, 0x00, 0x00, 0x00,
  0x00, 0x00, 0x00, 0x00, 0x00, 0x00, 0x00, 0x00, 0x00, 0x00, 0x00, 0x00, 0x00, 0x00, 0x00, 0x00,
  0x00, 0x00, 0x00, 0x00, 0x00, 0x00, 0x00, 0x00, 0x00, 0x00, 0x00, 0x00, 0x00, 0x00, 0x00, 0x00,
  0x00, 0x00, 0x00, 0x00, 0x00, 0x00, 0x00, 0x00, 0x00, 0x00, 0x00, 0x00, 0x00, 0x00, 0x00, 0x00,
  0x00, 0x00, 0x00, 0x00, 0x00, 0x00, 0x00, 0x00, 0x00, 0x00, 0x00, 0x00, 0x00, 0x00, 0x00, 0x00,
  0x00, 0x00, 0x00, 0x00, 0x00, 0x00, 0x00, 0x00, 0x00, 0x00, 0x00, 0x00, 0x00, 0x00, 0x00, 0x00,
  0x00, 0x00, 0x00, 0x00, 0x00, 0x00, 0x00, 0x00, 0x00, 0x00, 0x00, 0x00, 0x00, 0x00, 0x00, 0x00,
  0x00, 0x00, 0x00, 0x00, 0x00, 0x00, 0x00, 0x00, 0x00, 0x00, 0x00, 0x00, 0x00, 0x00, 0x00, 0x00,
  0x00, 0x00, 0x00, 0x00, 0x00, 0x00, 0x00, 0x00, 0x00, 0x00, 0x00, 0x00, 0x00, 0x00, 0x00, 0x00,
  0x00, 0x00, 0x41, 0x18, 0x61, 0x30, 0xa2, 0x48, 0xe3, 0x48, 0x45, 0x41, 0xa6, 0x41, 0xe6, 0x49,
  0xe7, 0x49, 0xa6, 0x41, 0x65, 0x39, 0x24, 0x29, 0x65, 0x31, 0x45, 0x31, 0x24, 0x29, 0xe4, 0x28,
  0xc4, 0x30, 0x04, 0x31, 0x86, 0x39, 0xc7, 0x39, 0xa6, 0x31, 0xe7, 0x41, 0xa6, 0x41, 0x05, 0x39,
  0x26, 0x41, 0x26, 0x41, 0x88, 0x49, 0x04, 0x41, 0xe0, 0x48, 0xe5, 0x92, 0x28, 0xcc, 0x28, 0xcc,
  0x03, 0x9b, 0x65, 0xa3, 0xe7, 0xb3, 0x48, 0xbc, 0x65, 0xa3, 0x85, 0xab, 0xc6, 0xb3, 0xe6, 0xb3,
  0xc6, 0xab, 0x07, 0xbc, 0xc6, 0xab, 0x07, 0xbc, 0xe7, 0xb3, 0xa6, 0xab, 0x65, 0xa3, 0x44, 0x9b,
  0x24, 0x93, 0xa5, 0xa3, 0xe6, 0xb3, 0xcb, 0xcc, 0x47, 0x8b, 0x62, 0x41, 0x65, 0x31, 0xe8, 0x41,
  0xe7, 0x39, 0xc7, 0x41, 0x86, 0x41, 0x66, 0x41, 0xc7, 0x41, 0xc7, 0x41, 0xe7, 0x41, 0xe7, 0x41,
  0xe7, 0x41, 0xe7, 0x41, 0xe8, 0x39, 0xe8, 0x39, 0xc7, 0x41, 0xa6, 0x41, 0x25, 0x39, 0x86, 0x41,
  0xe7, 0x41, 0xe7, 0x39, 0xe7, 0x41, 0xc7, 0x41, 0xe4, 0x30, 0x25, 0x39, 0xe7, 0x49, 0xe7, 0x41,
  0xe7, 0x41, 0xe7, 0x41, 0xe7, 0x41, 0xe7, 0x41, 0x07, 0x42, 0xc7, 0x41, 0x86, 0x31, 0x24, 0x29,
  0xe7, 0x49, 0xe7, 0x49, 0xc7, 0x41, 0xc7, 0x39, 0xe7, 0x39, 0xe7, 0x41, 0xe7, 0x49, 0x86, 0x49,
  0xe4, 0x40, 0x04, 0x49, 0x65, 0x41, 0xa6, 0x41, 0xe7, 0x49, 0xe7, 0x41, 0x29, 0x4a, 0xc7, 0x41,
  0x45, 0x31, 0x08, 0x4a, 0x65, 0x31, 0x08, 0x52, 0x49, 0x5a, 0x65, 0x41, 0xa0, 0x28, 0x2e, 0x9c,
  0xd0, 0xb4, 0xab, 0x93, 0xe4, 0x59, 0x67, 0x6a, 0x11, 0xbd, 0x11, 0xbd, 0xb0, 0xb4, 0xb0, 0xb4,
  0x8f, 0xb4, 0x4e, 0xb4, 0xe0, 0x40, 0x00, 0x72, 0x0a, 0xd5, 0x2a, 0xdd, 0x47, 0xcc, 0x67, 0xcc,
  0x09, 0xe5, 0xe8, 0xdc, 0x4a, 0xe5, 0x67, 0xcc, 0x09, 0xdd, 0xa7, 0xcc, 0xc8, 0xd4, 0x66, 0xcc,
  0xa8, 0xcc, 0x87, 0xcc, 0x29, 0xdd, 0x09, 0xdd, 0x29, 0xdd, 0x08, 0xd5, 0x48, 0xdd, 0xa9, 0xe5,
  0x8b, 0xfe, 0x2a, 0xf6, 0xe5, 0xcc, 0xe9, 0xed, 0x0a, 0xf6, 0x48, 0xdd, 0xe7, 0xcc, 0x48, 0xdd,
  0xa9, 0xed, 0x0b, 0xf6, 0xaa, 0xed, 0x69, 0xe5, 0x6a, 0xdd, 0x8b, 0xe5, 0x2a, 0xd5, 0x86, 0x9b,
  0xa1, 0x49, 0xe4, 0x49, 0x23, 0x31, 0x85, 0x41, 0xa5, 0x39, 0x65, 0x31, 0xa5, 0x39, 0xc6, 0x39,
  0xa6, 0x31, 0x86, 0x31, 0x86, 0x31, 0x86, 0x39, 0x25, 0x31, 0x25, 0x31, 0x25, 0x39, 0x04, 0x39,
  0x41, 0x10, 0x00, 0x00, 0x00, 0x00, 0x00, 0x00, 0x00, 0x00, 0x00, 0x00, 0x00, 0x00, 0x00, 0x00,
  0x00, 0x00, 0x00, 0x00, 0x00, 0x00, 0x00, 0x00, 0x00, 0x00, 0x00, 0x00, 0x00, 0x00, 0x00, 0x00,
  0x00, 0x00, 0x00, 0x00, 0x00, 0x00, 0x00, 0x00, 0x00, 0x00, 0x00, 0x00, 0x00, 0x00, 0x00, 0x00,
  0x00, 0x00, 0x00, 0x00, 0x00, 0x00, 0x00, 0x00, 0x00, 0x00, 0x00, 0x00, 0x00, 0x00, 0x00, 0x00,
  0x00, 0x00, 0x00, 0x00, 0x00, 0x00, 0x00, 0x00, 0x00, 0x00, 0x00, 0x00, 0x00, 0x00, 0x00, 0x00,
  0x00, 0x00, 0x00, 0x00, 0x00, 0x00, 0x00, 0x00, 0x00, 0x00, 0x00, 0x00, 0x00, 0x00, 0x00, 0x00,
  0x00, 0x00, 0x00, 0x00, 0x00, 0x00, 0x00, 0x00, 0x00, 0x00, 0x00, 0x00, 0x00, 0x00, 0x00, 0x00,
  0x00, 0x00, 0x00, 0x00, 0x00, 0x00, 0x00, 0x00, 0x00, 0x00, 0x00, 0x00, 0x00, 0x00, 0x00, 0x00,
  0x00, 0x00, 0x00, 0x00, 0x00, 0x00, 0x00, 0x00, 0x00, 0x00, 0x00, 0x00, 0x00, 0x00, 0x00, 0x00,
  0x00, 0x00, 0x00, 0x00, 0x00, 0x00, 0x00, 0x00, 0x00, 0x00, 0x82, 0x38, 0x82, 0x48, 0xa3, 0x40,
  0x65, 0x51, 0xa6, 0x49, 0x07, 0x4a, 0x27, 0x4a, 0xe7, 0x49, 0xc6, 0x41, 0x85, 0x39, 0x65, 0x39,
  0x25, 0x31, 0x24, 0x31, 0x04, 0x29, 0x04, 0x29, 0x65, 0x39, 0x86, 0x39, 0xc7, 0x41, 0x07, 0x42,
  0xa6, 0x31, 0xa6, 0x39, 0x66, 0x39, 0x25, 0x39, 0x05, 0x39, 0xc8, 0x59, 0x87, 0x51, 0xc2, 0x48,
  0x64, 0x82, 0x86, 0xb3, 0xa9, 0xe4, 0x47, 0xd4, 0x64, 0xa3, 0x65, 0xa3, 0x85, 0xa3, 0x85, 0xa3,
  0x85, 0xa3, 0x85, 0xa3, 0x85, 0xab, 0xa5, 0xab, 0xc6, 0xb3, 0x27, 0xbc, 0xc6, 0xb3, 0x07, 0xbc,
  0x28, 0xc4, 0xe7, 0xb3, 0x85, 0xab, 0x64, 0xa3, 0xa5, 0xa3, 0xc6, 0xab, 0xe7, 0xb3, 0x29, 0xb4,
  0xa6, 0x72, 0x22, 0x31, 0xe7, 0x41, 0xc8, 0x39, 0xe7, 0x39, 0xe7, 0x41, 0x86, 0x41, 0x66, 0x41,
  0xc7, 0x41, 0xe7, 0x41, 0xe7, 0x41, 0xe7, 0x41, 0xe7, 0x41, 0xe7, 0x41, 0xe7, 0x39, 0xe7, 0x39,
  0xc7, 0x39, 0xa6, 0x41, 0x25, 0x39, 0x86, 0x41, 0xe7, 0x41, 0xe7, 0x39, 0xe7, 0x41, 0xc7, 0x41,
  0xe4, 0x30, 0x25, 0x39, 0xe7, 0x49, 0xc7, 0x41, 0xe7, 0x41, 0xe7, 0x41, 0xe7, 0x41, 0xe7, 0x41,
  0xe7, 0x41, 0xe7, 0x41, 0xa6, 0x39, 0x45, 0x31, 0xa7, 0x41, 0xc7, 0x49, 0xc7, 0x41, 0xc7, 0x41,
  0xe7, 0x39, 0xe7, 0x41, 0xe7, 0x41, 0xc7, 0x49, 0xe3, 0x40, 0xa2, 0x38, 0x45, 0x49, 0xc7, 0x49,
  0xc7, 0x41, 0x69, 0x52, 0xa7, 0x41, 0x04, 0x29, 0xa6, 0x39, 0x28, 0x42, 0xa6, 0x39, 0x08, 0x4a,
  0x29, 0x52, 0x45, 0x39, 0x83, 0x28, 0x44, 0x41, 0x0d, 0x9c, 0x8e, 0xac, 0x86, 0x6a, 0xc3, 0x51,
  0x6a, 0x8b, 0xcf, 0xb4, 0x8f, 0xb4, 0xb0, 0xbc, 0x6f, 0xb4, 0x60, 0x30, 0x83, 0x7a, 0x0a, 0xd5,
  0x49, 0xdd, 0x69, 0xe5, 0x09, 0xdd, 0x2a, 0xe5, 0xe8, 0xdc, 0x49, 0xe5, 0x28, 0xdd, 0xe7, 0xd4,
  0x28, 0xdd, 0xe7, 0xd4, 0x28, 0xdd, 0xc8, 0xd4, 0xe8, 0xd4, 0xc7, 0xcc, 0x29, 0xd5, 0x08, 0xd5,
  0xaa, 0xe5, 0x48, 0xdd, 0x07, 0xcd, 0x26, 0xd5, 0x08, 0xee, 0xc7, 0xe5, 0x49, 0xf6, 0x6a, 0xfe,
  0xac, 0xfe, 0x0a, 0xee, 0x88, 0xdd, 0xa9, 0xe5, 0x6b, 0xfe, 0x4b, 0xfe, 0xca, 0xed, 0xa9, 0xe5,
  0x48, 0xdd, 0xc7, 0xcc, 0x08, 0xd5, 0x8c, 0xdd, 0x0c, 0xbd, 0x84, 0x62, 0x25, 0x52, 0x43, 0x39,
  0x85, 0x41, 0x65, 0x39, 0xa5, 0x39, 0xa6, 0x39, 0xa6, 0x31, 0xa6, 0x31, 0x86, 0x31, 0x86, 0x31,
  0x25, 0x29, 0x25, 0x29, 0x05, 0x31, 0x04, 0x31, 0xc3, 0x30, 0x81, 0x20, 0x41, 0x18, 0x00, 0x00,
  0x00, 0x00, 0x00, 0x00, 0x00, 0x00, 0x00, 0x00, 0x00, 0x00, 0x00, 0x00, 0x00, 0x00, 0x00, 0x00,
  0x00, 0x00, 0x00, 0x00, 0x00, 0x00, 0x00, 0x00, 0x00, 0x00, 0x00, 0x00, 0x00, 0x00, 0x00, 0x00,
  0x00, 0x00, 0x00, 0x00, 0x00, 0x00, 0x00, 0x00, 0x00, 0x00, 0x00, 0x00, 0x00, 0x00, 0x00, 0x00,
  0x00, 0x00, 0x00, 0x00, 0x00, 0x00, 0x00, 0x00, 0x00, 0x00, 0x00, 0x00, 0x00, 0x00, 0x00, 0x00,
  0x00, 0x00, 0x00, 0x00, 0x00, 0x00, 0x00, 0x00, 0x00, 0x00, 0x00, 0x00, 0x00, 0x00, 0x00, 0x00,
  0x00, 0x00, 0x00, 0x00, 0x00, 0x00, 0x00, 0x00, 0x00, 0x00, 0x00, 0x00, 0x00, 0x00, 0x00, 0x00,
  0x00, 0x00, 0x00, 0x00, 0x00, 0x00, 0x00, 0x00, 0x00, 0x00, 0x00, 0x00, 0x00, 0x00, 0x00, 0x00,
  0x00, 0x00, 0x00, 0x00, 0x00, 0x00, 0x00, 0x00, 0x00, 0x00, 0x00, 0x00, 0x00, 0x00, 0x00, 0x00,
  0x00, 0x00, 0x00, 0x00, 0x00, 0x00, 0x00, 0x00, 0x00, 0x00, 0x00, 0x00, 0x00, 0x00, 0x00, 0x00,
  0x41, 0x20, 0x83, 0x48, 0xe4, 0x48, 0x66, 0x49, 0xc7, 0x51, 0xe7, 0x49, 0x07, 0x4a, 0x07, 0x4a,
  0xe7, 0x49, 0xc7, 0x41, 0xc6, 0x41, 0xa6, 0x41, 0x45, 0x31, 0x45, 0x31, 0x65, 0x39, 0x65, 0x39,
  0xa7, 0x41, 0xc7, 0x41, 0xe7, 0x41, 0xe7, 0x41, 0xa6, 0x39, 0x65, 0x31, 0x25, 0x31, 0x25, 0x31,
  0x66, 0x41, 0x08, 0x5a, 0xc2, 0x40, 0x01, 0x51, 0xa7, 0xb3, 0x28, 0xcc, 0x89, 0xd4, 0x48, 0xcc,
  0x27, 0xbc, 0x27, 0xb4, 0x07, 0xb4, 0x07, 0xb4, 0x07, 0xb4, 0x07, 0xb4, 0x07, 0xb4, 0x06, 0xb4,
  0x68, 0xc4, 0x68, 0xc4, 0xc6, 0xb3, 0xc6, 0xb3, 0x27, 0xbc, 0x07, 0xbc, 0x07, 0xbc, 0xc5, 0xab,
  0xe6, 0xab, 0x07, 0xb4, 0x69, 0xc4, 0xe9, 0xab, 0xa3, 0x49, 0x24, 0x31, 0x08, 0x4a, 0xc7, 0x39,
  0xe7, 0x39, 0xe7, 0x41, 0x86, 0x41, 0x66, 0x41, 0xc7, 0x41, 0xe7, 0x41, 0xe7, 0x41, 0xe7, 0x41,
  0xe7, 0x41, 0xe7, 0x41, 0xe7, 0x39, 0xe7, 0x39, 0xc7, 0x39, 0xa7, 0x41, 0x25, 0x39, 0x86, 0x41,
  0xe7, 0x41, 0xe7, 0x39, 0xe7, 0x39, 0xc7, 0x41, 0xe4, 0x30, 0x25, 0x39, 0xe7, 0x49, 0xc7, 0x41,
  0xe7, 0x41, 0xe7, 0x41, 0xe7, 0x41, 0xe7, 0x41, 0xe7, 0x41, 0xe7, 0x41, 0xc6, 0x39, 0x65, 0x31,
  0x66, 0x41, 0xa6, 0x41, 0xc7, 0x41, 0xc7, 0x39, 0xe7, 0x39, 0xe7, 0x41, 0xe7, 0x41, 0xe7, 0x41,
  0xa6, 0x49, 0xe3, 0x38, 0xe4, 0x38, 0x86, 0x49, 0x49, 0x52, 0x28, 0x52, 0x25, 0x39, 0x86, 0x49,
  0x08, 0x4a, 0x28, 0x4a, 0xc7, 0x41, 0xe7, 0x49, 0xc7, 0x49, 0x66, 0x41, 0x86, 0x41, 0x03, 0x39,
  0x83, 0x49, 0x10, 0xbd, 0x30, 0xc5, 0x24, 0x5a, 0xa2, 0x51, 0x50, 0xc5, 0x6d, 0xb4, 0x69, 0x93,
  0xc0, 0x40, 0x80, 0x38, 0xae, 0xe5, 0xec, 0xed, 0x69, 0xe5, 0x49, 0xe5, 0x6b, 0xed, 0x4a, 0xe5,
  0x29, 0xdd, 0xe7, 0xd4, 0xeb, 0xf5, 0x08, 0xdd, 0x49, 0xdd, 0x28, 0xd5, 0x8a, 0xe5, 0x69, 0xdd,
  0x8a, 0xe5, 0x49, 0xd5, 0x8a, 0xe5, 0x49, 0xd5, 0xca, 0xe5, 0xc9, 0xe5, 0x0a, 0xee, 0x8b, 0xf6,
  0x49, 0xee, 0x08, 0xe6, 0x0b, 0xff, 0xec, 0xfe, 0x2d, 0xff, 0xac, 0xf6, 0x0a, 0xe6, 0xc9, 0xdd,
  0x09, 0xee, 0xc9, 0xe5, 0x68, 0xdd, 0xa9, 0xe5, 0xeb, 0xed, 0x28, 0xd5, 0xe8, 0xcc, 0x8a, 0xdd,
  0x8a, 0xcd, 0x2e, 0xde, 0xa8, 0x8b, 0x41, 0x41, 0xc2, 0x28, 0x28, 0x52, 0x45, 0x39, 0x65, 0x31,
  0x86, 0x31, 0x86, 0x31, 0x86, 0x31, 0x86, 0x31, 0x86, 0x39, 0x86, 0x39, 0x86, 0x39, 0x66, 0x39,
  0x44, 0x39, 0x24, 0x39, 0x24, 0x41, 0xe3, 0x30, 0x41, 0x10, 0x00, 0x00, 0x00, 0x00, 0x00, 0x00,
  0x00, 0x00, 0x00, 0x00, 0x00, 0x00, 0x00, 0x00, 0x00, 0x00, 0x00, 0x00, 0x00, 0x00, 0x00, 0x00,
  0x00, 0x00, 0x00, 0x00, 0x00, 0x00, 0x00, 0x00, 0x00, 0x00, 0x00, 0x00, 0x00, 0x00, 0x00, 0x00,
  0x00, 0x00, 0x00, 0x00, 0x00, 0x00, 0x00, 0x00, 0x00, 0x00, 0x00, 0x00, 0x00, 0x00, 0x00, 0x00,
  0x00, 0x00, 0x00, 0x00, 0x00, 0x00, 0x00, 0x00, 0x00, 0x00, 0x00, 0x00, 0x00, 0x00, 0x00, 0x00,
  0x00, 0x00, 0x00, 0x00, 0x00, 0x00, 0x00, 0x00, 0x00, 0x00, 0x00, 0x00, 0x00, 0x00, 0x00, 0x00,
  0x00, 0x00, 0x00, 0x00, 0x00, 0x00, 0x00, 0x00, 0x00, 0x00, 0x00, 0x00, 0x00, 0x00, 0x00, 0x00,
  0x00, 0x00, 0x00, 0x00, 0x00, 0x00, 0x00, 0x00, 0x00, 0x00, 0x00, 0x00, 0x00, 0x00, 0x00, 0x00,
  0x00, 0x00, 0x00, 0x00, 0x00, 0x00, 0x00, 0x00, 0x00, 0x00, 0x00, 0x00, 0x00, 0x00, 0x00, 0x00,
  0x00, 0x00, 0x00, 0x00, 0x00, 0x00, 0x00, 0x00, 0x83, 0x38, 0x83, 0x40, 0x04, 0x41, 0x66, 0x41,
  0xe7, 0x49, 0xe7, 0x49, 0xe7, 0x41, 0xc7, 0x41, 0xc7, 0x41, 0xe7, 0x41, 0xe7, 0x49, 0xe7, 0x49,
  0xa6, 0x41, 0xc6, 0x41, 0xe7, 0x49, 0x08, 0x4a, 0xa7, 0x41, 0xa6, 0x41, 0xa6, 0x39, 0xa6, 0x39,
  0x86, 0x39, 0x24, 0x29, 0x04, 0x29, 0x25, 0x31, 0xc8, 0x49, 0x07, 0x5a, 0x21, 0x51, 0x6b, 0xc4,
  0x89, 0xcc, 0x47, 0xcc, 0x85, 0xb3, 0x88, 0xcc, 0xc5, 0xab, 0xe5, 0xab, 0x06, 0xb4, 0x26, 0xb4,
  0x26, 0xbc, 0x06, 0xb4, 0xe5, 0xab, 0xa5, 0xab, 0xe6, 0xb3, 0x47, 0xc4, 0x27, 0xbc, 0x88, 0xcc,
  0x67, 0xc4, 0x27, 0xbc, 0xe6, 0xb3, 0xe6, 0xb3, 0xa5, 0xab, 0xe6, 0xb3, 0xcb, 0xcc, 0x0b, 0xac,
  0x43, 0x41, 0x86, 0x39, 0xc7, 0x41, 0xc7, 0x41, 0xe7, 0x39, 0xe7, 0x41, 0x86, 0x41, 0x65, 0x41,
  0xc7, 0x41, 0xe7, 0x41, 0xe7, 0x41, 0xe7, 0x41, 0xe7, 0x41, 0xe7, 0x41, 0xe7, 0x39, 0xe7, 0x39,
  0xc7, 0x39, 0xa7, 0x41, 0x25, 0x39, 0x86, 0x41, 0xe7, 0x41, 0xe7, 0x39, 0xe7, 0x39, 0xc7, 0x41,
  0xe4, 0x30, 0x25, 0x39, 0xe7, 0x49, 0xc7, 0x41, 0xe7, 0x41, 0xe7, 0x41, 0xe7, 0x41, 0xe7, 0x41,
  0xe7, 0x41, 0xe7, 0x41, 0xc7, 0x39, 0x86, 0x39, 0x45, 0x39, 0x86, 0x41, 0xa7, 0x41, 0xc7, 0x41,
  0xe7, 0x41, 0xe7, 0x41, 0xe7, 0x41, 0xc7, 0x41, 0x07, 0x4a, 0xa6, 0x49, 0x04, 0x41, 0x04, 0x39,
  0xc7, 0x49, 0x66, 0x41, 0x04, 0x39, 0xc8, 0x51, 0x49, 0x5a, 0x08, 0x4a, 0xe7, 0x49, 0xa6, 0x41,
  0x86, 0x41, 0xa6, 0x41, 0x86, 0x41, 0x86, 0x41, 0xe1, 0x30, 0x86, 0x62, 0x8a, 0x8b, 0x49, 0x83,
  0x82, 0x51, 0x24, 0x62, 0x48, 0x8b, 0xc0, 0x40, 0x82, 0x59, 0x4b, 0xb4, 0x6b, 0xd5, 0x0c, 0xee,
  0x8a, 0xe5, 0x29, 0xdd, 0x4a, 0xe5, 0xa7, 0xcc, 0x08, 0xdd, 0x49, 0xe5, 0xcb, 0xed, 0x89, 0xe5,
  0x69, 0xdd, 0x49, 0xdd, 0xeb, 0xed, 0xcb, 0xe5, 0x4d, 0xf6, 0xeb, 0xed, 0x2c, 0xee, 0xca, 0xe5,
  0xa9, 0xdd, 0xa9, 0xdd, 0x2a, 0xee, 0xab, 0xf6, 0x69, 0xe6, 0xca, 0xee, 0x2c, 0xff, 0x4d, 0xff,
  0x8f, 0xff, 0x4e, 0xff, 0x6b, 0xee, 0xe9, 0xdd, 0x09, 0xe6, 0xc9, 0xdd, 0xe9, 0xe5, 0xad, 0xfe,
  0x0b, 0xee, 0xeb, 0xe5, 0xcb, 0xe5, 0xeb, 0xe5, 0x8c, 0xee, 0x4c, 0xe6, 0x2f, 0xe6, 0xcc, 0xb4,
  0x86, 0x6a, 0xc1, 0x30, 0x65, 0x41, 0x86, 0x41, 0x86, 0x39, 0x86, 0x31, 0x86, 0x31, 0x86, 0x31,
  0x66, 0x31, 0x66, 0x31, 0x66, 0x31, 0x65, 0x31, 0x24, 0x31, 0x24, 0x31, 0x24, 0x31, 0x03, 0x31,
  0x03, 0x39, 0x82, 0x28, 0x41, 0x18, 0x00, 0x00, 0x00, 0x00, 0x00, 0x00, 0x00, 0x00, 0x00, 0x00,
  0x00, 0x00, 0x00, 0x00, 0x00, 0x00, 0x00, 0x00, 0x00, 0x00, 0x00, 0x00, 0x00, 0x00, 0x00, 0x00,
  0x00, 0x00, 0x00, 0x00, 0x00, 0x00, 0x00, 0x00, 0x00, 0x00, 0x00, 0x00, 0x00, 0x00, 0x00, 0x00,
  0x00, 0x00, 0x00, 0x00, 0x00, 0x00, 0x00, 0x00, 0x00, 0x00, 0x00, 0x00, 0x00, 0x00, 0x00, 0x00,
  0x00, 0x00, 0x00, 0x00, 0x00, 0x00, 0x00, 0x00, 0x00, 0x00, 0x00, 0x00, 0x00, 0x00, 0x00, 0x00,
  0x00, 0x00, 0x00, 0x00, 0x00, 0x00, 0x00, 0x00, 0x00, 0x00, 0x00, 0x00, 0x00, 0x00, 0x00, 0x00,
  0x00, 0x00, 0x00, 0x00, 0x00, 0x00, 0x00, 0x00, 0x00, 0x00, 0x00, 0x00, 0x00, 0x00, 0x00, 0x00,
  0x00, 0x00, 0x00, 0x00, 0x00, 0x00, 0x00, 0x00, 0x00, 0x00, 0x00, 0x00, 0x00, 0x00, 0x00, 0x00,
  0x00, 0x00, 0x00, 0x00, 0x00, 0x00, 0x00, 0x00, 0x00, 0x00, 0x00, 0x00, 0x00, 0x00, 0x20, 0x10,
  0xe5, 0x48, 0x25, 0x49, 0x66, 0x41, 0xc7, 0x41, 0xe7, 0x41, 0xe7, 0x41, 0xe7, 0x41, 0xe7, 0x41,
  0xc7, 0x41, 0xe7, 0x41, 0xe7, 0x41, 0xc7, 0x41, 0xc7, 0x41, 0xe7, 0x49, 0xe8, 0x49, 0xc7, 0x41,
  0x66, 0x39, 0xa6, 0x41, 0xa6, 0x41, 0x25, 0x31, 0x45, 0x31, 0x25, 0x31, 0x45, 0x31, 0xa7, 0x41,
  0xc7, 0x51, 0x02, 0x41, 0xa5, 0x82, 0x2c, 0xd5, 0xc9, 0xd4, 0xa8, 0xcc, 0x67, 0xc4, 0xc9, 0xcc,
  0x26, 0xbc, 0xe5, 0xab, 0x25, 0xb4, 0x87, 0xc4, 0x87, 0xc4, 0x47, 0xbc, 0x26, 0xbc, 0x26, 0xbc,
  0xe5, 0xb3, 0x05, 0xb4, 0x47, 0xc4, 0xa8, 0xcc, 0xa8, 0xcc, 0xa8, 0xcc, 0xe5, 0xb3, 0xc5, 0xb3,
  0x05, 0xb4, 0xa9, 0xcc, 0xac, 0xcc, 0x21, 0x51, 0x23, 0x39, 0x86, 0x39, 0xc7, 0x41, 0xa7, 0x41,
  0xe7, 0x39, 0xe7, 0x41, 0x45, 0x39, 0x66, 0x41, 0xc7, 0x41, 0xe7, 0x41, 0xe7, 0x41, 0xe7, 0x41,
  0xe7, 0x41, 0xe7, 0x41, 0xe7, 0x39, 0xe7, 0x39, 0xe7, 0x41, 0xa7, 0x41, 0x25, 0x39, 0x66, 0x39,
  0xc7, 0x41, 0xe7, 0x39, 0xe7, 0x39, 0xa6, 0x41, 0xe4, 0x30, 0xe4, 0x38, 0x08, 0x52, 0xc7, 0x41,
  0xe7, 0x41, 0xe7, 0x41, 0xe7, 0x41, 0xe7, 0x41, 0xe7, 0x41, 0xc7, 0x41, 0xc7, 0x41, 0xc7, 0x41,
  0x25, 0x31, 0x45, 0x39, 0xa6, 0x41, 0xc7, 0x41, 0xe7, 0x41, 0xe7, 0x41, 0xe7, 0x41, 0xc7, 0x41,
  0x07, 0x4a, 0xc7, 0x49, 0x45, 0x41, 0xc3, 0x38, 0xa3, 0x30, 0x04, 0x39, 0xc7, 0x49, 0xe7, 0x49,
  0xc7, 0x49, 0x49, 0x5a, 0xc7, 0x49, 0x86, 0x39, 0xa7, 0x41, 0xa7, 0x41, 0xc7, 0x41, 0x86, 0x39,
  0x44, 0x39, 0xc1, 0x28, 0x47, 0x62, 0x4b, 0x83, 0xa8, 0x7a, 0x83, 0x59, 0x80, 0x38, 0x28, 0x93,
  0xb0, 0xe5, 0xaf, 0xe5, 0xcd, 0xe5, 0xcc, 0xe5, 0x6b, 0xe5, 0x8c, 0xed, 0x28, 0xdd, 0x89, 0xe5,
  0x0b, 0xf6, 0x89, 0xe5, 0xaa, 0xe5, 0x28, 0xd5, 0x68, 0xd5, 0x48, 0xd5, 0x48, 0xd5, 0x48, 0xd5,
  0xcb, 0xe5, 0xca, 0xdd, 0xa9, 0xdd, 0x88, 0xd5, 0xa8, 0xdd, 0x09, 0xe6, 0x8b, 0xf6, 0xeb, 0xf6,
  0xaa, 0xee, 0x0b, 0xf7, 0x4c, 0xff, 0x6d, 0xff, 0x2d, 0xff, 0x2d, 0xff, 0x6b, 0xe6, 0x6b, 0xee,
  0x09, 0xde, 0x2a, 0xe6, 0xa8, 0xd5, 0x4b, 0xee, 0xca, 0xdd, 0x0c, 0xe6, 0x69, 0xd5, 0xaa, 0xdd,
  0x47, 0xcd, 0x68, 0xcd, 0xca, 0xdd, 0x2e, 0xe6, 0xaf, 0xd5, 0xe6, 0x72, 0x63, 0x49, 0x66, 0x49,
  0x46, 0x39, 0x66, 0x31, 0x86, 0x39, 0x86, 0x31, 0x86, 0x31, 0x86, 0x31, 0x86, 0x31, 0x86, 0x31,
  0x85, 0x39, 0x65, 0x39, 0x85, 0x39, 0x65, 0x39, 0x65, 0x39, 0x25, 0x41, 0x04, 0x41, 0xa3, 0x38,
  0x62, 0x20, 0x00, 0x00, 0x00, 0x00, 0x00, 0x00, 0x00, 0x00, 0x00, 0x00, 0x00, 0x00, 0x00, 0x00,
  0x00, 0x00, 0x00, 0x00, 0x00, 0x00, 0x00, 0x00, 0x00, 0x00, 0x00, 0x00, 0x00, 0x00, 0x00, 0x00,
  0x00, 0x00, 0x00, 0x00, 0x00, 0x00, 0x00, 0x00, 0x00, 0x00, 0x00, 0x00, 0x00, 0x00, 0x00, 0x00,
  0x00, 0x00, 0x00, 0x00, 0x00, 0x00, 0x00, 0x00, 0x00, 0x00, 0x00, 0x00, 0x00, 0x00, 0x00, 0x00,
  0x00, 0x00, 0x00, 0x00, 0x00, 0x00, 0x00, 0x00, 0x00, 0x00, 0x00, 0x00, 0x00, 0x00, 0x00, 0x00,
  0x00, 0x00, 0x00, 0x00, 0x00, 0x00, 0x00, 0x00, 0x00, 0x00, 0x00, 0x00, 0x00, 0x00, 0x20, 0x10,
  0x62, 0x38, 0x82, 0x48, 0x20, 0x10, 0x00, 0x00, 0x00, 0x00, 0x00, 0x00, 0x00, 0x00, 0x00, 0x00,
  0x00, 0x00, 0x00, 0x00, 0x00, 0x00, 0x00, 0x00, 0x00, 0x00, 0x00, 0x00, 0x00, 0x00, 0x00, 0x00,
  0x00, 0x00, 0x00, 0x00, 0x00, 0x08, 0x61, 0x28, 0x25, 0x49, 0x66, 0x41, 0xa7, 0x41, 0xc7, 0x41,
  0xe7, 0x41, 0xe7, 0x41, 0xe7, 0x41, 0xe7, 0x41, 0xe7, 0x41, 0xe7, 0x41, 0xe7, 0x41, 0xe7, 0x41,
  0xe7, 0x49, 0xe8, 0x49, 0xc7, 0x41, 0xa6, 0x39, 0xa6, 0x39, 0x65, 0x31, 0x25, 0x31, 0x25, 0x31,
  0xe4, 0x28, 0x45, 0x31, 0xc7, 0x41, 0xe7, 0x49, 0xe3, 0x38, 0x05, 0x6a, 0xe8, 0xab, 0x2a, 0xd5,
  0xa8, 0xc4, 0xa8, 0xcc, 0x47, 0xc4, 0x67, 0xc4, 0x67, 0xbc, 0xc8, 0xcc, 0xa7, 0xc4, 0x05, 0xb4,
  0x46, 0xbc, 0x66, 0xbc, 0x66, 0xc4, 0x87, 0xc4, 0x25, 0xbc, 0x66, 0xc4, 0xa7, 0xcc, 0xa7, 0xcc,
  0xa8, 0xcc, 0xe8, 0xd4, 0xa7, 0xcc, 0xc8, 0xd4, 0xc8, 0xcc, 0xca, 0xcc, 0x48, 0x9b, 0x23, 0x49,
  0x45, 0x39, 0xa7, 0x41, 0xc7, 0x41, 0xc7, 0x41, 0xe7, 0x39, 0xe7, 0x41, 0x45, 0x39, 0x46, 0x41,
  0xc7, 0x41, 0xe7, 0x41, 0xe7, 0x41, 0xe7, 0x41, 0xe7, 0x41, 0xe7, 0x41, 0xe7, 0x39, 0xe7, 0x39,
  0xe7, 0x41, 0xa7, 0x41, 0x25, 0x39, 0x66, 0x39, 0xc7, 0x41, 0xe7, 0x39, 0xe7, 0x39, 0xa6, 0x41,
  0xe4, 0x30, 0x05, 0x39, 0xe8, 0x49, 0xc7, 0x41, 0xe7, 0x41, 0xe7, 0x41, 0xe7, 0x41, 0xe7, 0x41,
  0xe7, 0x41, 0xc7, 0x41, 0xc7, 0x41, 0xc7, 0x41, 0x45, 0x39, 0x45, 0x39, 0x86, 0x39, 0xc7, 0x41,
  0xc7, 0x41, 0xe7, 0x41, 0xe7, 0x41, 0xe7, 0x41, 0xe7, 0x49, 0xe7, 0x49, 0xa7, 0x49, 0x45, 0x41,
  0x82, 0x30, 0xe4, 0x40, 0xc7, 0x49, 0xc6, 0x49, 0x29, 0x5a, 0x66, 0x41, 0xa7, 0x41, 0x86, 0x41,
  0xc7, 0x41, 0xc7, 0x41, 0xc7, 0x41, 0x86, 0x39, 0x44, 0x31, 0x03, 0x29, 0x85, 0x49, 0xc9, 0x72,
  0x4a, 0x8b, 0x83, 0x59, 0xc0, 0x40, 0x6c, 0xbc, 0xaf, 0xe5, 0xcd, 0xe5, 0xcd, 0xe5, 0xac, 0xe5,
  0x8c, 0xe5, 0x8b, 0xed, 0x69, 0xe5, 0x89, 0xe5, 0xca, 0xed, 0x89, 0xdd, 0xeb, 0xe5, 0xaa, 0xdd,
  0xea, 0xe5, 0xaa, 0xdd, 0x89, 0xd5, 0x48, 0xcd, 0x2b, 0xe6, 0x0a, 0xe6, 0xe9, 0xdd, 0xc9, 0xdd,
  0x4a, 0xee, 0x6a, 0xee, 0x8a, 0xee, 0xaa, 0xee, 0xca, 0xee, 0xca, 0xee, 0x0b, 0xf7, 0x4d, 0xff,
  0x0c, 0xf7, 0x0d, 0xff, 0x8b, 0xe6, 0x8b, 0xee, 0xab, 0xee, 0x4a, 0xe6, 0xe9, 0xdd, 0x0e, 0xff,
  0xcd, 0xf6, 0x2c, 0xe6, 0xaa, 0xdd, 0x0c, 0xee, 0x2b, 0xee, 0x8c, 0xf6, 0x6b, 0xf6, 0x0b, 0xe6,
  0xb0, 0xfe, 0x31, 0xe6, 0x69, 0x8b, 0xa5, 0x51, 0x65, 0x39, 0x86, 0x39, 0x86, 0x39, 0x86, 0x39,
  0x86, 0x31, 0x86, 0x31, 0x86, 0x31, 0x86, 0x31, 0x86, 0x31, 0x86, 0x31, 0x86, 0x31, 0x86, 0x39,
  0x86, 0x39, 0x66, 0x39, 0x66, 0x39, 0x25, 0x41, 0x04, 0x41, 0x82, 0x20, 0x00, 0x00, 0x00, 0x00,
  0x00, 0x00, 0x00, 0x00, 0x00, 0x00, 0x00, 0x00, 0x00, 0x00, 0x00, 0x00, 0x00, 0x00, 0x00, 0x00,
  0x00, 0x00, 0x00, 0x00, 0x00, 0x00, 0x00, 0x00, 0x00, 0x00, 0x00, 0x00, 0x00, 0x00, 0x00, 0x00,
  0x00, 0x00, 0x00, 0x00, 0x00, 0x00, 0x00, 0x00, 0x00, 0x00, 0x00, 0x00, 0x00, 0x00, 0x00, 0x00,
  0x00, 0x00, 0x00, 0x00, 0x00, 0x00, 0x00, 0x00, 0x00, 0x00, 0x00, 0x00, 0x00, 0x00, 0x00, 0x00,
  0x00, 0x00, 0x00, 0x00, 0x00, 0x00, 0x00, 0x00, 0x00, 0x00, 0x00, 0x00, 0x00, 0x00, 0x00, 0x00,
  0x00, 0x00, 0x00, 0x00, 0x41, 0x20, 0x82, 0x48, 0x82, 0x48, 0x62, 0x38, 0x00, 0x00, 0x00, 0x00,
  0x00, 0x00, 0x00, 0x00, 0x00, 0x00, 0x00, 0x00, 0x00, 0x00, 0x00, 0x00, 0x00, 0x00, 0x00, 0x00,
  0x00, 0x00, 0x00, 0x00, 0x00, 0x00, 0x00, 0x00, 0x00, 0x00, 0x00, 0x00, 0x41, 0x20, 0x62, 0x30,
  0x46, 0x41, 0xa7, 0x41, 0xc8, 0x49, 0xe8, 0x49, 0xc7, 0x41, 0xe7, 0x41, 0xe7, 0x39, 0xe7, 0x39,
  0xe7, 0x41, 0xc7, 0x41, 0xe7, 0x41, 0xe7, 0x49, 0xe7, 0x49, 0xc7, 0x41, 0xa6, 0x41, 0xa6, 0x39,
  0xa6, 0x39, 0x45, 0x31, 0xe4, 0x28, 0x05, 0x31, 0x25, 0x31, 0xa7, 0x41, 0xe8, 0x41, 0xc7, 0x41,
  0x23, 0x49, 0x8a, 0x9b, 0x2c, 0xcd, 0x4a, 0xcd, 0x29, 0xcd, 0x4a, 0xd5, 0xa7, 0xcc, 0x66, 0xc4,
  0x08, 0xd5, 0x8b, 0xe5, 0x6a, 0xdd, 0xa7, 0xc4, 0x87, 0xc4, 0xa7, 0xcc, 0xc8, 0xcc, 0xe8, 0xcc,
  0x66, 0xc4, 0xe8, 0xd4, 0xe8, 0xd4, 0x87, 0xc4, 0x4a, 0xdd, 0x4a, 0xdd, 0xa7, 0xcc, 0xa7, 0xcc,
  0xc6, 0xcc, 0xc9, 0xcc, 0x83, 0x61, 0x82, 0x38, 0xa6, 0x41, 0xe7, 0x49, 0xc7, 0x41, 0xc7, 0x41,
  0xe7, 0x39, 0xe7, 0x41, 0x45, 0x39, 0x46, 0x41, 0xc7, 0x41, 0xe7, 0x41, 0xe7, 0x41, 0xe7, 0x41,
  0xe7, 0x41, 0xe7, 0x41, 0xe7, 0x39, 0xe7, 0x39, 0xe7, 0x41, 0xc7, 0x41, 0x25, 0x39, 0x66, 0x39,
  0xc7, 0x41, 0xe7, 0x39, 0xe7, 0x39, 0xa6, 0x41, 0xc4, 0x30, 0x25, 0x41, 0xc7, 0x49, 0xe7, 0x41,
  0xe7, 0x41, 0xe7, 0x41, 0xe7, 0x41, 0xe7, 0x41, 0xe7, 0x41, 0xc7, 0x41, 0xc7, 0x41, 0xc7, 0x41,
  0x66, 0x41, 0x45, 0x39, 0x66, 0x39, 0xc7, 0x39, 0xc7, 0x41, 0xe7, 0x41, 0xe7, 0x41, 0xe7, 0x41,
  0xe8, 0x41, 0xe8, 0x41, 0xe7, 0x41, 0xc7, 0x49, 0x66, 0x49, 0xa3, 0x38, 0xc3, 0x38, 0xc7, 0x51,
  0x08, 0x5a, 0x45, 0x41, 0x86, 0x41, 0x86, 0x41, 0xc7, 0x41, 0xc7, 0x41, 0xc7, 0x41, 0xa6, 0x39,
  0x44, 0x31, 0x43, 0x31, 0x22, 0x31, 0xa4, 0x51, 0x49, 0x8b, 0x61, 0x51, 0x02, 0x72, 0x8f, 0xe5,
  0xce, 0xe5, 0xcd, 0xe5, 0xcd, 0xe5, 0xcc, 0xe5, 0xcb, 0xed, 0x8a, 0xed, 0xcb, 0xed, 0xaa, 0xe5,
  0xeb, 0xed, 0xca, 0xe5, 0x2b, 0xee, 0xea, 0xdd, 0x0b, 0xe6, 0x0a, 0xe6, 0xea, 0xdd, 0xea, 0xdd,
  0x6c, 0xee, 0x6b, 0xee, 0x4a, 0xe6, 0x2a, 0xe6, 0xcc, 0xf6, 0xcb, 0xf6, 0xca, 0xee, 0xaa, 0xee,
  0xeb, 0xf6, 0x89, 0xee, 0xaa, 0xee, 0x0c, 0xff, 0xcc, 0xf6, 0x0d, 0xff, 0x8b, 0xee, 0xcc, 0xf6,
  0xec, 0xf6, 0x6b, 0xee, 0x2a, 0xe6, 0x2e, 0xff, 0x6c, 0xee, 0xaa, 0xd5, 0xca, 0xdd, 0xeb, 0xe5,
  0x0b, 0xf6, 0x89, 0xe5, 0x67, 0xd5, 0x89, 0xdd, 0x69, 0xd5, 0x2e, 0xee, 0x70, 0xee, 0x2b, 0xa4,
  0x68, 0x62, 0xa7, 0x41, 0x66, 0x31, 0xa7, 0x39, 0x86, 0x31, 0x86, 0x31, 0x86, 0x29, 0x86, 0x29,
  0x86, 0x31, 0x86, 0x31, 0x86, 0x39, 0x86, 0x39, 0x86, 0x39, 0xa6, 0x31, 0xa6, 0x31, 0x85, 0x31,
  0x24, 0x39, 0x04, 0x41, 0x04, 0x41, 0x82, 0x20, 0x00, 0x00, 0x00, 0x00, 0x00, 0x00, 0x00, 0x00,
  0x00, 0x00, 0x00, 0x00, 0x00, 0x00, 0x00, 0x00, 0x00, 0x00, 0x00, 0x00, 0x00, 0x00, 0x00, 0x00,
  0x00, 0x00, 0x00, 0x00, 0x00, 0x00, 0x00, 0x00, 0x00, 0x00, 0x00, 0x00, 0x00, 0x00, 0x00, 0x00,
  0x00, 0x00, 0x00, 0x00, 0x00, 0x00, 0x00, 0x00, 0x00, 0x00, 0x00, 0x00, 0x00, 0x00, 0x00, 0x00,
  0x00, 0x00, 0x00, 0x00, 0x00, 0x00, 0x00, 0x00, 0x00, 0x00, 0x00, 0x00, 0x00, 0x00, 0x00, 0x00,
  0x00, 0x00, 0x00, 0x00, 0x00, 0x00, 0x00, 0x00, 0x00, 0x00, 0x20, 0x10, 0x82, 0x48, 0x82, 0x48,
  0x62, 0x38, 0x00, 0x00, 0x00, 0x00, 0x00, 0x00, 0x00, 0x00, 0x00, 0x00, 0x00, 0x00, 0x00, 0x00,
  0x00, 0x00, 0x00, 0x00, 0x00, 0x00, 0x00, 0x00, 0x00, 0x00, 0x00, 0x00, 0x00, 0x00, 0x00, 0x00,
  0x00, 0x00, 0x00, 0x00, 0x41, 0x20, 0xa2, 0x38, 0x86, 0x41, 0xc8, 0x41, 0xe8, 0x49, 0xc8, 0x49,
  0xc7, 0x41, 0xc7, 0x41, 0xe7, 0x39, 0xe7, 0x39, 0xe7, 0x41, 0xc7, 0x49, 0xe7, 0x41, 0xe7, 0x41,
  0xc7, 0x41, 0xa6, 0x39, 0xa6, 0x39, 0xa6, 0x39, 0x45, 0x31, 0x45, 0x31, 0x04, 0x31, 0xe3, 0x28,
  0xa7, 0x49, 0xe7, 0x49, 0xa6, 0x41, 0x23, 0x39, 0x08, 0x8b, 0x2e, 0xd5, 0x4b, 0xcd, 0x6a, 0xd5,
  0xcb, 0xe5, 0xeb, 0xe5, 0xe7, 0xd4, 0xe7, 0xd4, 0x86, 0xc4, 0xe8, 0xcc, 0x29, 0xd5, 0xe8, 0xcc,
  0xe8, 0xcc, 0x09, 0xd5, 0x49, 0xdd, 0x6a, 0xdd, 0xc7, 0xcc, 0x4a, 0xdd, 0x49, 0xdd, 0xa7, 0xcc,
  0xc7, 0xcc, 0x08, 0xd5, 0xa6, 0xcc, 0xc7, 0xcc, 0xc7, 0xcc, 0x89, 0xc4, 0x02, 0x51, 0xe5, 0x40,
  0xc7, 0x49, 0xe7, 0x41, 0xc7, 0x49, 0xc7, 0x41, 0xe7, 0x41, 0xe7, 0x41, 0x45, 0x39, 0x46, 0x41,
  0xc7, 0x41, 0xe7, 0x41, 0xe7, 0x41, 0xe7, 0x41, 0xe7, 0x41, 0xe7, 0x41, 0xe7, 0x39, 0xe7, 0x39,
  0x07, 0x42, 0xa7, 0x41, 0x05, 0x39, 0x66, 0x39, 0xe7, 0x39, 0xe7, 0x39, 0xc7, 0x41, 0x86, 0x41,
  0xc4, 0x30, 0x46, 0x41, 0xc7, 0x41, 0xe7, 0x41, 0xe7, 0x41, 0xe7, 0x41, 0xe7, 0x41, 0xe7, 0x41,
  0xe7, 0x41, 0xc7, 0x41, 0xc7, 0x41, 0xc7, 0x41, 0x86, 0x41, 0x65, 0x39, 0x65, 0x39, 0xa6, 0x39,
  0xc7, 0x39, 0xc7, 0x41, 0xe7, 0x41, 0xc7, 0x41, 0xe8, 0x41, 0xe8, 0x41, 0x07, 0x42, 0x08, 0x4a,
  0xc7, 0x51, 0x45, 0x49, 0xa3, 0x30, 0x45, 0x41, 0x66, 0x49, 0xc7, 0x51, 0x65, 0x41, 0x66, 0x39,
  0xc7, 0x41, 0xc7, 0x41, 0xc7, 0x41, 0xa6, 0x39, 0x44, 0x31, 0x24, 0x31, 0x80, 0x28, 0xc0, 0x38,
  0x23, 0x62, 0xa0, 0x59, 0x8a, 0xbc, 0xce, 0xe5, 0xcc, 0xdd, 0xec, 0xdd, 0xec, 0xe5, 0xec, 0xe5,
  0x0b, 0xee, 0xa9, 0xe5, 0x0c, 0xf6, 0xcb, 0xe5, 0x8d, 0xfe, 0x0b, 0xe6, 0x2b, 0xe6, 0xa9, 0xd5,
  0xca, 0xdd, 0x0b, 0xde, 0x6c, 0xee, 0xad, 0xf6, 0xac, 0xf6, 0x8c, 0xee, 0x6b, 0xee, 0x6b, 0xe6,
  0xcc, 0xf6, 0xec, 0xf6, 0x0c, 0xf7, 0x0c, 0xff, 0x0c, 0xf7, 0x69, 0xe6, 0x69, 0xe6, 0x0c, 0xf7,
  0xab, 0xee, 0xec, 0xf6, 0xab, 0xee, 0xec, 0xf6, 0x8b, 0xee, 0x8b, 0xee, 0x6b, 0xe6, 0xed, 0xf6,
  0x2b, 0xde, 0x0b, 0xde, 0xee, 0xf6, 0x8d, 0xf6, 0x4b, 0xf6, 0x6c, 0xf6, 0x4d, 0xf6, 0x2d, 0xee,
  0x4f, 0xee, 0x4c, 0xc5, 0x08, 0xa4, 0xe6, 0x7a, 0xe6, 0x49, 0x66, 0x39, 0x86, 0x39, 0x66, 0x31,
  0x66, 0x31, 0x66, 0x31, 0x86, 0x31, 0x86, 0x31, 0x85, 0x31, 0x65, 0x31, 0x66, 0x39, 0x66, 0x39,
  0x86, 0x31, 0xa6, 0x31, 0xc6, 0x29, 0xc6, 0x31, 0x44, 0x31, 0x24, 0x39, 0x24, 0x41, 0x04, 0x41,
  0x62, 0x20, 0x00, 0x00, 0x00, 0x00, 0x00, 0x00, 0x00, 0x00, 0x00, 0x00, 0x00, 0x00, 0x00, 0x00,
  0x00, 0x00, 0x00, 0x00, 0x00, 0x00, 0x00, 0x00, 0x00, 0x00, 0x00, 0x00, 0x00, 0x00, 0x00, 0x00,
  0x00, 0x00, 0x00, 0x00, 0x00, 0x00, 0x00, 0x00, 0x00, 0x00, 0x00, 0x00, 0x00, 0x00, 0x00, 0x00,
  0x00, 0x00, 0x00, 0x00, 0x00, 0x00, 0x00, 0x00, 0x00, 0x00, 0x00, 0x00, 0x00, 0x00, 0x00, 0x00,
  0x00, 0x00, 0x00, 0x00, 0x00, 0x00, 0x00, 0x00, 0x00, 0x00, 0x00, 0x00, 0x00, 0x00, 0x00, 0x00,
  0x00, 0x00, 0x61, 0x30, 0x82, 0x48, 0x82, 0x48, 0x00, 0x00, 0x00, 0x00, 0x00, 0x00, 0x00, 0x00,
  0x00, 0x00, 0x00, 0x00, 0x00, 0x00, 0x00, 0x00, 0x00, 0x00, 0x00, 0x00, 0x00, 0x00, 0x00, 0x00,
  0x00, 0x00, 0x00, 0x00, 0x00, 0x00, 0x00, 0x00, 0x00, 0x00, 0x00, 0x00, 0x81, 0x20, 0x24, 0x39,
  0x24, 0x39, 0xc7, 0x49, 0x66, 0x41, 0xa6, 0x41, 0xc7, 0x41, 0xc7, 0x41, 0xe7, 0x39, 0xe7, 0x41,
  0xe7, 0x49, 0xc7, 0x49, 0xc7, 0x41, 0xa6, 0x39, 0x65, 0x31, 0x65, 0x31, 0x45, 0x29, 0x25, 0x29,
  0x66, 0x39, 0x66, 0x39, 0x23, 0x29, 0xa5, 0x39, 0xc7, 0x49, 0x65, 0x41, 0xc0, 0x38, 0x07, 0x8b,
  0x28, 0xb4, 0xed, 0xed, 0x8b, 0xdd, 0xeb, 0xed, 0x48, 0xd5, 0x0b, 0xee, 0x0a, 0xee, 0x47, 0xd5,
  0x28, 0xd5, 0xe8, 0xcc, 0x6a, 0xdd, 0x29, 0xd5, 0xc8, 0xcc, 0xab, 0xe5, 0x6b, 0xe5, 0x4a, 0xdd,
  0x09, 0xd5, 0x4a, 0xdd, 0x4a, 0xdd, 0xc8, 0xcc, 0x6a, 0xe5, 0x69, 0xe5, 0x08, 0xd5, 0xab, 0xe5,
  0xed, 0xed, 0xc8, 0xa3, 0xc1, 0x38, 0xa7, 0x49, 0xc7, 0x41, 0xc7, 0x41, 0xc7, 0x41, 0xc7, 0x41,
  0xc7, 0x41, 0xa6, 0x41, 0x45, 0x39, 0xa7, 0x49, 0xc7, 0x41, 0xe7, 0x41, 0xe7, 0x41, 0xe7, 0x41,
  0xe7, 0x41, 0xe7, 0x41, 0xe7, 0x39, 0xe7, 0x39, 0x07, 0x42, 0xa7, 0x41, 0x05, 0x39, 0x66, 0x41,
  0x07, 0x42, 0xc6, 0x39, 0x66, 0x41, 0x25, 0x39, 0x45, 0x39, 0xa7, 0x41, 0xe7, 0x41, 0xe7, 0x41,
  0xe7, 0x41, 0xe7, 0x41, 0xe7, 0x41, 0xe7, 0x41, 0xe7, 0x39, 0xe7, 0x39, 0xe7, 0x39, 0xc7, 0x41,
  0xa7, 0x41, 0x05, 0x31, 0x25, 0x31, 0x45, 0x31, 0x86, 0x39, 0xc7, 0x39, 0xc7, 0x41, 0xe7, 0x41,
  0xe7, 0x41, 0xe7, 0x41, 0xe7, 0x41, 0xe7, 0x41, 0x07, 0x4a, 0xe7, 0x49, 0x86, 0x39, 0x04, 0x31,
  0x05, 0x41, 0x66, 0x49, 0xc7, 0x51, 0xe7, 0x49, 0xa6, 0x39, 0xa6, 0x39, 0xa6, 0x39, 0x86, 0x39,
  0x05, 0x39, 0xc4, 0x38, 0x83, 0x38, 0x80, 0x38, 0x63, 0x6a, 0xa5, 0x8b, 0x0d, 0xe6, 0x2d, 0xe6,
  0xcb, 0xdd, 0x6d, 0xee, 0x4c, 0xee, 0x6d, 0xee, 0x6d, 0xee, 0x4c, 0xee, 0xce, 0xf6, 0x8d, 0xf6,
  0x6c, 0xee, 0x2b, 0xe6, 0x0a, 0xde, 0x2b, 0xe6, 0x6b, 0xee, 0x4b, 0xe6, 0x2b, 0xe6, 0x2a, 0xde,
  0x29, 0xde, 0x2a, 0xde, 0x0b, 0xde, 0xeb, 0xd5, 0x0c, 0xde, 0x4c, 0xe6, 0x8c, 0xee, 0xcc, 0xee,
  0xab, 0xe6, 0x4d, 0xf7, 0x89, 0xde, 0x0b, 0xef, 0x0b, 0xef, 0x0b, 0xf7, 0xeb, 0xee, 0xec, 0xee,
  0xcc, 0xee, 0xac, 0xee, 0xac, 0xee, 0xed, 0xee, 0x8c, 0xe6, 0x6b, 0xde, 0xab, 0xe6, 0x6e, 0xff,
  0x2d, 0xff, 0x0e, 0xff, 0xf1, 0xee, 0xcf, 0xcd, 0x28, 0x73, 0x01, 0x31, 0xe6, 0x49, 0x85, 0x41,
  0x86, 0x41, 0x86, 0x39, 0x86, 0x39, 0x86, 0x39, 0x65, 0x31, 0x65, 0x31, 0x65, 0x31, 0x65, 0x31,
  0x45, 0x31, 0x45, 0x31, 0x65, 0x39, 0x65, 0x31, 0x65, 0x31, 0x65, 0x31, 0x85, 0x31, 0x85, 0x31,
  0x65, 0x31, 0x45, 0x39, 0x45, 0x39, 0x45, 0x39, 0xa2, 0x28, 0x00, 0x00, 0x00, 0x00, 0x00, 0x00,
  0x00, 0x00, 0x00, 0x00, 0x00, 0x00, 0x00, 0x00, 0x00, 0x00, 0x00, 0x00, 0x00, 0x00, 0x00, 0x00,
  0x00, 0x00, 0x00, 0x00, 0x00, 0x00, 0x00, 0x00, 0x00, 0x00, 0x00, 0x00, 0x00, 0x00, 0x00, 0x00,
  0x00, 0x00, 0x00, 0x00, 0x00, 0x00, 0x00, 0x00, 0x00, 0x00, 0x00, 0x00, 0x00, 0x00, 0x00, 0x00,
  0x00, 0x00, 0x00, 0x00, 0x00, 0x00, 0x00, 0x00, 0x00, 0x00, 0x00, 0x00, 0x00, 0x00, 0x00, 0x00,
  0x00, 0x00, 0x00, 0x00, 0x00, 0x00, 0x00, 0x00, 0x00, 0x00, 0x82, 0x40, 0x82, 0x48, 0x41, 0x20,
  0x00, 0x00, 0x00, 0x00, 0x00, 0x00, 0x00, 0x00, 0x00, 0x00, 0x00, 0x00, 0x00, 0x00, 0x00, 0x00,
  0x00, 0x00, 0x00, 0x00, 0x00, 0x00, 0x00, 0x00, 0x00, 0x00, 0x00, 0x00, 0x00, 0x00, 0x00, 0x00,
  0x00, 0x00, 0x00, 0x00, 0x81, 0x20, 0x23, 0x39, 0x24, 0x39, 0xa6, 0x41, 0x86, 0x41, 0xa6, 0x41,
  0xc7, 0x41, 0xc7, 0x41, 0xe7, 0x39, 0xc7, 0x41, 0xc7, 0x41, 0xa7, 0x41, 0xa6, 0x39, 0x86, 0x39,
  0x85, 0x31, 0x65, 0x31, 0x45, 0x31, 0x25, 0x29, 0x25, 0x31, 0x05, 0x31, 0xc6, 0x39, 0xe6, 0x41,
  0xe7, 0x49, 0x02, 0x39, 0xe0, 0x40, 0xaf, 0xe5, 0xec, 0xed, 0xaa, 0xe5, 0xcb, 0xed, 0xa9, 0xe5,
  0xa5, 0xc4, 0xea, 0xed, 0x6c, 0xfe, 0xa9, 0xe5, 0x86, 0xc4, 0xa7, 0xc4, 0x29, 0xd5, 0x49, 0xd5,
  0x08, 0xcd, 0xcc, 0xed, 0xab, 0xe5, 0x6b, 0xe5, 0xe9, 0xd4, 0x2a, 0xdd, 0x6a, 0xe5, 0x6a, 0xdd,
  0xcb, 0xed, 0xcb, 0xf5, 0x89, 0xe5, 0xec, 0xed, 0x8d, 0xdd, 0x64, 0x72, 0x22, 0x41, 0x65, 0x39,
  0xc7, 0x41, 0xc7, 0x41, 0xc7, 0x41, 0xc7, 0x41, 0xc7, 0x41, 0x86, 0x41, 0x45, 0x39, 0xa7, 0x49,
  0xc7, 0x41, 0xc7, 0x39, 0xc7, 0x39, 0xc7, 0x39, 0xc7, 0x41, 0xe7, 0x41, 0xe7, 0x39, 0xe7, 0x39,
  0xe7, 0x41, 0xc7, 0x41, 0x25, 0x39, 0x45, 0x39, 0x08, 0x4a, 0xa6, 0x39, 0x05, 0x39, 0xe4, 0x30,
  0xa7, 0x41, 0xe7, 0x41, 0xe7, 0x39, 0xe7, 0x39, 0xe7, 0x41, 0xe7, 0x41, 0xe7, 0x41, 0xe7, 0x41,
  0xe7, 0x39, 0xe7, 0x39, 0xe7, 0x39, 0xe7, 0x41, 0xa7, 0x41, 0x25, 0x31, 0x05, 0x31, 0x25, 0x31,
  0x45, 0x31, 0xa6, 0x31, 0xc7, 0x39, 0xe7, 0x39, 0xe7, 0x39, 0xe7, 0x39, 0xe7, 0x41, 0xe7, 0x41,
  0xe7, 0x41, 0xe7, 0x41, 0xc6, 0x39, 0xa6, 0x41, 0x04, 0x39, 0x25, 0x41, 0x86, 0x49, 0xc7, 0x49,
  0x08, 0x4a, 0xa6, 0x41, 0x24, 0x31, 0xc3, 0x28, 0x83, 0x30, 0x06, 0x49, 0xe6, 0x50, 0x82, 0x40,
  0xe5, 0x7a, 0xd1, 0xf6, 0x6e, 0xee, 0x2c, 0xe6, 0xea, 0xdd, 0x8c, 0xee, 0x2b, 0xe6, 0x4c, 0xe6,
  0xcd, 0xf6, 0x6c, 0xee, 0x8c, 0xee, 0x2b, 0xe6, 0x6c, 0xee, 0x4b, 0xe6, 0x4b, 0xe6, 0x8c, 0xee,
  0xac, 0xee, 0x8c, 0xee, 0x6b, 0xee, 0x6b, 0xe6, 0xed, 0xf6, 0xcd, 0xf6, 0xad, 0xee, 0x8d, 0xee,
  0x8e, 0xee, 0x8d, 0xee, 0x8c, 0xee, 0x8b, 0xe6, 0xab, 0xee, 0x2c, 0xf7, 0xaa, 0xe6, 0x0b, 0xef,
  0x6d, 0xff, 0x4c, 0xf7, 0x0c, 0xef, 0xcb, 0xee, 0xab, 0xe6, 0x09, 0xd6, 0x4b, 0xde, 0x70, 0xff,
  0x8d, 0xde, 0xce, 0xe6, 0x91, 0xff, 0x91, 0xff, 0x0f, 0xf7, 0x29, 0xbd, 0xe4, 0x6a, 0xe3, 0x49,
  0x44, 0x31, 0xe4, 0x28, 0xa7, 0x41, 0xa7, 0x49, 0x86, 0x41, 0x86, 0x41, 0x86, 0x41, 0x86, 0x41,
  0x45, 0x39, 0x45, 0x39, 0x25, 0x39, 0x25, 0x39, 0x24, 0x39, 0x24, 0x39, 0x44, 0x39, 0x44, 0x31,
  0x45, 0x31, 0x65, 0x31, 0x65, 0x31, 0x65, 0x31, 0x65, 0x31, 0x65, 0x31, 0x65, 0x31, 0x65, 0x39,
  0x04, 0x31, 0x82, 0x18, 0x00, 0x00, 0x00, 0x00, 0x00, 0x00, 0x00, 0x00, 0x00, 0x00, 0x00, 0x00,
  0x00, 0x00, 0x00, 0x00, 0x00, 0x00, 0x00, 0x00, 0x00, 0x00, 0x00, 0x00, 0x00, 0x00, 0x00, 0x00,
  0x00, 0x00, 0x00, 0x00, 0x00, 0x00, 0x00, 0x00, 0x00, 0x00, 0x00, 0x00, 0x00, 0x00, 0x00, 0x00,
  0x00, 0x00, 0x00, 0x00, 0x00, 0x00, 0x00, 0x00, 0x00, 0x00, 0x00, 0x00, 0x00, 0x00, 0x00, 0x00,
  0x00, 0x00, 0x00, 0x00, 0x00, 0x00, 0x00, 0x00, 0x00, 0x00, 0x00, 0x00, 0x00, 0x00, 0x00, 0x00,
  0x61, 0x28, 0xa2, 0x48, 0xa2, 0x48, 0x21, 0x18, 0x00, 0x00, 0x00, 0x00, 0x00, 0x00, 0x00, 0x00,
  0x00, 0x00, 0x00, 0x00, 0x00, 0x00, 0x00, 0x00, 0x00, 0x00, 0x00, 0x00, 0x00, 0x00, 0x00, 0x00,
  0x00, 0x00, 0x00, 0x00, 0x00, 0x00, 0x00, 0x00, 0x00, 0x00, 0x00, 0x00, 0x00, 0x00, 0x23, 0x39,
  0x44, 0x39, 0x65, 0x41, 0xc7, 0x41, 0x86, 0x39, 0xc6, 0x41, 0xc6, 0x39, 0xc6, 0x39, 0xc6, 0x39,
  0xa6, 0x39, 0x86, 0x31, 0x85, 0x29, 0x85, 0x29, 0x85, 0x29, 0x65, 0x31, 0x45, 0x31, 0x04, 0x31,
  0x04, 0x31, 0x45, 0x31, 0x07, 0x42, 0x06, 0x42, 0xc6, 0x49, 0x00, 0x31, 0xab, 0xb4, 0x2e, 0xee,
  0xeb, 0xe5, 0x88, 0xdd, 0x4b, 0xf6, 0x0b, 0xee, 0xca, 0xe5, 0xca, 0xe5, 0xa9, 0xdd, 0x89, 0xdd,
  0x8a, 0xdd, 0xaa, 0xe5, 0x69, 0xdd, 0x8a, 0xdd, 0x69, 0xd5, 0x2c, 0xf6, 0x0b, 0xee, 0xcb, 0xed,
  0xca, 0xe5, 0x69, 0xdd, 0x49, 0xdd, 0x48, 0xdd, 0xca, 0xed, 0x2b, 0xf6, 0xca, 0xed, 0xec, 0xed,
  0x6d, 0xd5, 0x03, 0x62, 0xe2, 0x38, 0xa6, 0x41, 0xc7, 0x41, 0xc7, 0x41, 0xc7, 0x41, 0xc7, 0x41,
  0xe7, 0x41, 0x86, 0x41, 0x25, 0x39, 0xa7, 0x49, 0xa6, 0x39, 0xc6, 0x39, 0xc6, 0x39, 0xc6, 0x39,
  0xc7, 0x39, 0xc7, 0x39, 0xe7, 0x39, 0xe7, 0x39, 0xe7, 0x39, 0xe7, 0x41, 0x45, 0x39, 0x25, 0x41,
  0xc7, 0x49, 0x66, 0x41, 0xe4, 0x30, 0x45, 0x39, 0xe7, 0x41, 0x07, 0x3a, 0x07, 0x3a, 0x07, 0x3a,
  0xe7, 0x39, 0xe7, 0x41, 0xe7, 0x41, 0xe7, 0x41, 0xe7, 0x39, 0xe7, 0x39, 0xe7, 0x39, 0xe7, 0x39,
  0xc7, 0x39, 0x66, 0x39, 0xe5, 0x38, 0x05, 0x39, 0x25, 0x31, 0x65, 0x29, 0xa6, 0x31, 0xc7, 0x39,
  0xe7, 0x39, 0xe7, 0x41, 0xe7, 0x41, 0xe7, 0x41, 0xe7, 0x41, 0xe7, 0x41, 0xc7, 0x41, 0xc7, 0x41,
  0x65, 0x41, 0xe4, 0x38, 0xe4, 0x40, 0x25, 0x41, 0xc3, 0x30, 0xc3, 0x30, 0x04, 0x31, 0x45, 0x39,
  0x87, 0x41, 0xc8, 0x51, 0x46, 0x49, 0xa2, 0x38, 0xc0, 0x38, 0x4d, 0xcd, 0xaf, 0xfe, 0x8a, 0xdd,
  0xea, 0xdd, 0x6c, 0xee, 0x0a, 0xde, 0x0a, 0xde, 0x2b, 0xe6, 0x0b, 0xde, 0x8d, 0xee, 0x8c, 0xee,
  0x6c, 0xee, 0x8d, 0xee, 0x8c, 0xee, 0x8c, 0xee, 0xad, 0xee, 0xad, 0xee, 0x8c, 0xee, 0x8b, 0xee,
  0xac, 0xee, 0xac, 0xee, 0x6c, 0xee, 0x4b, 0xe6, 0x4b, 0xe6, 0x8c, 0xee, 0xec, 0xf6, 0x2c, 0xff,
  0xca, 0xee, 0xea, 0xf6, 0xcb, 0xee, 0xec, 0xee, 0x0c, 0xf7, 0x0c, 0xf7, 0x0b, 0xef, 0xeb, 0xee,
  0x2d, 0xff, 0x6e, 0xff, 0x4f, 0xff, 0x2f, 0xf7, 0x52, 0xf7, 0x91, 0xde, 0xec, 0xa4, 0xa5, 0x62,
  0xe2, 0x59, 0x81, 0x49, 0x23, 0x39, 0x45, 0x39, 0x66, 0x41, 0x86, 0x41, 0xa6, 0x49, 0x65, 0x49,
  0x45, 0x41, 0x25, 0x41, 0x25, 0x41, 0x25, 0x41, 0x04, 0x41, 0xc3, 0x30, 0xc3, 0x30, 0x04, 0x41,
  0x04, 0x41, 0x24, 0x39, 0x24, 0x39, 0x24, 0x39, 0x45, 0x39, 0x45, 0x31, 0x65, 0x31, 0x65, 0x31,
  0x65, 0x31, 0x65, 0x31, 0x65, 0x31, 0x65, 0x31, 0x45, 0x39, 0x05, 0x39, 0x21, 0x08, 0x00, 0x00,
  0x00, 0x00, 0x00, 0x00, 0x00, 0x00, 0x00, 0x00, 0x00, 0x00, 0x00, 0x00, 0x00, 0x00, 0x00, 0x00,
  0x00, 0x00, 0x00, 0x00, 0x00, 0x00, 0x00, 0x00, 0x00, 0x00, 0x00, 0x00, 0x00, 0x00, 0x00, 0x00,
  0x00, 0x00, 0x00, 0x00, 0x00, 0x00, 0x00, 0x00, 0x00, 0x00, 0x00, 0x00, 0x00, 0x00, 0x00, 0x00,
  0x00, 0x00, 0x00, 0x00, 0x00, 0x00, 0x00, 0x00, 0x00, 0x00, 0x00, 0x00, 0x00, 0x00, 0x00, 0x00,
  0x00, 0x00, 0x00, 0x00, 0x00, 0x00, 0x00, 0x00, 0xa2, 0x48, 0xa2, 0x48, 0xa2, 0x48, 0x20, 0x10,
  0x00, 0x00, 0x00, 0x00, 0x00, 0x00, 0x00, 0x00, 0x00, 0x00, 0x00, 0x00, 0x00, 0x00, 0x00, 0x00,
  0x00, 0x00, 0x00, 0x00, 0x00, 0x00, 0x00, 0x00, 0x00, 0x00, 0x00, 0x00, 0x00, 0x00, 0x00, 0x00,
  0x00, 0x00, 0x00, 0x00, 0x00, 0x00, 0x81, 0x20, 0x45, 0x41, 0x45, 0x39, 0xe7, 0x49, 0x85, 0x39,
  0xc6, 0x41, 0xc6, 0x41, 0xc6, 0x39, 0xc6, 0x39, 0x85, 0x31, 0x65, 0x29, 0x65, 0x29, 0x44, 0x21,
  0x85, 0x29, 0x65, 0x31, 0x25, 0x31, 0x04, 0x31, 0x04, 0x31, 0xc7, 0x41, 0xc6, 0x41, 0xe6, 0x49,
  0x43, 0x39, 0x85, 0x62, 0x0a, 0xbd, 0x4c, 0xee, 0xe9, 0xe5, 0x09, 0xe6, 0x0a, 0xe6, 0x0a, 0xe6,
  0xea, 0xe5, 0x0b, 0xe6, 0xca, 0xdd, 0x48, 0xcd, 0x89, 0xd5, 0x0a, 0xe6, 0xc9, 0xdd, 0x2b, 0xee,
  0x89, 0xdd, 0x6c, 0xf6, 0x4b, 0xf6, 0x0b, 0xee, 0xa9, 0xe5, 0x68, 0xd5, 0x68, 0xdd, 0xca, 0xed,
  0x89, 0xe5, 0x2b, 0xf6, 0xca, 0xe5, 0xab, 0xe5, 0x25, 0x8b, 0xa0, 0x30, 0x44, 0x41, 0xe8, 0x49,
  0xe7, 0x41, 0xe7, 0x39, 0xc7, 0x41, 0xc7, 0x41, 0xe7, 0x41, 0x86, 0x41, 0x25, 0x39, 0xa7, 0x49,
  0xa6, 0x39, 0xa6, 0x39, 0xa6, 0x39, 0xa6, 0x39, 0xa6, 0x39, 0xc6, 0x39, 0xc7, 0x39, 0xc7, 0x39,
  0xa6, 0x39, 0xe7, 0x41, 0x45, 0x39, 0x05, 0x39, 0x46, 0x41, 0x05, 0x39, 0x04, 0x31, 0x08, 0x4a,
  0x07, 0x3a, 0x07, 0x3a, 0x07, 0x3a, 0x07, 0x3a, 0xe7, 0x39, 0xe7, 0x41, 0xe7, 0x41, 0xe7, 0x41,
  0xe7, 0x39, 0xe7, 0x39, 0xe7, 0x39, 0xe7, 0x39, 0xc7, 0x39, 0x86, 0x39, 0xe4, 0x38, 0x05, 0x39,
  0x25, 0x31, 0x45, 0x29, 0x65, 0x29, 0xa6, 0x31, 0xe7, 0x39, 0xe7, 0x41, 0xe7, 0x41, 0xe7, 0x41,
  0xe7, 0x41, 0xe7, 0x41, 0xe7, 0x41, 0xe7, 0x41, 0xa7, 0x41, 0x45, 0x41, 0xa4, 0x38, 0xa3, 0x38,
  0x04, 0x41, 0x45, 0x41, 0xc7, 0x49, 0x28, 0x52, 0xe8, 0x41, 0xe8, 0x49, 0xa7, 0x49, 0xa6, 0x51,
  0xe0, 0x38, 0x88, 0x9b, 0x90, 0xfe, 0x2d, 0xf6, 0xeb, 0xe5, 0x6c, 0xee, 0xea, 0xdd, 0xa9, 0xd5,
  0x6c, 0xee, 0x2b, 0xe6, 0x6b, 0xee, 0x0a, 0xde, 0x6c, 0xee, 0xcd, 0xf6, 0xcd, 0xf6, 0x6c, 0xee,
  0xad, 0xf6, 0xac, 0xee, 0x8b, 0xee, 0x6b, 0xe6, 0xcc, 0xf6, 0xac, 0xee, 0x8b, 0xee, 0x8b, 0xee,
  0xcc, 0xee, 0xcc, 0xee, 0xec, 0xf6, 0xeb, 0xf6, 0xeb, 0xf6, 0xca, 0xee, 0xcb, 0xf6, 0xcc, 0xee,
  0x2a, 0xde, 0x6b, 0xde, 0xcc, 0xe6, 0x0d, 0xef, 0x4f, 0xf7, 0x30, 0xf7, 0x6e, 0xde, 0x6b, 0xb5,
  0x49, 0x94, 0x27, 0x6b, 0xa4, 0x39, 0xa5, 0x41, 0xe6, 0x59, 0x44, 0x51, 0x45, 0x49, 0x66, 0x49,
  0x86, 0x49, 0x45, 0x41, 0xa5, 0x51, 0xa1, 0x38, 0xa2, 0x38, 0x61, 0x20, 0x41, 0x18, 0x20, 0x10,
  0x00, 0x00, 0x00, 0x00, 0x00, 0x00, 0x00, 0x00, 0xc3, 0x30, 0x04, 0x41, 0x04, 0x41, 0x24, 0x41,
  0x25, 0x39, 0x45, 0x39, 0x65, 0x39, 0x65, 0x31, 0x65, 0x31, 0x85, 0x31, 0x85, 0x31, 0x65, 0x31,
  0x86, 0x39, 0x05, 0x39, 0x62, 0x20, 0x00, 0x00, 0x00, 0x00, 0x00, 0x00, 0x00, 0x00, 0x00, 0x00,
  0x00, 0x00, 0x00, 0x00, 0x00, 0x00, 0x00, 0x00, 0x00, 0x00, 0x00, 0x00, 0x00, 0x00, 0x00, 0x00,
  0x00, 0x00, 0x00, 0x00, 0x00, 0x00, 0x00, 0x00, 0x00, 0x00, 0x00, 0x00, 0x00, 0x00, 0x00, 0x00,
  0x00, 0x00, 0x00, 0x00, 0x00, 0x00, 0x00, 0x00, 0x00, 0x00, 0x00, 0x00, 0x00, 0x00, 0x00, 0x00,
  0x00, 0x00, 0x00, 0x00, 0x00, 0x00, 0x00, 0x00, 0x00, 0x00, 0x00, 0x00, 0x00, 0x00, 0x00, 0x00,
  0xa2, 0x48, 0xa2, 0x48, 0xa2, 0x48, 0x00, 0x00, 0x00, 0x00, 0x00, 0x00, 0x00, 0x00, 0x00, 0x00,
  0x00, 0x00, 0x00, 0x00, 0x00, 0x00, 0x00, 0x00, 0x00, 0x00, 0x00, 0x00, 0x00, 0x00, 0x00, 0x00,
  0x00, 0x00, 0x00, 0x00, 0x00, 0x00, 0x00, 0x00, 0x00, 0x00, 0x00, 0x00, 0x00, 0x00, 0x00, 0x00,
  0x24, 0x41, 0x45, 0x41, 0x66, 0x49, 0x86, 0x49, 0x86, 0x41, 0x86, 0x41, 0x65, 0x39, 0x45, 0x31,
  0x65, 0x31, 0x65, 0x29, 0x65, 0x29, 0x65, 0x29, 0x86, 0x31, 0x66, 0x31, 0x45, 0x39, 0x66, 0x39,
  0x86, 0x39, 0x07, 0x4a, 0xa6, 0x39, 0x85, 0x39, 0xa4, 0x49, 0xc9, 0x8b, 0x8b, 0xcd, 0x4b, 0xe6,
  0x4a, 0xee, 0x29, 0xe6, 0xe9, 0xe5, 0xc9, 0xdd, 0x6c, 0xee, 0x2b, 0xee, 0xca, 0xdd, 0x89, 0xd5,
  0x89, 0xd5, 0xea, 0xe5, 0xcd, 0xfe, 0xad, 0xf6, 0x8c, 0xf6, 0x6b, 0xf6, 0xe9, 0xe5, 0x4b, 0xee,
  0xc9, 0xe5, 0xc9, 0xdd, 0x0a, 0xee, 0xac, 0xfe, 0x0b, 0xee, 0x6c, 0xf6, 0x0b, 0xee, 0x0d, 0xee,
  0x43, 0x72, 0xa0, 0x38, 0xa6, 0x49, 0x07, 0x4a, 0xe7, 0x39, 0xe7, 0x39, 0xe8, 0x39, 0xc8, 0x41,
  0xc7, 0x41, 0x66, 0x39, 0x45, 0x39, 0xa7, 0x49, 0xc7, 0x41, 0xe7, 0x39, 0xc7, 0x41, 0xc7, 0x41,
  0x65, 0x31, 0x65, 0x31, 0x86, 0x31, 0xa6, 0x39, 0xc7, 0x39, 0xe7, 0x41, 0x87, 0x49, 0xe4, 0x38,
  0xe4, 0x40, 0x05, 0x39, 0xa6, 0x41, 0xc7, 0x39, 0xe7, 0x39, 0x07, 0x3a, 0xe7, 0x39, 0xe7, 0x39,
  0xe7, 0x41, 0xe7, 0x41, 0xe7, 0x41, 0xe7, 0x39, 0xe7, 0x39, 0xe7, 0x39, 0xe7, 0x39, 0xe7, 0x39,
  0xc7, 0x39, 0xc7, 0x41, 0x26, 0x41, 0xe5, 0x38, 0x45, 0x31, 0x65, 0x29, 0x65, 0x29, 0x65, 0x29,
  0x86, 0x31, 0xa6, 0x39, 0xc7, 0x39, 0xe7, 0x41, 0xe7, 0x41, 0xe7, 0x41, 0xe7, 0x41, 0x07, 0x42,
  0xe7, 0x41, 0xc7, 0x41, 0x86, 0x41, 0x25, 0x39, 0xc4, 0x30, 0x45, 0x39, 0x86, 0x41, 0xc7, 0x39,
  0x07, 0x42, 0xe7, 0x41, 0xc7, 0x41, 0x86, 0x49, 0xc1, 0x38, 0xe3, 0x69, 0x30, 0xf6, 0xcc, 0xe5,
  0x2c, 0xe6, 0xcd, 0xf6, 0xad, 0xf6, 0x4b, 0xe6, 0x8c, 0xee, 0x2b, 0xde, 0xac, 0xee, 0xcd, 0xf6,
  0x0e, 0xff, 0xed, 0xf6, 0x8c, 0xee, 0x6b, 0xee, 0x8c, 0xee, 0x8c, 0xee, 0x8b, 0xee, 0x6b, 0xe6,
  0xab, 0xee, 0x8b, 0xe6, 0x4a, 0xe6, 0x29, 0xde, 0xab, 0xee, 0xcc, 0xee, 0x6b, 0xe6, 0x6b, 0xe6,
  0x0d, 0xff, 0x0d, 0xff, 0x6a, 0xe6, 0xec, 0xee, 0x2e, 0xf7, 0x4f, 0xf7, 0x2f, 0xef, 0x51, 0xef,
  0x4f, 0xce, 0xcb, 0x9c, 0xe5, 0x5a, 0x04, 0x42, 0xe5, 0x39, 0xe6, 0x39, 0xc6, 0x31, 0xa6, 0x39,
  0x64, 0x51, 0x64, 0x59, 0x85, 0x51, 0xa6, 0x51, 0x44, 0x49, 0xe3, 0x48, 0x61, 0x28, 0x20, 0x10,
  0x00, 0x00, 0x00, 0x00, 0x00, 0x00, 0x00, 0x00, 0x00, 0x00, 0x00, 0x00, 0x00, 0x00, 0x00, 0x00,
  0x00, 0x00, 0x42, 0x20, 0xe4, 0x48, 0x04, 0x41, 0x05, 0x39, 0x25, 0x39, 0x45, 0x39, 0x65, 0x31,
  0x85, 0x31, 0x85, 0x31, 0x85, 0x31, 0x85, 0x31, 0x66, 0x39, 0x45, 0x39, 0x05, 0x41, 0x20, 0x08,
  0x00, 0x00, 0x00, 0x00, 0x00, 0x00, 0x00, 0x00, 0x00, 0x00, 0x00, 0x00, 0x00, 0x00, 0x00, 0x00,
  0x00, 0x00, 0x00, 0x00, 0x00, 0x00, 0x00, 0x00, 0x00, 0x00, 0x00, 0x00, 0x00, 0x00, 0x00, 0x00,
  0x00, 0x00, 0x00, 0x00, 0x00, 0x00, 0x00, 0x00, 0x00, 0x00, 0x00, 0x00, 0x00, 0x00, 0x00, 0x00,
  0x00, 0x00, 0x00, 0x00, 0x00, 0x00, 0x00, 0x00, 0x00, 0x00, 0x00, 0x00, 0x00, 0x00, 0x00, 0x00,
  0x00, 0x00, 0x00, 0x00, 0x00, 0x00, 0x00, 0x00, 0xa2, 0x48, 0xa2, 0x48, 0xa2, 0x48, 0x00, 0x00,
  0x00, 0x00, 0x00, 0x00, 0x00, 0x00, 0x00, 0x00, 0x00, 0x00, 0x00, 0x00, 0x00, 0x00, 0x00, 0x00,
  0x00, 0x00, 0x00, 0x00, 0x00, 0x00, 0x00, 0x00, 0x00, 0x00, 0x00, 0x00, 0x00, 0x00, 0x00, 0x00,
  0x00, 0x00, 0x00, 0x00, 0x00, 0x00, 0x00, 0x00, 0x82, 0x20, 0x05, 0x49, 0x25, 0x49, 0x25, 0x41,
  0x25, 0x41, 0x25, 0x41, 0x25, 0x39, 0x25, 0x31, 0x45, 0x31, 0x45, 0x31, 0x25, 0x31, 0x25, 0x31,
  0x46, 0x39, 0x25, 0x39, 0x66, 0x39, 0xa7, 0x41, 0x08, 0x4a, 0xe8, 0x49, 0x25, 0x31, 0xe2, 0x28,
  0xe8, 0x72, 0xed, 0xb4, 0x8b, 0xcd, 0xea, 0xd5, 0x0a, 0xde, 0x09, 0xe6, 0x09, 0xe6, 0x0a, 0xe6,
  0x2a, 0xe6, 0x0a, 0xe6, 0xe9, 0xdd, 0xa9, 0xdd, 0xa9, 0xdd, 0xea, 0xe5, 0xcd, 0xfe, 0xcd, 0xfe,
  0x6c, 0xee, 0x6b, 0xee, 0x0a, 0xe6, 0x6c, 0xf6, 0x09, 0xe6, 0x0a, 0xe6, 0x4b, 0xee, 0x8c, 0xf6,
  0x2b, 0xee, 0x4c, 0xf6, 0xeb, 0xed, 0x6c, 0xd5, 0xe2, 0x61, 0x60, 0x28, 0xe7, 0x51, 0x07, 0x4a,
  0x06, 0x3a, 0x06, 0x3a, 0xe7, 0x39, 0xe8, 0x39, 0xc7, 0x41, 0x66, 0x39, 0x45, 0x39, 0xa7, 0x49,
  0xc7, 0x41, 0xe7, 0x39, 0xc7, 0x41, 0xc7, 0x41, 0x86, 0x31, 0x85, 0x31, 0x85, 0x31, 0x86, 0x31,
  0xc6, 0x39, 0xc7, 0x41, 0x86, 0x41, 0xc4, 0x38, 0xe4, 0x38, 0x25, 0x41, 0xc7, 0x41, 0xe7, 0x39,
  0xe7, 0x39, 0xe7, 0x39, 0xe7, 0x39, 0xe7, 0x39, 0xe7, 0x41, 0xe7, 0x41, 0xe7, 0x41, 0xe7, 0x39,
  0xe7, 0x39, 0xe7, 0x39, 0xe7, 0x39, 0xe7, 0x39, 0xc7, 0x39, 0xc7, 0x41, 0x67, 0x41, 0x05, 0x39,
  0x45, 0x31, 0x65, 0x29, 0x65, 0x29, 0x65, 0x29, 0x65, 0x29, 0x66, 0x31, 0x86, 0x31, 0xa6, 0x39,
  0xc7, 0x41, 0xe7, 0x41, 0xe7, 0x41, 0xe7, 0x41, 0xe7, 0x41, 0xe7, 0x41, 0xc7, 0x41, 0xa7, 0x41,
  0xc4, 0x30, 0xa3, 0x28, 0x25, 0x39, 0x28, 0x52, 0xe7, 0x39, 0x07, 0x3a, 0xe7, 0x41, 0xc7, 0x49,
  0xe3, 0x40, 0xc0, 0x48, 0x6d, 0xdd, 0x6e, 0xf6, 0x2c, 0xe6, 0xad, 0xee, 0xcd, 0xf6, 0x2b, 0xde,
  0x8c, 0xee, 0x2b, 0xde, 0xac, 0xee, 0xcd, 0xee, 0x0d, 0xf7, 0xcd, 0xf6, 0xcc, 0xee, 0xac, 0xee,
  0xac, 0xee, 0xac, 0xee, 0x6b, 0xee, 0x8b, 0xe6, 0x0d, 0xf7, 0xec, 0xf6, 0xcb, 0xee, 0xaa, 0xee,
  0xcc, 0xee, 0xac, 0xee, 0xef, 0xf6, 0xcf, 0xf6, 0xaf, 0xf6, 0x10, 0xff, 0x2c, 0xde, 0x10, 0xef,
  0x11, 0xef, 0x4b, 0xad, 0x68, 0x8c, 0xe4, 0x5a, 0x84, 0x4a, 0x65, 0x4a, 0xe5, 0x39, 0x85, 0x31,
  0xe7, 0x41, 0xc8, 0x41, 0xc7, 0x41, 0x86, 0x41, 0x23, 0x49, 0x03, 0x51, 0x03, 0x49, 0xc2, 0x38,
  0x61, 0x20, 0x00, 0x08, 0x00, 0x00, 0x00, 0x00, 0x00, 0x00, 0x00, 0x00, 0x00, 0x00, 0x00, 0x00,
  0x00, 0x00, 0x00, 0x00, 0x00, 0x00, 0x00, 0x00, 0x00, 0x00, 0x00, 0x00, 0x00, 0x00, 0xa3, 0x30,
  0xe4, 0x40, 0x04, 0x39, 0x25, 0x39, 0x45, 0x31, 0x85, 0x31, 0xa5, 0x31, 0xa5, 0x31, 0x85, 0x31,
  0x86, 0x31, 0x65, 0x39, 0x25, 0x41, 0x83, 0x28, 0x00, 0x00, 0x00, 0x00, 0x00, 0x00, 0x00, 0x00,
  0x00, 0x00, 0x00, 0x00, 0x00, 0x00, 0x00, 0x00, 0x00, 0x00, 0x00, 0x00, 0x00, 0x00, 0x00, 0x00,
  0x00, 0x00, 0x00, 0x00, 0x00, 0x00, 0x00, 0x00, 0x00, 0x00, 0x00, 0x00, 0x00, 0x00, 0x00, 0x00,
  0x00, 0x00, 0x00, 0x00, 0x00, 0x00, 0x00, 0x00, 0x00, 0x00, 0x00, 0x00, 0x00, 0x00, 0x00, 0x00,
  0x00, 0x00, 0x00, 0x00, 0x00, 0x00, 0x00, 0x00, 0x00, 0x00, 0x00, 0x00, 0x00, 0x00, 0x00, 0x00,
  0xa3, 0x48, 0xa3, 0x48, 0xa3, 0x48, 0x41, 0x20, 0x00, 0x00, 0x00, 0x00, 0x00, 0x00, 0x00, 0x00,
  0x00, 0x00, 0x00, 0x00, 0x00, 0x00, 0x00, 0x00, 0x00, 0x00, 0x00, 0x00, 0x00, 0x00, 0x00, 0x00,
  0x00, 0x00, 0x00, 0x00, 0x00, 0x00, 0x00, 0x00, 0x00, 0x00, 0x00, 0x00, 0x00, 0x00, 0x00, 0x00,
  0x20, 0x08, 0xa3, 0x38, 0xc4, 0x48, 0xc4, 0x40, 0xc4, 0x40, 0xc4, 0x40, 0xe4, 0x40, 0x04, 0x39,
  0x04, 0x31, 0x04, 0x31, 0xe4, 0x38, 0xc5, 0x40, 0x05, 0x41, 0x46, 0x41, 0xa7, 0x41, 0xe8, 0x41,
  0x08, 0x42, 0x08, 0x42, 0x66, 0x39, 0xa5, 0x41, 0x4d, 0x9c, 0x4b, 0xa4, 0x6c, 0xc5, 0x4d, 0xe6,
  0x8d, 0xee, 0x8c, 0xf6, 0x8b, 0xee, 0x4a, 0xe6, 0xed, 0xfe, 0xcc, 0xf6, 0xab, 0xf6, 0x8b, 0xee,
  0x4b, 0xe6, 0xca, 0xdd, 0x2b, 0xe6, 0x2b, 0xe6, 0xee, 0xfe, 0x8d, 0xf6, 0xa9, 0xd5, 0xc9, 0xdd,
  0x4b, 0xee, 0x6b, 0xee, 0x6c, 0xf6, 0x4c, 0xee, 0x2c, 0xee, 0x0c, 0xee, 0xec, 0xe5, 0xa9, 0xbc,
  0xe0, 0x40, 0x81, 0x30, 0x08, 0x52, 0xe7, 0x41, 0x06, 0x3a, 0x06, 0x3a, 0xe7, 0x39, 0xe8, 0x39,
  0xc7, 0x41, 0x66, 0x39, 0x45, 0x39, 0xa7, 0x49, 0xc7, 0x41, 0xe7, 0x39, 0xc7, 0x41, 0xc7, 0x41,
  0xa6, 0x39, 0x86, 0x39, 0x85, 0x31, 0x65, 0x31, 0xa6, 0x31, 0xa6, 0x39, 0x66, 0x41, 0xc4, 0x30,
  0x04, 0x39, 0x66, 0x39, 0xe7, 0x39, 0xe7, 0x39, 0xc7, 0x41, 0xc7, 0x41, 0xe7, 0x41, 0xe7, 0x41,
  0xe7, 0x41, 0xe7, 0x41, 0xe7, 0x41, 0xe7, 0x39, 0xe7, 0x39, 0xe7, 0x39, 0xe7, 0x39, 0xc7, 0x41,
  0xa7, 0x41, 0xc7, 0x49, 0xa7, 0x41, 0x25, 0x31, 0x45, 0x31, 0x45, 0x31, 0x65, 0x29, 0x65, 0x31,
  0x65, 0x29, 0x65, 0x29, 0x65, 0x31, 0x65, 0x31, 0xa6, 0x39, 0xc6, 0x39, 0xc7, 0x41, 0xc7, 0x41,
  0xc7, 0x41, 0xc7, 0x41, 0xc7, 0x41, 0xc7, 0x49, 0xc7, 0x49, 0x05, 0x39, 0xa3, 0x30, 0x05, 0x39,
  0xa6, 0x41, 0xe7, 0x39, 0x08, 0x42, 0xc7, 0x41, 0x04, 0x41, 0x20, 0x30, 0xe8, 0xa3, 0x8e, 0xee,
  0x0b, 0xde, 0x2a, 0xde, 0xad, 0xee, 0xc9, 0xd5, 0x8c, 0xe6, 0x2a, 0xde, 0xac, 0xee, 0xcd, 0xee,
  0xcd, 0xee, 0xed, 0xf6, 0x0d, 0xf7, 0xec, 0xf6, 0xec, 0xf6, 0xec, 0xf6, 0xcc, 0xf6, 0xcc, 0xee,
  0xcb, 0xee, 0xeb, 0xee, 0x0c, 0xf7, 0x2d, 0xf7, 0x0e, 0xff, 0x10, 0xff, 0xd1, 0xfe, 0xf3, 0xfe,
  0x92, 0xee, 0x0d, 0xbd, 0x2a, 0x9c, 0x48, 0x7b, 0xe3, 0x41, 0x25, 0x42, 0x05, 0x3a, 0x25, 0x3a,
  0x05, 0x3a, 0x26, 0x42, 0x06, 0x42, 0xa5, 0x41, 0x86, 0x41, 0x66, 0x41, 0x26, 0x41, 0x05, 0x49,
  0x61, 0x30, 0x20, 0x18, 0x00, 0x08, 0x00, 0x00, 0x00, 0x00, 0x00, 0x00, 0x00, 0x00, 0x00, 0x00,
  0x00, 0x00, 0x00, 0x00, 0x00, 0x00, 0x00, 0x00, 0x00, 0x00, 0x00, 0x00, 0x00, 0x00, 0x00, 0x00,
  0x00, 0x00, 0x00, 0x00, 0x00, 0x00, 0x00, 0x00, 0x41, 0x10, 0xa3, 0x28, 0x24, 0x39, 0x44, 0x31,
  0x85, 0x31, 0xa5, 0x29, 0xa5, 0x29, 0xa5, 0x29, 0x86, 0x31, 0x65, 0x39, 0x25, 0x41, 0xe4, 0x40,
  0x20, 0x08, 0x00, 0x00, 0x00, 0x00, 0x00, 0x00, 0x00, 0x00, 0x00, 0x00, 0x00, 0x00, 0x00, 0x00,
  0x00, 0x00, 0x00, 0x00, 0x00, 0x00, 0x00, 0x00, 0x00, 0x00, 0x00, 0x00, 0x00, 0x00, 0x00, 0x00,
  0x00, 0x00, 0x00, 0x00, 0x00, 0x00, 0x00, 0x00, 0x00, 0x00, 0x00, 0x00, 0x00, 0x00, 0x00, 0x00,
  0x00, 0x00, 0x00, 0x00, 0x00, 0x00, 0x00, 0x00, 0x00, 0x00, 0x00, 0x00, 0x00, 0x00, 0x00, 0x00,
  0x00, 0x00, 0x00, 0x00, 0x00, 0x00, 0x00, 0x00, 0x41, 0x20, 0xa3, 0x48, 0xa3, 0x48, 0xa3, 0x48,
  0x00, 0x00, 0x00, 0x00, 0x00, 0x00, 0x00, 0x00, 0x00, 0x00, 0x00, 0x00, 0x00, 0x00, 0x00, 0x00,
  0x00, 0x00, 0x00, 0x00, 0x00, 0x00, 0x00, 0x00, 0x00, 0x00, 0x00, 0x00, 0x00, 0x00, 0x00, 0x00,
  0x00, 0x00, 0x00, 0x00, 0x00, 0x00, 0x00, 0x00, 0x20, 0x08, 0x62, 0x28, 0x83, 0x40, 0x82, 0x38,
  0x63, 0x30, 0x83, 0x38, 0xc4, 0x38, 0xe4, 0x38, 0xe4, 0x30, 0xe4, 0x30, 0xc4, 0x38, 0xc4, 0x40,
  0x26, 0x49, 0x87, 0x49, 0xe7, 0x49, 0x08, 0x42, 0xe8, 0x41, 0xa7, 0x39, 0x25, 0x31, 0x85, 0x41,
  0x46, 0x62, 0x85, 0x62, 0x47, 0x83, 0xc7, 0x93, 0x89, 0xac, 0x09, 0xbd, 0x8b, 0xcd, 0xcc, 0xd5,
  0x8f, 0xee, 0xaf, 0xee, 0xcf, 0xf6, 0xaf, 0xee, 0xaf, 0xee, 0x2d, 0xe6, 0xcf, 0xf6, 0x10, 0xff,
  0x10, 0xff, 0xaf, 0xf6, 0x0c, 0xde, 0x2d, 0xe6, 0x4c, 0xee, 0xad, 0xf6, 0x8e, 0xf6, 0x2c, 0xe6,
  0x2d, 0xe6, 0xed, 0xe5, 0xcc, 0xdd, 0x08, 0xa4, 0x80, 0x30, 0x24, 0x41, 0xe7, 0x51, 0xc6, 0x39,
  0x06, 0x3a, 0x06, 0x3a, 0xe7, 0x39, 0xe7, 0x39, 0xc7, 0x41, 0x66, 0x39, 0x45, 0x39, 0xa7, 0x49,
  0xc7, 0x41, 0xe7, 0x39, 0xe7, 0x39, 0xe7, 0x39, 0xc7, 0x39, 0xa6, 0x39, 0x86, 0x31, 0x65, 0x31,
  0x86, 0x39, 0xa6, 0x39, 0x66, 0x41, 0xc3, 0x30, 0x45, 0x39, 0x86, 0x39, 0xc6, 0x39, 0x07, 0x42,
  0xc7, 0x41, 0xc7, 0x41, 0xc7, 0x41, 0xe7, 0x41, 0xe7, 0x41, 0xe7, 0x39, 0xe7, 0x41, 0xe7, 0x39,
  0xe7, 0x39, 0xe7, 0x39, 0xe7, 0x39, 0xc7, 0x41, 0xa7, 0x41, 0xc7, 0x41, 0xc7, 0x41, 0x66, 0x31,
  0x45, 0x31, 0x45, 0x31, 0x65, 0x31, 0x65, 0x31, 0x65, 0x29, 0x65, 0x29, 0x65, 0x31, 0x65, 0x31,
  0x85, 0x31, 0x86, 0x31, 0xa6, 0x39, 0xa6, 0x39, 0xa7, 0x41, 0xa7, 0x41, 0xa7, 0x41, 0xc7, 0x41,
  0xe8, 0x49, 0xc7, 0x51, 0x05, 0x41, 0x62, 0x28, 0x24, 0x31, 0xc6, 0x39, 0xe7, 0x39, 0xc7, 0x41,
  0x05, 0x41, 0x80, 0x38, 0xa4, 0x7a, 0x0e, 0xde, 0x8d, 0xee, 0x8c, 0xe6, 0x4f, 0xff, 0x4c, 0xde,
  0x8d, 0xe6, 0x2b, 0xde, 0xad, 0xe6, 0xce, 0xee, 0xcf, 0xee, 0xf0, 0xee, 0xef, 0xf6, 0x10, 0xf7,
  0x10, 0xf7, 0x10, 0xf7, 0x30, 0xff, 0x30, 0xff, 0x30, 0xff, 0xef, 0xee, 0x8d, 0xe6, 0x4d, 0xde,
  0x6b, 0xc5, 0x0c, 0xbd, 0x84, 0x6a, 0x44, 0x62, 0xe3, 0x51, 0x82, 0x49, 0x63, 0x41, 0xa5, 0x41,
  0x07, 0x4a, 0xe6, 0x39, 0xc6, 0x31, 0x07, 0x42, 0xe7, 0x41, 0xe6, 0x49, 0xa5, 0x41, 0x23, 0x39,
  0xc3, 0x38, 0xc3, 0x40, 0x63, 0x30, 0x41, 0x20, 0x00, 0x08, 0x00, 0x00, 0x00, 0x00, 0x00, 0x00,
  0x00, 0x00, 0x00, 0x00, 0x00, 0x00, 0x00, 0x00, 0x00, 0x00, 0x00, 0x00, 0x00, 0x00, 0x00, 0x00,
  0x00, 0x00, 0x00, 0x00, 0x00, 0x00, 0x00, 0x00, 0x00, 0x00, 0x00, 0x00, 0x00, 0x00, 0x00, 0x00,
  0x00, 0x00, 0x00, 0x00, 0x61, 0x18, 0x24, 0x39, 0x65, 0x39, 0x85, 0x31, 0x85, 0x31, 0x85, 0x31,
  0x66, 0x39, 0x45, 0x39, 0x25, 0x41, 0xe4, 0x40, 0x82, 0x28, 0x00, 0x00, 0x00, 0x00, 0x00, 0x00,
  0x00, 0x00, 0x00, 0x00, 0x00, 0x00, 0x00, 0x00, 0x00, 0x00, 0x00, 0x00, 0x00, 0x00, 0x00, 0x00,
  0x00, 0x00, 0x00, 0x00, 0x00, 0x00, 0x00, 0x00, 0x00, 0x00, 0x00, 0x00, 0x00, 0x00, 0x00, 0x00,
  0x00, 0x00, 0x00, 0x00, 0x00, 0x00, 0x00, 0x00, 0x00, 0x00, 0x00, 0x00, 0x00, 0x00, 0x00, 0x00,
  0x00, 0x00, 0x00, 0x00, 0x00, 0x00, 0x00, 0x00, 0x00, 0x00, 0x00, 0x00, 0x00, 0x00, 0x00, 0x00,
  0x41, 0x20, 0xa3, 0x48, 0xa3, 0x48, 0xa3, 0x48, 0x41, 0x18, 0x00, 0x00, 0x00, 0x00, 0x00, 0x00,
  0x00, 0x00, 0x00, 0x00, 0x00, 0x00, 0x00, 0x00, 0x00, 0x00, 0x00, 0x00, 0x00, 0x00, 0x00, 0x00,
  0x00, 0x00, 0x00, 0x00, 0x00, 0x00, 0x00, 0x00, 0x00, 0x00, 0x00, 0x00, 0x00, 0x00, 0x41, 0x18,
  0xa3, 0x30, 0x04, 0x41, 0x25, 0x41, 0x45, 0x49, 0xc7, 0x51, 0xe7, 0x51, 0x08, 0x52, 0x08, 0x52,
  0x28, 0x4a, 0x08, 0x52, 0x65, 0x41, 0x45, 0x41, 0xa7, 0x49, 0xa7, 0x49, 0xc7, 0x41, 0xc7, 0x41,
  0xa7, 0x41, 0x45, 0x31, 0xc3, 0x28, 0x65, 0x39, 0x24, 0x31, 0x03, 0x31, 0x02, 0x31, 0xe1, 0x30,
  0xe0, 0x28, 0xe0, 0x30, 0x62, 0x41, 0xe0, 0x28, 0x25, 0x5a, 0xc7, 0x6a, 0x8a, 0x8b, 0x2b, 0x9c,
  0x2d, 0xb5, 0x4d, 0xbd, 0x6d, 0xc5, 0x8e, 0xc5, 0xef, 0xd5, 0xef, 0xd5, 0x51, 0xe6, 0x70, 0xe6,
  0x0e, 0xde, 0x0e, 0xde, 0x0e, 0xde, 0x0e, 0xde, 0x6f, 0xe6, 0x70, 0xee, 0x6c, 0xc5, 0x46, 0x83,
  0xa0, 0x28, 0x86, 0x49, 0x08, 0x52, 0xa6, 0x41, 0xe6, 0x41, 0xe7, 0x39, 0xe7, 0x39, 0xe7, 0x39,
  0xc7, 0x41, 0x45, 0x39, 0x25, 0x39, 0xc7, 0x49, 0xe7, 0x41, 0xe7, 0x39, 0xe7, 0x39, 0xe7, 0x39,
  0xe7, 0x39, 0xe7, 0x39, 0xc7, 0x39, 0xa6, 0x39, 0x45, 0x31, 0x45, 0x31, 0x66, 0x41, 0xe4, 0x38,
  0x25, 0x41, 0x87, 0x49, 0xc7, 0x41, 0xa6, 0x39, 0xc7, 0x41, 0xc7, 0x41, 0xc7, 0x41, 0xc7, 0x41,
  0xe7, 0x41, 0xe7, 0x39, 0xe7, 0x39, 0xe7, 0x39, 0xe7, 0x39, 0xe7, 0x39, 0xe7, 0x39, 0xe7, 0x41,
  0xc7, 0x41, 0xc7, 0x41, 0xc7, 0x41, 0x86, 0x39, 0x25, 0x39, 0x25, 0x39, 0x65, 0x31, 0x65, 0x29,
  0x65, 0x31, 0x65, 0x31, 0x65, 0x31, 0x65, 0x31, 0x65, 0x31, 0x65, 0x31, 0x65, 0x31, 0x65, 0x31,
  0x66, 0x39, 0x86, 0x39, 0xa7, 0x39, 0xa7, 0x41, 0xa7, 0x39, 0xc7, 0x41, 0xe8, 0x49, 0x86, 0x41,
  0x04, 0x31, 0x44, 0x31, 0xa6, 0x39, 0xc7, 0x49, 0xa6, 0x49, 0xe2, 0x38, 0x41, 0x49, 0x6f, 0xd5,
  0x4e, 0xe6, 0x2c, 0xe6, 0x4d, 0xe6, 0x4d, 0xde, 0x51, 0xf7, 0x52, 0xf7, 0xf1, 0xee, 0xf2, 0xee,
  0xd4, 0xee, 0x52, 0xde, 0xb0, 0xcd, 0x90, 0xc5, 0x6f, 0xbd, 0xcc, 0xac, 0xe9, 0x93, 0x67, 0x7b,
  0x48, 0x7b, 0xc6, 0x6a, 0x24, 0x5a, 0xc2, 0x49, 0x41, 0x39, 0xc0, 0x28, 0xc4, 0x51, 0x43, 0x39,
  0x63, 0x41, 0x84, 0x41, 0xa5, 0x41, 0xc6, 0x49, 0xc6, 0x49, 0xa6, 0x41, 0xa5, 0x41, 0x85, 0x41,
  0x03, 0x41, 0x03, 0x41, 0xe3, 0x48, 0x82, 0x28, 0x41, 0x18, 0x00, 0x00, 0x00, 0x00, 0x00, 0x00,
  0x00, 0x00, 0x00, 0x00, 0x00, 0x00, 0x00, 0x00, 0x00, 0x00, 0x00, 0x00, 0x00, 0x00, 0x00, 0x00,
  0x00, 0x00, 0x00, 0x00, 0x00, 0x00, 0x00, 0x00, 0x00, 0x00, 0x00, 0x00, 0x00, 0x00, 0x00, 0x00,
  0x00, 0x00, 0x00, 0x00, 0x00, 0x00, 0x00, 0x00, 0x00, 0x00, 0x00, 0x00, 0x00, 0x00, 0x20, 0x10,
  0x82, 0x20, 0x45, 0x41, 0x66, 0x49, 0x25, 0x41, 0x66, 0x49, 0x46, 0x49, 0x05, 0x41, 0x05, 0x41,
  0xc4, 0x38, 0x00, 0x00, 0x00, 0x00, 0x00, 0x00, 0x00, 0x00, 0x00, 0x00, 0x00, 0x00, 0x00, 0x00,
  0x00, 0x00, 0x00, 0x00, 0x00, 0x00, 0x00, 0x00, 0x00, 0x00, 0x00, 0x00, 0x00, 0x00, 0x00, 0x00,
  0x00, 0x00, 0x00, 0x00, 0x00, 0x00, 0x00, 0x00, 0x00, 0x00, 0x00, 0x00, 0x00, 0x00, 0x00, 0x00,
  0x00, 0x00, 0x00, 0x00, 0x00, 0x00, 0x00, 0x00, 0x00, 0x00, 0x00, 0x00, 0x00, 0x00, 0x00, 0x00,
  0x00, 0x00, 0x00, 0x00, 0x00, 0x00, 0x00, 0x00, 0x00, 0x00, 0xa3, 0x48, 0xc3, 0x48, 0xc3, 0x48,
  0xc3, 0x48, 0x20, 0x08, 0x00, 0x00, 0x00, 0x00, 0x00, 0x00, 0x00, 0x00, 0x00, 0x00, 0x00, 0x00,
  0x00, 0x00, 0x00, 0x00, 0x00, 0x00, 0x00, 0x00, 0x00, 0x00, 0x00, 0x00, 0x00, 0x00, 0x00, 0x00,
  0x21, 0x10, 0x82, 0x28, 0x82, 0x28, 0xc3, 0x38, 0x04, 0x39, 0x65, 0x41, 0xc7, 0x49, 0x07, 0x52,
  0x08, 0x4a, 0x08, 0x4a, 0x28, 0x4a, 0x28, 0x4a, 0x28, 0x4a, 0x28, 0x4a, 0x65, 0x41, 0x45, 0x41,
  0xc7, 0x41, 0xc7, 0x41, 0xc7, 0x41, 0xc7, 0x41, 0x86, 0x41, 0x04, 0x31, 0x25, 0x39, 0x45, 0x39,
  0x25, 0x39, 0x04, 0x31, 0xe4, 0x30, 0xe4, 0x28, 0xe4, 0x30, 0x04, 0x31, 0x45, 0x39, 0x04, 0x31,
  0xc3, 0x28, 0xe4, 0x30, 0x05, 0x39, 0x44, 0x39, 0x82, 0x41, 0xa1, 0x41, 0xc2, 0x41, 0xc2, 0x41,
  0xc2, 0x49, 0x61, 0x41, 0x89, 0x83, 0x27, 0x7b, 0x47, 0x7b, 0x66, 0x7b, 0x66, 0x7b, 0x66, 0x7b,
  0x2a, 0x9c, 0x09, 0x9c, 0x2a, 0x9c, 0xc0, 0x28, 0xa1, 0x28, 0x86, 0x41, 0xe8, 0x51, 0xc7, 0x41,
  0xc7, 0x41, 0xc7, 0x41, 0xe7, 0x39, 0xe7, 0x39, 0xc7, 0x41, 0x45, 0x39, 0x25, 0x39, 0xc7, 0x49,
  0xe7, 0x41, 0xe7, 0x39, 0xe7, 0x39, 0xe7, 0x39, 0xe7, 0x39, 0xe7, 0x39, 0xe7, 0x39, 0xc7, 0x41,
  0x66, 0x39, 0x25, 0x31, 0x25, 0x39, 0xc4, 0x30, 0x05, 0x39, 0x86, 0x49, 0xc7, 0x49, 0xa7, 0x41,
  0xc7, 0x41, 0xc7, 0x41, 0xc7, 0x41, 0xc7, 0x41, 0xc7, 0x41, 0xe7, 0x39, 0xe7, 0x39, 0xe7, 0x39,
  0xe7, 0x39, 0xe7, 0x39, 0xe7, 0x39, 0xe7, 0x41, 0xc7, 0x41, 0xc7, 0x41, 0xe7, 0x41, 0xa7, 0x41,
  0x25, 0x39, 0x25, 0x39, 0x65, 0x31, 0x65, 0x29, 0x66, 0x31, 0x65, 0x31, 0x65, 0x31, 0x65, 0x31,
  0x65, 0x31, 0x65, 0x31, 0x65, 0x31, 0x65, 0x31, 0x45, 0x31, 0x66, 0x31, 0x86, 0x39, 0x86, 0x39,
  0xa6, 0x39, 0xc7, 0x41, 0xe8, 0x41, 0xe7, 0x41, 0x65, 0x39, 0x04, 0x31, 0x65, 0x39, 0xc7, 0x41,
  0xc6, 0x49, 0x64, 0x41, 0xc1, 0x38, 0x4c, 0xac, 0xcb, 0xb4, 0xca, 0xb4, 0xeb, 0xb4, 0xcb, 0xac,
  0x69, 0x9c, 0x66, 0x7b, 0x05, 0x6b, 0x22, 0x4a, 0xc3, 0x41, 0x63, 0x39, 0x42, 0x39, 0x63, 0x39,
  0x83, 0x41, 0x42, 0x39, 0xe1, 0x28, 0xa0, 0x20, 0xa1, 0x20, 0xe2, 0x28, 0x24, 0x31, 0x44, 0x39,
  0x85, 0x41, 0x65, 0x39, 0x65, 0x39, 0x44, 0x39, 0x24, 0x31, 0x24, 0x39, 0x64, 0x39, 0x85, 0x41,
  0x85, 0x41, 0x85, 0x41, 0x64, 0x41, 0x24, 0x39, 0xa2, 0x30, 0x61, 0x20, 0x00, 0x00, 0x00, 0x00,
  0x00, 0x00, 0x00, 0x00, 0x00, 0x00, 0x00, 0x00, 0x00, 0x00, 0x00, 0x00, 0x00, 0x00, 0x00, 0x00,
  0x00, 0x00, 0x00, 0x00, 0x00, 0x00, 0x00, 0x00, 0x00, 0x00, 0x00, 0x00, 0x00, 0x00, 0x00, 0x00,
  0x00, 0x00, 0x00, 0x00, 0x00, 0x00, 0x00, 0x00, 0x00, 0x00, 0x00, 0x00, 0x00, 0x00, 0x00, 0x00,
  0x00, 0x00, 0x00, 0x00, 0x00, 0x00, 0x00, 0x00, 0x00, 0x00, 0x20, 0x10, 0x41, 0x20, 0x25, 0x49,
  0x05, 0x49, 0x05, 0x49, 0x05, 0x49, 0x05, 0x41, 0xe4, 0x40, 0x41, 0x10, 0x00, 0x00, 0x00, 0x00,
  0x00, 0x00, 0x00, 0x00, 0x00, 0x00, 0x00, 0x00, 0x00, 0x00, 0x00, 0x00, 0x00, 0x00, 0x00, 0x00,
  0x00, 0x00, 0x00, 0x00, 0x00, 0x00, 0x00, 0x00, 0x00, 0x00, 0x00, 0x00, 0x00, 0x00, 0x00, 0x00,
  0x00, 0x00, 0x00, 0x00, 0x00, 0x00, 0x00, 0x00, 0x00, 0x00, 0x00, 0x00, 0x00, 0x00, 0x00, 0x00,
  0x00, 0x00, 0x00, 0x00, 0x00, 0x00, 0x00, 0x00, 0x00, 0x00, 0x00, 0x00, 0x00, 0x00, 0x00, 0x00,
  0x00, 0x00, 0x61, 0x20, 0xc3, 0x48, 0xe3, 0x40, 0xe3, 0x48, 0x03, 0x41, 0xc2, 0x30, 0x61, 0x18,
  0x00, 0x00, 0x00, 0x00, 0x00, 0x00, 0x00, 0x00, 0x00, 0x00, 0x00, 0x00, 0x00, 0x00, 0x00, 0x00,
  0x00, 0x00, 0x20, 0x08, 0x61, 0x18, 0x04, 0x41, 0xc3, 0x40, 0xc3, 0x38, 0xa3, 0x38, 0x45, 0x49,
  0xe7, 0x49, 0xe7, 0x49, 0xe7, 0x49, 0xe6, 0x41, 0x27, 0x4a, 0x27, 0x4a, 0x48, 0x4a, 0x48, 0x4a,
  0x48, 0x4a, 0x28, 0x4a, 0x65, 0x41, 0x45, 0x41, 0xc7, 0x41, 0xc7, 0x41, 0xc7, 0x41, 0xc6, 0x41,
  0x45, 0x39, 0x04, 0x39, 0x45, 0x41, 0x45, 0x41, 0x45, 0x41, 0x25, 0x39, 0x04, 0x39, 0xe4, 0x30,
  0x24, 0x39, 0x25, 0x39, 0x04, 0x39, 0x45, 0x41, 0xa3, 0x28, 0xe4, 0x30, 0x45, 0x41, 0xa6, 0x49,
  0xc5, 0x41, 0xc5, 0x41, 0xa4, 0x39, 0xa4, 0x39, 0xa5, 0x41, 0x64, 0x39, 0x43, 0x31, 0x02, 0x29,
  0x02, 0x29, 0x02, 0x29, 0x02, 0x29, 0x02, 0x31, 0x43, 0x39, 0x84, 0x41, 0x22, 0x31, 0xc2, 0x28,
  0xa3, 0x28, 0x87, 0x41, 0x08, 0x4a, 0xa7, 0x41, 0xc7, 0x41, 0xe7, 0x39, 0xe7, 0x39, 0xe7, 0x39,
  0xc7, 0x41, 0x45, 0x39, 0x25, 0x39, 0xc7, 0x41, 0xe7, 0x41, 0xe7, 0x39, 0xe7, 0x39, 0xe7, 0x39,
  0xe7, 0x39, 0xe7, 0x41, 0xe7, 0x41, 0xe7, 0x41, 0xc7, 0x41, 0x66, 0x39, 0x45, 0x39, 0xc4, 0x30,
  0xe4, 0x38, 0x66, 0x41, 0xc7, 0x49, 0xa6, 0x39, 0xc7, 0x41, 0xc7, 0x41, 0xc7, 0x41, 0xc7, 0x41,
  0xe7, 0x41, 0xe7, 0x39, 0xe7, 0x39, 0xe7, 0x39, 0xe7, 0x39, 0xe7, 0x39, 0xe7, 0x39, 0xe7, 0x41,
  0xe7, 0x41, 0xc7, 0x41, 0xe7, 0x39, 0xe7, 0x41, 0x66, 0x41, 0x25, 0x39, 0x45, 0x31, 0x66, 0x31,
  0x66, 0x31, 0x65, 0x31, 0x65, 0x31, 0x65, 0x31, 0x65, 0x31, 0x65, 0x31, 0x65, 0x31, 0x65, 0x31,
  0x45, 0x31, 0x45, 0x31, 0x45, 0x31, 0x66, 0x31, 0x86, 0x39, 0x86, 0x39, 0xa6, 0x39, 0xa6, 0x39,
  0xc6, 0x41, 0x85, 0x41, 0x65, 0x31, 0xc7, 0x41, 0xc7, 0x41, 0x65, 0x41, 0xc1, 0x30, 0xa0, 0x30,
  0x02, 0x39, 0x02, 0x39, 0x02, 0x39, 0x02, 0x39, 0x23, 0x39, 0x84, 0x41, 0x23, 0x31, 0x85, 0x39,
  0x44, 0x31, 0x24, 0x31, 0x23, 0x31, 0x64, 0x39, 0x64, 0x31, 0x44, 0x31, 0x44, 0x31, 0x24, 0x31,
  0x24, 0x31, 0x24, 0x31, 0x44, 0x31, 0x44, 0x39, 0x65, 0x39, 0x03, 0x31, 0xc6, 0x49, 0x65, 0x39,
  0x03, 0x31, 0x24, 0x39, 0x44, 0x41, 0x65, 0x41, 0x03, 0x31, 0xa2, 0x18, 0x20, 0x08, 0x00, 0x00,
  0x00, 0x00, 0x00, 0x00, 0x00, 0x00, 0x00, 0x00, 0x00, 0x00, 0x00, 0x00, 0x00, 0x00, 0x00, 0x00,
  0x00, 0x00, 0x00, 0x00, 0x00, 0x00, 0x00, 0x00, 0x00, 0x00, 0x00, 0x00, 0x00, 0x00, 0x00, 0x00,
  0x00, 0x00, 0x00, 0x00, 0x00, 0x00, 0x00, 0x00, 0x00, 0x00, 0x00, 0x00, 0x00, 0x00, 0x00, 0x00,
  0x00, 0x00, 0x00, 0x00, 0x00, 0x00, 0x00, 0x00, 0x00, 0x00, 0x00, 0x00, 0x00, 0x00, 0x00, 0x00,
  0x00, 0x00, 0x00, 0x00, 0x00, 0x00, 0x20, 0x10, 0x82, 0x30, 0xe4, 0x48, 0xe4, 0x40, 0x04, 0x49,
  0x04, 0x41, 0x83, 0x28, 0x00, 0x00, 0x00, 0x00, 0x00, 0x00, 0x00, 0x00, 0x00, 0x00, 0x00, 0x00,
  0x00, 0x00, 0x00, 0x00, 0x00, 0x00, 0x00, 0x00, 0x00, 0x00, 0x00, 0x00, 0x00, 0x00, 0x00, 0x00,
  0x00, 0x00, 0x00, 0x00, 0x00, 0x00, 0x00, 0x00, 0x00, 0x00, 0x00, 0x00, 0x00, 0x00, 0x00, 0x00,
  0x00, 0x00, 0x00, 0x00, 0x00, 0x00, 0x00, 0x00, 0x00, 0x00, 0x00, 0x00, 0x00, 0x00, 0x00, 0x00,
  0x00, 0x00, 0x00, 0x00, 0x00, 0x00, 0x00, 0x00, 0x00, 0x00, 0x00, 0x00, 0xc3, 0x48, 0xe3, 0x40,
  0x24, 0x49, 0x24, 0x41, 0x24, 0x41, 0x03, 0x41, 0xc3, 0x30, 0x82, 0x28, 0x41, 0x10, 0x41, 0x10,
  0x21, 0x10, 0x21, 0x10, 0x41, 0x20, 0x83, 0x38, 0xc4, 0x48, 0xe4, 0x40, 0xe3, 0x40, 0xe3, 0x38,
  0x04, 0x41, 0x04, 0x39, 0xa7, 0x49, 0xc7, 0x49, 0xe7, 0x49, 0x07, 0x42, 0x27, 0x42, 0x27, 0x42,
  0x48, 0x4a, 0x48, 0x4a, 0x48, 0x4a, 0x48, 0x4a, 0x48, 0x4a, 0x28, 0x4a, 0x65, 0x41, 0x45, 0x41,
  0xc7, 0x41, 0xc7, 0x41, 0xc6, 0x41, 0xc6, 0x49, 0xe3, 0x38, 0x45, 0x41, 0x24, 0x41, 0x65, 0x49,
  0x45, 0x49, 0x45, 0x41, 0x24, 0x41, 0x04, 0x41, 0x24, 0x41, 0x24, 0x41, 0xa2, 0x30, 0x45, 0x49,
  0xe3, 0x38, 0x04, 0x41, 0x45, 0x49, 0xa6, 0x49, 0xa6, 0x49, 0x86, 0x41, 0x65, 0x39, 0x44, 0x39,
  0x86, 0x41, 0x86, 0x41, 0x24, 0x31, 0x24, 0x31, 0x65, 0x41, 0x65, 0x41, 0x65, 0x41, 0x65, 0x41,
  0x45, 0x41, 0x45, 0x41, 0xa3, 0x30, 0xc3, 0x30, 0xa3, 0x28, 0x87, 0x41, 0xe8, 0x49, 0xc7, 0x41,
  0xc7, 0x41, 0xe7, 0x39, 0xe7, 0x39, 0xc7, 0x41, 0xa7, 0x49, 0x45, 0x39, 0x45, 0x39, 0xc7, 0x41,
  0xe7, 0x39, 0xe7, 0x39, 0xe7, 0x39, 0xe7, 0x39, 0xe7, 0x41, 0xe7, 0x41, 0xe7, 0x41, 0xe7, 0x41,
  0xc7, 0x41, 0xc7, 0x41, 0xc7, 0x41, 0x45, 0x39, 0xc4, 0x30, 0x46, 0x41, 0xa7, 0x49, 0xa7, 0x41,
  0xc7, 0x41, 0xc7, 0x41, 0xc7, 0x41, 0xc7, 0x41, 0xe7, 0x41, 0xe7, 0x39, 0xe7, 0x39, 0xe7, 0x39,
  0xe7, 0x39, 0xe7, 0x39, 0xe7, 0x39, 0xe7, 0x41, 0xe7, 0x41, 0xc7, 0x41, 0xe7, 0x39, 0xe7, 0x41,
  0x86, 0x41, 0x46, 0x39, 0x46, 0x39, 0x66, 0x31, 0x66, 0x31, 0x65, 0x31, 0x65, 0x31, 0x65, 0x31,
  0x65, 0x31, 0x65, 0x31, 0x65, 0x31, 0x65, 0x31, 0x45, 0x31, 0x45, 0x31, 0x65, 0x31, 0x45, 0x31,
  0x45, 0x31, 0x65, 0x31, 0x65, 0x31, 0x65, 0x31, 0xa6, 0x41, 0x07, 0x4a, 0x08, 0x42, 0xc7, 0x41,
  0xc7, 0x41, 0xa6, 0x49, 0xe3, 0x38, 0x61, 0x28, 0x05, 0x39, 0x05, 0x39, 0x25, 0x39, 0x05, 0x39,
  0x66, 0x41, 0x25, 0x39, 0x46, 0x39, 0x05, 0x31, 0x66, 0x39, 0x24, 0x31, 0xe3, 0x28, 0x04, 0x31,
  0x86, 0x41, 0x65, 0x39, 0x45, 0x39, 0x45, 0x39, 0x45, 0x39, 0x65, 0x41, 0x45, 0x39, 0x24, 0x39,
  0x45, 0x41, 0x45, 0x41, 0x81, 0x20, 0x61, 0x18, 0x41, 0x10, 0x20, 0x08, 0x00, 0x00, 0x00, 0x00,
  0x00, 0x00, 0x00, 0x00, 0x00, 0x00, 0x00, 0x00, 0x00, 0x00, 0x00, 0x00, 0x00, 0x00, 0x00, 0x00,
  0x00, 0x00, 0x00, 0x00, 0x00, 0x00, 0x00, 0x00, 0x00, 0x00, 0x00, 0x00, 0x00, 0x00, 0x00, 0x00,
  0x00, 0x00, 0x00, 0x00, 0x00, 0x00, 0x00, 0x00, 0x00, 0x00, 0x00, 0x00, 0x00, 0x00, 0x00, 0x00,
  0x00, 0x00, 0x00, 0x00, 0x00, 0x00, 0x00, 0x00, 0x00, 0x00, 0x00, 0x00, 0x00, 0x00, 0x00, 0x00,
  0x00, 0x00, 0x00, 0x00, 0x00, 0x00, 0x00, 0x00, 0x00, 0x00, 0x00, 0x00, 0x00, 0x00, 0x00, 0x00,
  0x00, 0x00, 0x41, 0x10, 0xa3, 0x30, 0x04, 0x49, 0xe4, 0x48, 0xe4, 0x48, 0x20, 0x08, 0x00, 0x00,
  0x00, 0x00, 0x00, 0x00, 0x00, 0x00, 0x00, 0x00, 0x00, 0x00, 0x00, 0x00, 0x00, 0x00, 0x00, 0x00,
  0x00, 0x00, 0x00, 0x00, 0x00, 0x00, 0x00, 0x00, 0x00, 0x00, 0x00, 0x00, 0x00, 0x00, 0x00, 0x00,
  0x00, 0x00, 0x00, 0x00, 0x00, 0x00, 0x00, 0x00, 0x00, 0x00, 0x00, 0x00, 0x00, 0x00, 0x00, 0x00,
  0x00, 0x00, 0x00, 0x00, 0x00, 0x00, 0x00, 0x00, 0x00, 0x00, 0x00, 0x00, 0x00, 0x00, 0x00, 0x00,
  0x00, 0x00, 0x00, 0x00, 0x61, 0x28, 0xe3, 0x48, 0xe3, 0x40, 0xc6, 0x51, 0x06, 0x52, 0xa5, 0x41,
  0x65, 0x41, 0xc3, 0x38, 0xe3, 0x38, 0xe4, 0x40, 0xa3, 0x38, 0xa3, 0x40, 0xa3, 0x40, 0xa3, 0x40,
  0x24, 0x41, 0x86, 0x41, 0xc7, 0x49, 0xe7, 0x49, 0x08, 0x4a, 0x08, 0x4a, 0x28, 0x4a, 0x28, 0x42,
  0x28, 0x42, 0x48, 0x42, 0x47, 0x42, 0x47, 0x42, 0x47, 0x42, 0x47, 0x42, 0x47, 0x42, 0x48, 0x42,
  0x48, 0x42, 0x28, 0x4a, 0x45, 0x41, 0x45, 0x41, 0x08, 0x4a, 0x28, 0x42, 0xe7, 0x41, 0x65, 0x39,
  0x04, 0x41, 0x04, 0x41, 0x04, 0x41, 0xe4, 0x40, 0xe4, 0x40, 0xe3, 0x40, 0x82, 0x20, 0x41, 0x10,
  0x82, 0x28, 0x82, 0x28, 0x82, 0x28, 0xc3, 0x38, 0xe3, 0x38, 0xe3, 0x38, 0xe3, 0x38, 0xe3, 0x38,
  0xe4, 0x38, 0xe4, 0x40, 0x04, 0x41, 0x04, 0x41, 0x04, 0x41, 0x04, 0x41, 0x04, 0x41, 0x03, 0x41,
  0x03, 0x41, 0x03, 0x41, 0xe3, 0x40, 0xe3, 0x40, 0x04, 0x49, 0xc3, 0x40, 0x81, 0x38, 0x61, 0x30,
  0x25, 0x39, 0x87, 0x41, 0xa8, 0x41, 0xc8, 0x41, 0xe8, 0x41, 0xe8, 0x39, 0xe8, 0x39, 0xe8, 0x41,
  0x86, 0x41, 0xe4, 0x30, 0x86, 0x41, 0xe7, 0x49, 0xe7, 0x39, 0xe7, 0x39, 0xc7, 0x39, 0xa7, 0x39,
  0xc7, 0x41, 0xe7, 0x41, 0xe8, 0x41, 0xe8, 0x41, 0xe8, 0x41, 0xe8, 0x49, 0xe8, 0x49, 0x25, 0x31,
  0xa3, 0x30, 0x25, 0x39, 0xe8, 0x49, 0xa6, 0x39, 0xc7, 0x41, 0xc7, 0x41, 0xc7, 0x41, 0xc7, 0x41,
  0xc7, 0x41, 0xe7, 0x41, 0xe7, 0x41, 0xe7, 0x41, 0xe7, 0x41, 0xe7, 0x41, 0xe7, 0x41, 0xe7, 0x41,
  0xe7, 0x41, 0xe7, 0x39, 0xe7, 0x39, 0xe7, 0x41, 0xe8, 0x49, 0x66, 0x39, 0x25, 0x31, 0x25, 0x31,
  0x45, 0x31, 0x65, 0x31, 0x65, 0x31, 0x65, 0x31, 0x45, 0x31, 0x45, 0x31, 0x45, 0x31, 0x45, 0x31,
  0x45, 0x31, 0x45, 0x31, 0x45, 0x31, 0x45, 0x31, 0x25, 0x29, 0x25, 0x29, 0x66, 0x31, 0x86, 0x31,
  0xc6, 0x41, 0xc6, 0x41, 0xc7, 0x39, 0xc7, 0x39, 0xc7, 0x41, 0xc8, 0x41, 0x04, 0x39, 0x24, 0x39,
  0x25, 0x39, 0x25, 0x39, 0x25, 0x39, 0x25, 0x39, 0xc3, 0x30, 0xc3, 0x30, 0xc3, 0x30, 0xc3, 0x38,
  0xc2, 0x38, 0xc2, 0x38, 0xc2, 0x38, 0xc2, 0x38, 0x24, 0x49, 0x24, 0x41, 0xc3, 0x38, 0x82, 0x30,
  0x82, 0x28, 0x41, 0x20, 0x21, 0x10, 0x21, 0x10, 0x41, 0x10, 0x20, 0x08, 0x00, 0x00, 0x00, 0x00,
  0x00, 0x00, 0x00, 0x00, 0x00, 0x00, 0x00, 0x00, 0x00, 0x00, 0x00, 0x00, 0x00, 0x00, 0x00, 0x00,
  0x00, 0x00, 0x00, 0x00, 0x00, 0x00, 0x00, 0x00, 0x00, 0x00, 0x00, 0x00, 0x00, 0x00, 0x00, 0x00,
  0x00, 0x00, 0x00, 0x00, 0x00, 0x00, 0x00, 0x00, 0x00, 0x00, 0x00, 0x00, 0x00, 0x00, 0x00, 0x00,
  0x00, 0x00, 0x00, 0x00, 0x00, 0x00, 0x00, 0x00, 0x00, 0x00, 0x00, 0x00, 0x00, 0x00, 0x00, 0x00,
  0x00, 0x00, 0x00, 0x00, 0x00, 0x00, 0x00, 0x00, 0x00, 0x00, 0x00, 0x00, 0x00, 0x00, 0x00, 0x00,
  0x00, 0x00, 0x00, 0x00, 0x00, 0x00, 0x00, 0x00, 0x00, 0x00, 0x00, 0x00, 0x00, 0x00, 0x41, 0x18,
  0x83, 0x30, 0x82, 0x28, 0x20, 0x08, 0x00, 0x00, 0x00, 0x00, 0x00, 0x00, 0x00, 0x00, 0x00, 0x00,
  0x00, 0x00, 0x00, 0x00, 0x00, 0x00, 0x00, 0x00, 0x00, 0x00, 0x00, 0x00, 0x00, 0x00, 0x00, 0x00,
  0x00, 0x00, 0x00, 0x00, 0x00, 0x00, 0x00, 0x00, 0x00, 0x00, 0x00, 0x00, 0x00, 0x00, 0x00, 0x00,
  0x00, 0x00, 0x00, 0x00, 0x00, 0x00, 0x00, 0x00, 0x00, 0x00, 0x00, 0x00, 0x00, 0x00, 0x00, 0x00,
  0x00, 0x00, 0x00, 0x00, 0x00, 0x00, 0x00, 0x00, 0x00, 0x00, 0x00, 0x00, 0x00, 0x00, 0x20, 0x10,
  0x85, 0x51, 0x24, 0x41, 0xe6, 0x51, 0x48, 0x5a, 0x48, 0x5a, 0x86, 0x41, 0xc7, 0x49, 0x65, 0x41,
  0x66, 0x49, 0x66, 0x49, 0x66, 0x49, 0x66, 0x49, 0xc7, 0x49, 0xe8, 0x49, 0x28, 0x4a, 0x28, 0x4a,
  0x28, 0x42, 0x28, 0x42, 0x48, 0x42, 0x48, 0x42, 0x48, 0x3a, 0x48, 0x42, 0x47, 0x42, 0x47, 0x42,
  0x27, 0x42, 0x27, 0x42, 0x27, 0x42, 0x28, 0x42, 0x48, 0x42, 0x28, 0x4a, 0x45, 0x41, 0x25, 0x41,
  0x08, 0x42, 0x28, 0x42, 0xe7, 0x41, 0x65, 0x41, 0xe3, 0x38, 0xe3, 0x40, 0xe3, 0x40, 0xc3, 0x38,
  0x61, 0x20, 0x20, 0x08, 0x00, 0x00, 0x00, 0x00, 0x00, 0x00, 0x00, 0x00, 0x00, 0x00, 0x00, 0x00,
  0x20, 0x08, 0x00, 0x08, 0x00, 0x00, 0x00, 0x00, 0x20, 0x08, 0x20, 0x08, 0x20, 0x08, 0x20, 0x08,
  0x20, 0x10, 0x41, 0x18, 0x61, 0x20, 0x82, 0x28, 0xa2, 0x38, 0xa2, 0x38, 0x82, 0x30, 0x82, 0x38,
  0xe3, 0x50, 0xa2, 0x48, 0x82, 0x40, 0x82, 0x38, 0x66, 0x49, 0x87, 0x41, 0xa7, 0x41, 0xc8, 0x41,
  0xe8, 0x41, 0xe8, 0x39, 0xe8, 0x39, 0xe8, 0x41, 0x66, 0x41, 0xc4, 0x30, 0x86, 0x41, 0xe7, 0x41,
  0x07, 0x3a, 0xe7, 0x39, 0xc7, 0x39, 0xa7, 0x39, 0x86, 0x39, 0x86, 0x39, 0xa7, 0x39, 0xc7, 0x39,
  0xc7, 0x41, 0xe8, 0x41, 0xe8, 0x41, 0x66, 0x39, 0xc4, 0x30, 0x05, 0x39, 0xc7, 0x49, 0xa6, 0x39,
  0xc7, 0x41, 0xc7, 0x41, 0xc7, 0x41, 0xc7, 0x41, 0xc7, 0x41, 0xe7, 0x41, 0xe7, 0x41, 0xe7, 0x41,
  0xe7, 0x41, 0xe7, 0x41, 0xe7, 0x41, 0xe7, 0x41, 0xe7, 0x39, 0xe7, 0x39, 0xe7, 0x39, 0xe7, 0x39,
  0xe8, 0x41, 0x66, 0x39, 0x25, 0x39, 0x25, 0x39, 0x45, 0x31, 0x65, 0x31, 0x65, 0x31, 0x65, 0x31,
  0x45, 0x31, 0x45, 0x31, 0x45, 0x31, 0x45, 0x31, 0x45, 0x31, 0x45, 0x31, 0x45, 0x31, 0x45, 0x31,
  0x45, 0x31, 0x45, 0x31, 0x66, 0x31, 0xa6, 0x39, 0xc6, 0x39, 0xe6, 0x39, 0xe7, 0x39, 0xc8, 0x39,
  0xc8, 0x39, 0xc8, 0x41, 0x05, 0x39, 0x05, 0x39, 0x05, 0x39, 0x05, 0x39, 0x05, 0x41, 0x05, 0x41,
  0x82, 0x30, 0x62, 0x28, 0x61, 0x28, 0x61, 0x28, 0x61, 0x20, 0x20, 0x10, 0x40, 0x10, 0x20, 0x10,
  0x20, 0x10, 0x00, 0x08, 0x00, 0x00, 0x00, 0x00, 0x00, 0x00, 0x00, 0x00, 0x00, 0x00, 0x00, 0x00,
  0x00, 0x00, 0x00, 0x00, 0x00, 0x00, 0x00, 0x00, 0x00, 0x00, 0x00, 0x00, 0x00, 0x00, 0x00, 0x00,
  0x00, 0x00, 0x00, 0x00, 0x00, 0x00, 0x00, 0x00, 0x00, 0x00, 0x00, 0x00, 0x00, 0x00, 0x00, 0x00,
  0x00, 0x00, 0x00, 0x00, 0x00, 0x00, 0x00, 0x00, 0x00, 0x00, 0x00, 0x00, 0x00, 0x00, 0x00, 0x00,
  0x00, 0x00, 0x00, 0x00, 0x00, 0x00, 0x00, 0x00, 0x00, 0x00, 0x00, 0x00, 0x00, 0x00, 0x00, 0x00,
  0x00, 0x00, 0x00, 0x00, 0x00, 0x00, 0x00, 0x00, 0x00, 0x00, 0x00, 0x00, 0x00, 0x00, 0x00, 0x00,
  0x00, 0x00, 0x00, 0x00, 0x00, 0x00, 0x00, 0x00, 0x00, 0x00, 0x00, 0x00, 0x00, 0x00, 0x00, 0x00,
  0x00, 0x00, 0x00, 0x00, 0x00, 0x00, 0x00, 0x00, 0x00, 0x00, 0x00, 0x00, 0x00, 0x00, 0x00, 0x00,
  0x00, 0x00, 0x00, 0x00, 0x00, 0x00, 0x00, 0x00, 0x00, 0x00, 0x00, 0x00, 0x00, 0x00, 0x00, 0x00,
  0x00, 0x00, 0x00, 0x00, 0x00, 0x00, 0x00, 0x00, 0x00, 0x00, 0x00, 0x00, 0x00, 0x00, 0x00, 0x00,
  0x00, 0x00, 0x00, 0x00, 0x00, 0x00, 0x00, 0x00, 0x00, 0x00, 0x00, 0x00, 0x00, 0x00, 0x00, 0x00,
  0x00, 0x00, 0x00, 0x00, 0x00, 0x00, 0x00, 0x00, 0x00, 0x00, 0x00, 0x00, 0x00, 0x00, 0x00, 0x00,
  0x00, 0x00, 0x00, 0x00, 0x00, 0x00, 0x00, 0x00, 0x00, 0x00, 0x24, 0x51, 0xa2, 0x40, 0x03, 0x41,
  0xc7, 0x51, 0x6a, 0x5a, 0x08, 0x4a, 0x08, 0x4a, 0x28, 0x4a, 0x28, 0x4a, 0x28, 0x4a, 0x28, 0x4a,
  0x08, 0x4a, 0x08, 0x4a, 0x08, 0x4a, 0x08, 0x4a, 0x28, 0x42, 0x28, 0x42, 0x28, 0x42, 0x48, 0x42,
  0x48, 0x42, 0x47, 0x42, 0x47, 0x42, 0x47, 0x42, 0x27, 0x4a, 0x27, 0x4a, 0x27, 0x4a, 0x27, 0x4a,
  0x28, 0x42, 0x08, 0x42, 0x24, 0x41, 0x04, 0x41, 0x08, 0x42, 0x28, 0x42, 0xe7, 0x41, 0x65, 0x41,
  0xa2, 0x30, 0x41, 0x20, 0x20, 0x08, 0x00, 0x00, 0x00, 0x00, 0x00, 0x00, 0x00, 0x00, 0x00, 0x00,
  0x00, 0x00, 0x00, 0x00, 0x00, 0x00, 0x00, 0x00, 0x00, 0x00, 0x00, 0x00, 0x00, 0x00, 0x00, 0x00,
  0x00, 0x00, 0x00, 0x00, 0x00, 0x00, 0x00, 0x00, 0x00, 0x00, 0x00, 0x00, 0x00, 0x00, 0x00, 0x00,
  0x00, 0x00, 0x00, 0x00, 0x00, 0x00, 0x00, 0x00, 0x20, 0x08, 0x00, 0x08, 0x62, 0x48, 0xa3, 0x48,
  0x66, 0x49, 0x87, 0x41, 0xc8, 0x41, 0xc8, 0x41, 0xe8, 0x41, 0xe8, 0x39, 0xe8, 0x39, 0xc8, 0x41,
  0x67, 0x41, 0xe4, 0x30, 0x86, 0x41, 0xe7, 0x41, 0x07, 0x3a, 0xe7, 0x39, 0xc7, 0x39, 0xa7, 0x39,
  0x46, 0x39, 0x46, 0x39, 0x66, 0x31, 0x66, 0x31, 0x86, 0x39, 0xc7, 0x39, 0xc7, 0x39, 0xa7, 0x41,
  0xe4, 0x30, 0xe4, 0x38, 0xa7, 0x41, 0xc7, 0x41, 0xe7, 0x41, 0xe7, 0x41, 0xe7, 0x41, 0xe7, 0x41,
  0xe7, 0x41, 0xe7, 0x41, 0xe7, 0x41, 0xe7, 0x41, 0xe7, 0x41, 0xe7, 0x41, 0xe7, 0x41, 0xe7, 0x41,
  0xe7, 0x39, 0xe7, 0x39, 0xe7, 0x39, 0xe7, 0x39, 0xe8, 0x41, 0x66, 0x39, 0x05, 0x39, 0x05, 0x39,
  0x45, 0x31, 0x65, 0x31, 0x65, 0x29, 0x65, 0x29, 0x45, 0x31, 0x45, 0x31, 0x65, 0x29, 0x45, 0x31,
  0x45, 0x31, 0x45, 0x31, 0x45, 0x31, 0x45, 0x31, 0x66, 0x31, 0x66, 0x31, 0xa7, 0x39, 0xc7, 0x39,
  0xe6, 0x39, 0xe6, 0x39, 0xe7, 0x39, 0xe8, 0x39, 0xc9, 0x39, 0xc9, 0x41, 0x06, 0x39, 0x06, 0x39,
  0x06, 0x41, 0x42, 0x18, 0x00, 0x00, 0x00, 0x00, 0x00, 0x00, 0x00, 0x00, 0x00, 0x00, 0x00, 0x00,
  0x00, 0x00, 0x00, 0x00, 0x00, 0x00, 0x00, 0x00, 0x00, 0x00, 0x00, 0x00, 0x00, 0x00, 0x00, 0x00,
  0x00, 0x00, 0x00, 0x00, 0x00, 0x00, 0x00, 0x00, 0x00, 0x00, 0x00, 0x00, 0x00, 0x00, 0x00, 0x00,
  0x00, 0x00, 0x00, 0x00, 0x00, 0x00, 0x00, 0x00, 0x00, 0x00, 0x00, 0x00, 0x00, 0x00, 0x00, 0x00,
  0x00, 0x00, 0x00, 0x00, 0x00, 0x00, 0x00, 0x00, 0x00, 0x00, 0x00, 0x00, 0x00, 0x00, 0x00, 0x00,
  0x00, 0x00, 0x00, 0x00, 0x00, 0x00, 0x00, 0x00, 0x00, 0x00, 0x00, 0x00, 0x00, 0x00, 0x00, 0x00,
  0x00, 0x00, 0x00, 0x00, 0x00, 0x00, 0x00, 0x00, 0x00, 0x00, 0x00, 0x00, 0x00, 0x00, 0x00, 0x00,
  0x00, 0x00, 0x00, 0x00, 0x00, 0x00, 0x00, 0x00, 0x00, 0x00, 0x00, 0x00, 0x00, 0x00, 0x00, 0x00,
  0x00, 0x00, 0x00, 0x00, 0x00, 0x00, 0x00, 0x00, 0x00, 0x00, 0x00, 0x00, 0x00, 0x00, 0x00, 0x00,
  0x00, 0x00, 0x00, 0x00, 0x00, 0x00, 0x00, 0x00, 0x00, 0x00, 0x00, 0x00, 0x00, 0x00, 0x00, 0x00,
  0x00, 0x00, 0x00, 0x00, 0x00, 0x00, 0x00, 0x00, 0x00, 0x00, 0x00, 0x00, 0x00, 0x00, 0x00, 0x00,
  0x00, 0x00, 0x00, 0x00, 0x00, 0x00, 0x00, 0x00, 0x00, 0x00, 0x00, 0x00, 0x00, 0x00, 0x00, 0x00,
  0x00, 0x00, 0x00, 0x00, 0x00, 0x00, 0x00, 0x00, 0x00, 0x00, 0x00, 0x00, 0x00, 0x00, 0x00, 0x00,
  0x00, 0x00, 0x00, 0x00, 0x00, 0x00, 0x00, 0x00, 0x00, 0x00, 0x00, 0x00, 0x00, 0x00, 0x00, 0x00,
  0x00, 0x00, 0x20, 0x10, 0x41, 0x30, 0xc3, 0x48, 0xe4, 0x38, 0xc7, 0x49, 0xe7, 0x49, 0xe7, 0x49,
  0x08, 0x4a, 0x28, 0x4a, 0x28, 0x42, 0x28, 0x42, 0x08, 0x4a, 0x08, 0x4a, 0x08, 0x4a, 0x08, 0x4a,
  0x08, 0x42, 0x28, 0x42, 0x29, 0x42, 0x28, 0x42, 0x28, 0x42, 0x27, 0x4a, 0x27, 0x4a, 0x27, 0x4a,
  0x07, 0x4a, 0x07, 0x52, 0x07, 0x52, 0x07, 0x52, 0xe7, 0x41, 0xc7, 0x49, 0x04, 0x41, 0xe3, 0x38,
  0x07, 0x4a, 0x08, 0x4a, 0xc6, 0x49, 0xa2, 0x20, 0x00, 0x08, 0x00, 0x00, 0x00, 0x00, 0x00, 0x00,
  0x00, 0x00, 0x00, 0x00, 0x00, 0x00, 0x00, 0x00, 0x00, 0x00, 0x00, 0x00, 0x00, 0x00, 0x00, 0x00,
  0x00, 0x00, 0x00, 0x00, 0x00, 0x00, 0x00, 0x00, 0x00, 0x00, 0x00, 0x00, 0x00, 0x00, 0x00, 0x00,
  0x00, 0x00, 0x00, 0x00, 0x00, 0x00, 0x00, 0x00, 0x00, 0x00, 0x00, 0x00, 0x00, 0x00, 0x00, 0x00,
  0x00, 0x00, 0x00, 0x08, 0x42, 0x40, 0xa3, 0x40, 0x66, 0x41, 0x87, 0x39, 0xc8, 0x41, 0xc8, 0x41,
  0xe8, 0x41, 0xe8, 0x39, 0xe8, 0x39, 0xc8, 0x41, 0x66, 0x41, 0xe4, 0x30, 0x86, 0x41, 0xe7, 0x41,
  0x07, 0x3a, 0xe7, 0x39, 0xc7, 0x39, 0xa7, 0x39, 0x25, 0x31, 0x25, 0x31, 0x45, 0x31, 0x45, 0x31,
  0x25, 0x29, 0x86, 0x39, 0x65, 0x31, 0xa7, 0x41, 0x04, 0x39, 0xe4, 0x30, 0xa6, 0x41, 0xe7, 0x49,
  0xe7, 0x41, 0xe7, 0x41, 0xe7, 0x41, 0xe7, 0x41, 0xe7, 0x41, 0xe7, 0x41, 0xe7, 0x41, 0xe7, 0x41,
  0xe7, 0x41, 0xe7, 0x41, 0xe7, 0x41, 0xe7, 0x41, 0xe7, 0x39, 0xe7, 0x39, 0xe7, 0x39, 0xe7, 0x39,
  0xe8, 0x41, 0x66, 0x39, 0x05, 0x39, 0x05, 0x39, 0x45, 0x31, 0x65, 0x29, 0x65, 0x29, 0x65, 0x29,
  0x45, 0x31, 0x45, 0x31, 0x65, 0x29, 0x65, 0x29, 0x65, 0x31, 0x45, 0x31, 0x45, 0x31, 0x65, 0x31,
  0x66, 0x31, 0x87, 0x39, 0xa7, 0x39, 0xc7, 0x39, 0xe6, 0x39, 0xe6, 0x39, 0xe7, 0x39, 0xe8, 0x39,
  0xc8, 0x39, 0xc9, 0x41, 0x26, 0x31, 0x06, 0x39, 0xe6, 0x40, 0x42, 0x18, 0x00, 0x00, 0x00, 0x00,
  0x00, 0x00, 0x00, 0x00, 0x00, 0x00, 0x00, 0x00, 0x00, 0x00, 0x00, 0x00, 0x00, 0x00, 0x00, 0x00,
  0x00, 0x00, 0x00, 0x00, 0x00, 0x00, 0x00, 0x00, 0x00, 0x00, 0x00, 0x00, 0x00, 0x00, 0x00, 0x00,
  0x00, 0x00, 0x00, 0x00, 0x00, 0x00, 0x00, 0x00, 0x00, 0x00, 0x00, 0x00, 0x00, 0x00, 0x00, 0x00,
  0x00, 0x00, 0x00, 0x00, 0x00, 0x00, 0x00, 0x00, 0x00, 0x00, 0x00, 0x00, 0x00, 0x00, 0x00, 0x00,
  0x00, 0x00, 0x00, 0x00, 0x00, 0x00, 0x00, 0x00, 0x00, 0x00, 0x00, 0x00, 0x00, 0x00, 0x00, 0x00,
  0x00, 0x00, 0x00, 0x00, 0x00, 0x00, 0x00, 0x00, 0x00, 0x00, 0x00, 0x00, 0x00, 0x00, 0x00, 0x00,
  0x00, 0x00, 0x00, 0x00, 0x00, 0x00, 0x00, 0x00, 0x00, 0x00, 0x00, 0x00, 0x00, 0x00, 0x00, 0x00,
  0x00, 0x00, 0x00, 0x00, 0x00, 0x00, 0x00, 0x00, 0x00, 0x00, 0x00, 0x00, 0x00, 0x00, 0x00, 0x00,
  0x00, 0x00, 0x00, 0x00, 0x00, 0x00, 0x00, 0x00, 0x00, 0x00, 0x00, 0x00, 0x00, 0x00, 0x00, 0x00,
  0x00, 0x00, 0x00, 0x00, 0x00, 0x00, 0x00, 0x00, 0x00, 0x00, 0x00, 0x00, 0x00, 0x00, 0x00, 0x00,
  0x00, 0x00, 0x00, 0x00, 0x00, 0x00, 0x00, 0x00, 0x00, 0x00, 0x00, 0x00, 0x00, 0x00, 0x00, 0x00,
  0x00, 0x00, 0x00, 0x00, 0x00, 0x00, 0x00, 0x00, 0x00, 0x00, 0x00, 0x00, 0x00, 0x00, 0x00, 0x00,
  0x00, 0x00, 0x00, 0x00, 0x00, 0x00, 0x00, 0x00, 0x00, 0x00, 0x00, 0x00, 0x00, 0x00, 0x00, 0x00,
  0x00, 0x00, 0x00, 0x00, 0x00, 0x00, 0x00, 0x00, 0x00, 0x00, 0x00, 0x00, 0x00, 0x00, 0x20, 0x10,
  0x82, 0x40, 0xa3, 0x40, 0x04, 0x41, 0x85, 0x49, 0xe7, 0x51, 0x27, 0x4a, 0x27, 0x4a, 0x27, 0x4a,
  0x28, 0x4a, 0x28, 0x4a, 0x28, 0x4a, 0x08, 0x4a, 0x08, 0x4a, 0x08, 0x42, 0x08, 0x42, 0x08, 0x4a,
  0x07, 0x52, 0x07, 0x52, 0x07, 0x5a, 0x07, 0x5a, 0xc6, 0x51, 0xa6, 0x51, 0x85, 0x49, 0x85, 0x49,
  0x44, 0x39, 0xe3, 0x38, 0xe3, 0x38, 0x24, 0x41, 0xa6, 0x49, 0x85, 0x49, 0x03, 0x31, 0x41, 0x10,
  0x00, 0x00, 0x00, 0x00, 0x00, 0x00, 0x00, 0x00, 0x00, 0x00, 0x00, 0x00, 0x00, 0x00, 0x00, 0x00,
  0x00, 0x00, 0x00, 0x00, 0x00, 0x00, 0x00, 0x00, 0x00, 0x00, 0x00, 0x00, 0x00, 0x00, 0x00, 0x00,
  0x00, 0x00, 0x00, 0x00, 0x00, 0x00, 0x00, 0x00, 0x00, 0x00, 0x00, 0x00, 0x00, 0x00, 0x00, 0x00,
  0x00, 0x00, 0x00, 0x00, 0x00, 0x00, 0x00, 0x00, 0x00, 0x00, 0x41, 0x20, 0xa2, 0x40, 0xe4, 0x40,
  0xc7, 0x49, 0xc8, 0x41, 0xc7, 0x41, 0xe8, 0x39, 0xe8, 0x39, 0xe8, 0x39, 0xe8, 0x39, 0xc7, 0x41,
  0x66, 0x41, 0xe4, 0x38, 0x86, 0x41, 0xe7, 0x41, 0xe7, 0x41, 0xe7, 0x41, 0xc7, 0x41, 0xe7, 0x41,
  0x86, 0x39, 0x65, 0x31, 0x65, 0x31, 0x65, 0x31, 0x66, 0x31, 0x66, 0x31, 0x66, 0x31, 0x66, 0x39,
  0x05, 0x39, 0xc4, 0x30, 0x25, 0x39, 0xe8, 0x49, 0xe7, 0x41, 0xe7, 0x41, 0xe7, 0x41, 0xe7, 0x41,
  0xe7, 0x41, 0xe7, 0x41, 0xe7, 0x41, 0xe7, 0x41, 0xe7, 0x41, 0xe7, 0x41, 0xe7, 0x41, 0xe7, 0x41,
  0xe7, 0x41, 0xe7, 0x39, 0xe7, 0x39, 0xe7, 0x39, 0x07, 0x42, 0x86, 0x39, 0xe5, 0x40, 0x05, 0x39,
  0x86, 0x39, 0xa6, 0x31, 0xa6, 0x31, 0xa6, 0x31, 0xa6, 0x31, 0xa6, 0x31, 0xa6, 0x31, 0xa6, 0x31,
  0xa6, 0x39, 0xc7, 0x39, 0xc7, 0x41, 0xc7, 0x41, 0xc7, 0x41, 0xc7, 0x41, 0xc7, 0x41, 0xe7, 0x39,
  0xe7, 0x39, 0xe7, 0x39, 0xe7, 0x39, 0xe7, 0x39, 0xe8, 0x41, 0xe8, 0x41, 0x46, 0x39, 0x25, 0x39,
  0xc4, 0x38, 0x83, 0x30, 0x00, 0x00, 0x00, 0x00, 0x00, 0x00, 0x00, 0x00, 0x00, 0x00, 0x00, 0x00,
  0x00, 0x00, 0x00, 0x00, 0x00, 0x00, 0x00, 0x00, 0x00, 0x00, 0x00, 0x00, 0x00, 0x00, 0x00, 0x00,
  0x00, 0x00, 0x00, 0x00, 0x00, 0x00, 0x00, 0x00, 0x00, 0x00, 0x00, 0x00, 0x00, 0x00, 0x00, 0x00,
  0x00, 0x00, 0x00, 0x00, 0x00, 0x00, 0x00, 0x00, 0x00, 0x00, 0x00, 0x00, 0x00, 0x00, 0x00, 0x00,
  0x00, 0x00, 0x00, 0x00, 0x00, 0x00, 0x00, 0x00, 0x00, 0x00, 0x00, 0x00, 0x00, 0x00, 0x00, 0x00,
  0x00, 0x00, 0x00, 0x00, 0x00, 0x00, 0x00, 0x00, 0x00, 0x00, 0x00, 0x00, 0x00, 0x00, 0x00, 0x00,
  0x00, 0x00, 0x00, 0x00, 0x00, 0x00, 0x00, 0x00, 0x00, 0x00, 0x00, 0x00, 0x00, 0x00, 0x00, 0x00,
  0x00, 0x00, 0x00, 0x00, 0x00, 0x00, 0x00, 0x00, 0x00, 0x00, 0x00, 0x00, 0x00, 0x00, 0x00, 0x00,
  0x00, 0x00, 0x00, 0x00, 0x00, 0x00, 0x00, 0x00, 0x00, 0x00, 0x00, 0x00, 0x00, 0x00, 0x00, 0x00,
  0x00, 0x00, 0x00, 0x00, 0x00, 0x00, 0x00, 0x00, 0x00, 0x00, 0x00, 0x00, 0x00, 0x00, 0x00, 0x00,
  0x00, 0x00, 0x00, 0x00, 0x00, 0x00, 0x00, 0x00, 0x00, 0x00, 0x00, 0x00, 0x00, 0x00, 0x00, 0x00,
  0x00, 0x00, 0x00, 0x00, 0x00, 0x00, 0x00, 0x00, 0x00, 0x00, 0x00, 0x00, 0x00, 0x00, 0x00, 0x00,
  0x00, 0x00, 0x00, 0x00, 0x00, 0x00, 0x00, 0x00, 0x00, 0x00, 0x00, 0x00, 0x00, 0x00, 0x00, 0x00,
  0x00, 0x00, 0x00, 0x00, 0x00, 0x00, 0x00, 0x00, 0x00, 0x00, 0x00, 0x00, 0x00, 0x00, 0x00, 0x00,
  0x00, 0x00, 0x00, 0x00, 0x00, 0x00, 0x00, 0x00, 0x00, 0x00, 0x41, 0x18, 0x82, 0x38, 0xc2, 0x40,
  0x44, 0x49, 0x85, 0x49, 0xc5, 0x49, 0xc6, 0x49, 0xa6, 0x41, 0x86, 0x41, 0x86, 0x41, 0x86, 0x41,
  0x86, 0x41, 0x66, 0x41, 0x66, 0x41, 0x66, 0x41, 0x86, 0x51, 0x44, 0x49, 0xe3, 0x40, 0xa3, 0x38,
  0x82, 0x30, 0xa2, 0x38, 0xa2, 0x30, 0x82, 0x28, 0x41, 0x18, 0x00, 0x00, 0x00, 0x00, 0x61, 0x20,
  0x44, 0x51, 0x24, 0x49, 0x82, 0x20, 0x00, 0x00, 0x00, 0x00, 0x00, 0x00, 0x00, 0x00, 0x00, 0x00,
  0x00, 0x00, 0x00, 0x00, 0x00, 0x00, 0x00, 0x00, 0x00, 0x00, 0x00, 0x00, 0x00, 0x00, 0x00, 0x00,
  0x00, 0x00, 0x00, 0x00, 0x00, 0x00, 0x00, 0x00, 0x00, 0x00, 0x00, 0x00, 0x00, 0x00, 0x00, 0x00,
  0x00, 0x00, 0x00, 0x00, 0x00, 0x00, 0x00, 0x00, 0x00, 0x00, 0x00, 0x00, 0x00, 0x00, 0x00, 0x00,
  0x00, 0x00, 0x41, 0x20, 0xc2, 0x40, 0x24, 0x41, 0xc7, 0x41, 0xe8, 0x39, 0xc7, 0x39, 0xe8, 0x39,
  0xe8, 0x39, 0xe8, 0x39, 0xe8, 0x39, 0xc7, 0x41, 0x66, 0x41, 0xe3, 0x38, 0x86, 0x41, 0xe7, 0x41,
  0xc7, 0x41, 0xc7, 0x41, 0xc7, 0x41, 0xe7, 0x39, 0xa7, 0x39, 0x86, 0x31, 0x65, 0x31, 0x65, 0x31,
  0x66, 0x31, 0x66, 0x31, 0x66, 0x31, 0x66, 0x31, 0x25, 0x39, 0xe4, 0x30, 0x25, 0x39, 0xc7, 0x49,
  0xe7, 0x41, 0xe7, 0x41, 0xe7, 0x39, 0xe7, 0x39, 0xe7, 0x41, 0xe7, 0x41, 0xe7, 0x41, 0xe7, 0x41,
  0xe7, 0x41, 0xe7, 0x41, 0xe7, 0x41, 0xe7, 0x41, 0xe7, 0x41, 0xe7, 0x41, 0xe7, 0x39, 0xe7, 0x39,
  0x07, 0x42, 0xa6, 0x41, 0x25, 0x41, 0x05, 0x39, 0xc7, 0x41, 0xe7, 0x39, 0xc7, 0x39, 0xc7, 0x39,
  0xc7, 0x39, 0xc7, 0x39, 0xc7, 0x39, 0xc7, 0x39, 0xc7, 0x41, 0xc7, 0x41, 0xc7, 0x41, 0xc7, 0x41,
  0xc7, 0x41, 0xc7, 0x41, 0xc7, 0x41, 0xe7, 0x39, 0xe7, 0x39, 0xe7, 0x39, 0xe7, 0x39, 0xe7, 0x39,
  0xe7, 0x41, 0xc7, 0x41, 0x45, 0x31, 0x05, 0x39, 0x04, 0x41, 0xa4, 0x40, 0x00, 0x00, 0x00, 0x00,
  0x00, 0x00, 0x00, 0x00, 0x00, 0x00, 0x00, 0x00, 0x00, 0x00, 0x00, 0x00, 0x00, 0x00, 0x00, 0x00,
  0x00, 0x00, 0x00, 0x00, 0x00, 0x00, 0x00, 0x00, 0x00, 0x00, 0x00, 0x00, 0x00, 0x00, 0x00, 0x00,
  0x00, 0x00, 0x00, 0x00, 0x00, 0x00, 0x00, 0x00, 0x00, 0x00, 0x00, 0x00, 0x00, 0x00, 0x00, 0x00,
  0x00, 0x00, 0x00, 0x00, 0x00, 0x00, 0x00, 0x00, 0x00, 0x00, 0x00, 0x00, 0x00, 0x00, 0x00, 0x00,
  0x00, 0x00, 0x00, 0x00, 0x00, 0x00, 0x00, 0x00, 0x00, 0x00, 0x00, 0x00, 0x00, 0x00, 0x00, 0x00,
  0x00, 0x00, 0x00, 0x00, 0x00, 0x00, 0x00, 0x00, 0x00, 0x00, 0x00, 0x00, 0x00, 0x00, 0x00, 0x00,
  0x00, 0x00, 0x00, 0x00, 0x00, 0x00, 0x00, 0x00, 0x00, 0x00, 0x00, 0x00, 0x00, 0x00, 0x00, 0x00,
  0x00, 0x00, 0x00, 0x00, 0x00, 0x00, 0x00, 0x00, 0x00, 0x00, 0x00, 0x00, 0x00, 0x00, 0x00, 0x00,
  0x00, 0x00, 0x00, 0x00, 0x00, 0x00, 0x00, 0x00, 0x00, 0x00, 0x00, 0x00, 0x00, 0x00, 0x00, 0x00,
  0x00, 0x00, 0x00, 0x00, 0x00, 0x00, 0x00, 0x00, 0x00, 0x00, 0x00, 0x00, 0x00, 0x00, 0x00, 0x00,
  0x00, 0x00, 0x00, 0x00, 0x00, 0x00, 0x00, 0x00, 0x00, 0x00, 0x00, 0x00, 0x00, 0x00, 0x00, 0x00,
  0x00, 0x00, 0x00, 0x00, 0x00, 0x00, 0x00, 0x00, 0x00, 0x00, 0x00, 0x00, 0x00, 0x00, 0x00, 0x00,
  0x00, 0x00, 0x00, 0x00, 0x00, 0x00, 0x00, 0x00, 0x00, 0x00, 0x00, 0x00, 0x00, 0x00, 0x00, 0x00,
  0x00, 0x00, 0x00, 0x00, 0x00, 0x00, 0x00, 0x00, 0x00, 0x00, 0x00, 0x00, 0x00, 0x00, 0x00, 0x00,
  0x00, 0x00, 0x00, 0x00, 0x00, 0x00, 0x20, 0x08, 0x61, 0x28, 0xa2, 0x38, 0xa2, 0x38, 0xc3, 0x40,
  0xa2, 0x40, 0xa2, 0x40, 0xa2, 0x40, 0x82, 0x40, 0x82, 0x40, 0x82, 0x40, 0x82, 0x38, 0x82, 0x40,
  0x62, 0x40, 0x62, 0x38, 0x62, 0x30, 0x41, 0x20, 0x20, 0x10, 0x20, 0x08, 0x00, 0x00, 0x00, 0x00,
  0x00, 0x00, 0x00, 0x00, 0x00, 0x00, 0x41, 0x20, 0xc3, 0x48, 0xc3, 0x48, 0x00, 0x00, 0x00, 0x00,
  0x00, 0x00, 0x00, 0x00, 0x00, 0x00, 0x00, 0x00, 0x00, 0x00, 0x00, 0x00, 0x00, 0x00, 0x00, 0x00,
  0x00, 0x00, 0x00, 0x00, 0x00, 0x00, 0x00, 0x00, 0x00, 0x00, 0x00, 0x00, 0x00, 0x00, 0x00, 0x00,
  0x00, 0x00, 0x00, 0x00, 0x00, 0x00, 0x00, 0x00, 0x00, 0x00, 0x00, 0x00, 0x00, 0x00, 0x00, 0x00,
  0x00, 0x00, 0x00, 0x00, 0x00, 0x00, 0x00, 0x00, 0x00, 0x00, 0x41, 0x28, 0xc3, 0x48, 0x45, 0x49,
  0xc7, 0x41, 0xe8, 0x39, 0xe8, 0x39, 0xe8, 0x39, 0xe8, 0x39, 0xe8, 0x39, 0xe8, 0x39, 0xc7, 0x41,
  0x65, 0x41, 0xe4, 0x38, 0xa6, 0x41, 0xe7, 0x41, 0xc7, 0x41, 0xc7, 0x41, 0xe7, 0x41, 0xe7, 0x39,
  0xe7, 0x41, 0x86, 0x39, 0x65, 0x31, 0x65, 0x31, 0x66, 0x31, 0x66, 0x31, 0x66, 0x31, 0x66, 0x31,
  0x45, 0x31, 0x05, 0x31, 0x05, 0x39, 0x87, 0x41, 0xe7, 0x41, 0xe7, 0x39, 0xe7, 0x41, 0xe7, 0x41,
  0xe7, 0x41, 0xe7, 0x41, 0xe7, 0x41, 0xe7, 0x41, 0xe7, 0x41, 0xe7, 0x41, 0xe7, 0x41, 0xe7, 0x41,
  0xe7, 0x41, 0xe7, 0x41, 0xe7, 0x41, 0xe7, 0x39, 0x07, 0x42, 0xc7, 0x41, 0x66, 0x41, 0xe4, 0x38,
  0xc7, 0x41, 0xe7, 0x41, 0xe7, 0x39, 0xe7, 0x39, 0xe7, 0x39, 0xe7, 0x39, 0xe7, 0x39, 0xe7, 0x41,
  0xc7, 0x41, 0xc7, 0x41, 0xc7, 0x41, 0xc7, 0x41, 0xc7, 0x41, 0xc7, 0x41, 0xe7, 0x39, 0xe7, 0x39,
  0xe7, 0x39, 0xe7, 0x39, 0xe7, 0x39, 0xe7, 0x39, 0xc7, 0x39, 0xa7, 0x41, 0xe8, 0x49, 0xe8, 0x49,
  0x66, 0x49, 0xa3, 0x38, 0x41, 0x18, 0x00, 0x00, 0x00, 0x00, 0x00, 0x00, 0x00, 0x00, 0x00, 0x00,
  0x00, 0x00, 0x00, 0x00, 0x00, 0x00, 0x00, 0x00, 0x00, 0x00, 0x00, 0x00, 0x00, 0x00, 0x00, 0x00,
  0x00, 0x00, 0x00, 0x00, 0x00, 0x00, 0x00, 0x00, 0x00, 0x00, 0x00, 0x00, 0x00, 0x00, 0x00, 0x00,
  0x00, 0x00, 0x00, 0x00, 0x00, 0x00, 0x00, 0x00, 0x00, 0x00, 0x00, 0x00, 0x00, 0x00, 0x00, 0x00,
  0x00, 0x00, 0x00, 0x00, 0x00, 0x00, 0x00, 0x00, 0x00, 0x00, 0x00, 0x00, 0x00, 0x00, 0x00, 0x00,
  0x00, 0x00, 0x00, 0x00, 0x00, 0x00, 0x00, 0x00, 0x00, 0x00, 0x00, 0x00, 0x00, 0x00, 0x00, 0x00,
  0x00, 0x00, 0x00, 0x00, 0x00, 0x00, 0x00, 0x00, 0x00, 0x00, 0x00, 0x00, 0x00, 0x00, 0x00, 0x00,
  0x00, 0x00, 0x00, 0x00, 0x00, 0x00, 0x00, 0x00, 0x00, 0x00, 0x00, 0x00, 0x00, 0x00, 0x00, 0x00,
  0x00, 0x00, 0x00, 0x00, 0x00, 0x00, 0x00, 0x00, 0x00, 0x00, 0x00, 0x00, 0x00, 0x00, 0x00, 0x00,
  0x00, 0x00, 0x00, 0x00, 0x00, 0x00, 0x00, 0x00, 0x00, 0x00, 0x00, 0x00, 0x00, 0x00, 0x00, 0x00,
  0x00, 0x00, 0x00, 0x00, 0x00, 0x00, 0x00, 0x00, 0x00, 0x00, 0x00, 0x00, 0x00, 0x00, 0x00, 0x00,
  0x00, 0x00, 0x00, 0x00, 0x00, 0x00, 0x00, 0x00, 0x00, 0x00, 0x00, 0x00, 0x00, 0x00, 0x00, 0x00,
  0x00, 0x00, 0x00, 0x00, 0x00, 0x00, 0x00, 0x00, 0x00, 0x00, 0x00, 0x00, 0x00, 0x00, 0x00, 0x00,
  0x00, 0x00, 0x00, 0x00, 0x00, 0x00, 0x00, 0x00, 0x00, 0x00, 0x00, 0x00, 0x00, 0x00, 0x00, 0x00,
  0x00, 0x00, 0x00, 0x00, 0x00, 0x00, 0x00, 0x00, 0x00, 0x00, 0x00, 0x00, 0x00, 0x00, 0x00, 0x00,
  0x00, 0x00, 0x00, 0x00, 0x00, 0x00, 0x20, 0x10, 0x20, 0x10, 0x20, 0x10, 0x00, 0x08, 0x00, 0x08,
  0x20, 0x08, 0x20, 0x10, 0x20, 0x10, 0x00, 0x08, 0x00, 0x08, 0x00, 0x00, 0x00, 0x00, 0x00, 0x00,
  0x00, 0x00, 0x00, 0x00, 0x00, 0x00, 0x00, 0x00, 0x00, 0x00, 0x00, 0x00, 0x00, 0x00, 0x00, 0x00,
  0x62, 0x48, 0x41, 0x28, 0x00, 0x00, 0x00, 0x00, 0x00, 0x00, 0x00, 0x00, 0x00, 0x00, 0x00, 0x00,
  0x00, 0x00, 0x00, 0x00, 0x00, 0x00, 0x00, 0x00, 0x00, 0x00, 0x00, 0x00, 0x00, 0x00, 0x00, 0x00,
  0x00, 0x00, 0x00, 0x00, 0x00, 0x00, 0x00, 0x00, 0x00, 0x00, 0x00, 0x00, 0x00, 0x00, 0x00, 0x00,
  0x00, 0x00, 0x00, 0x00, 0x00, 0x00, 0x00, 0x00, 0x00, 0x00, 0x00, 0x00, 0x00, 0x00, 0x00, 0x00,
  0x00, 0x00, 0x41, 0x30, 0xc3, 0x48, 0x65, 0x49, 0xc7, 0x41, 0xe8, 0x39, 0xe8, 0x39, 0xe8, 0x39,
  0xe8, 0x39, 0xe8, 0x39, 0xe8, 0x39, 0xc7, 0x41, 0x65, 0x41, 0xe4, 0x38, 0xa6, 0x41, 0xe7, 0x41,
  0xc7, 0x41, 0xc7, 0x41, 0xe7, 0x41, 0xe7, 0x39, 0xe8, 0x41, 0xa7, 0x39, 0x86, 0x31, 0x65, 0x31,
  0x66, 0x31, 0x66, 0x31, 0x66, 0x31, 0x66, 0x31, 0x45, 0x31, 0x25, 0x31, 0x25, 0x41, 0x46, 0x41,
  0xe7, 0x41, 0xe7, 0x39, 0xe7, 0x41, 0xe7, 0x41, 0xe7, 0x41, 0xe7, 0x41, 0xe7, 0x41, 0xe7, 0x41,
  0xe7, 0x41, 0xe7, 0x41, 0xe7, 0x41, 0xe7, 0x41, 0xe7, 0x41, 0xe7, 0x41, 0xe7, 0x41, 0xe7, 0x41,
  0x07, 0x42, 0x07, 0x42, 0x86, 0x41, 0x04, 0x39, 0xa7, 0x41, 0xc7, 0x41, 0xc7, 0x41, 0xc7, 0x39,
  0xc7, 0x39, 0xc7, 0x39, 0xc7, 0x39, 0xc7, 0x39, 0xc7, 0x39, 0xc7, 0x39, 0xc7, 0x41, 0xc7, 0x41,
  0xc7, 0x41, 0xc7, 0x41, 0xc7, 0x41, 0xc7, 0x41, 0xc7, 0x41, 0xc7, 0x41, 0xc7, 0x41, 0xc7, 0x41,
  0xa7, 0x39, 0x86, 0x39, 0xe7, 0x41, 0xc7, 0x41, 0xa6, 0x49, 0x83, 0x30, 0xa3, 0x30, 0x00, 0x00,
  0x00, 0x00, 0x00, 0x00, 0x00, 0x00, 0x00, 0x00, 0x00, 0x00, 0x00, 0x00, 0x00, 0x00, 0x00, 0x00,
  0x00, 0x00, 0x00, 0x00, 0x00, 0x00, 0x00, 0x00, 0x00, 0x00, 0x00, 0x00, 0x00, 0x00, 0x00, 0x00,
  0x00, 0x00, 0x00, 0x00, 0x00, 0x00, 0x00, 0x00, 0x00, 0x00, 0x00, 0x00, 0x00, 0x00, 0x00, 0x00,
  0x00, 0x00, 0x00, 0x00, 0x00, 0x00, 0x00, 0x00, 0x00, 0x00, 0x00, 0x00, 0x00, 0x00, 0x00, 0x00,
  0x00, 0x00, 0x00, 0x00, 0x00, 0x00, 0x00, 0x00, 0x00, 0x00, 0x00, 0x00, 0x00, 0x00, 0x00, 0x00,
  0x00, 0x00, 0x00, 0x00, 0x00, 0x00, 0x00, 0x00, 0x00, 0x00, 0x00, 0x00, 0x00, 0x00, 0x00, 0x00,
  0x00, 0x00, 0x00, 0x00, 0x00, 0x00, 0x00, 0x00, 0x00, 0x00, 0x00, 0x00, 0x00, 0x00, 0x00, 0x00,
  0x00, 0x00, 0x00, 0x00, 0x00, 0x00, 0x00, 0x00, 0x00, 0x00, 0x00, 0x00, 0x00, 0x00, 0x00, 0x00,
  0x00, 0x00, 0x00, 0x00, 0x00, 0x00, 0x00, 0x00, 0x00, 0x00, 0x00, 0x00, 0x00, 0x00, 0x00, 0x00,
  0x00, 0x00, 0x00, 0x00, 0x00, 0x00, 0x00, 0x00, 0x00, 0x00, 0x00, 0x00, 0x00, 0x00, 0x00, 0x00,
  0x00, 0x00, 0x00, 0x00, 0x00, 0x00, 0x00, 0x00, 0x00, 0x00, 0x00, 0x00, 0x00, 0x00, 0x00, 0x00,
  0x00, 0x00, 0x00, 0x00, 0x00, 0x00, 0x00, 0x00, 0x00, 0x00, 0x00, 0x00, 0x00, 0x00, 0x00, 0x00,
  0x00, 0x00, 0x00, 0x00, 0x00, 0x00, 0x00, 0x00, 0x00, 0x00, 0x00, 0x00, 0x00, 0x00, 0x00, 0x00,
  0x00, 0x00, 0x00, 0x00, 0x00, 0x00, 0x00, 0x00, 0x00, 0x00, 0x00, 0x00, 0x00, 0x00, 0x00, 0x00,
  0x00, 0x00, 0x00, 0x00, 0x00, 0x00, 0x00, 0x00, 0x00, 0x00, 0x00, 0x00, 0x00, 0x00, 0x00, 0x00,
  0x00, 0x00, 0x00, 0x00, 0x00, 0x00, 0x00, 0x00, 0x00, 0x00, 0x00, 0x00, 0x00, 0x00, 0x00, 0x00,
  0x00, 0x00, 0x00, 0x00, 0x00, 0x00, 0x00, 0x00, 0x00, 0x00, 0x00, 0x00, 0x00, 0x00, 0x00, 0x00,
  0x00, 0x00, 0x00, 0x00, 0x00, 0x00, 0x00, 0x00, 0x21, 0x18, 0x00, 0x08, 0x00, 0x00, 0x00, 0x00,
  0x00, 0x00, 0x00, 0x00, 0x00, 0x00, 0x00, 0x00, 0x00, 0x00, 0x00, 0x00, 0x00, 0x00, 0x00, 0x00,
  0x00, 0x00, 0x00, 0x00, 0x00, 0x00, 0x00, 0x00, 0x00, 0x00, 0x00, 0x00, 0x00, 0x00, 0x00, 0x00,
  0x00, 0x00, 0x00, 0x00, 0x00, 0x00, 0x00, 0x00, 0x00, 0x00, 0x00, 0x00, 0x00, 0x00, 0x00, 0x00,
  0x00, 0x00, 0x00, 0x00, 0x00, 0x00, 0x00, 0x00, 0x00, 0x00, 0x82, 0x48, 0x82, 0x38, 0x45, 0x49,
  0xc7, 0x41, 0xc7, 0x41, 0xc7, 0x39, 0xc7, 0x39, 0xe8, 0x39, 0xe8, 0x39, 0xe8, 0x39, 0xc7, 0x41,
  0x45, 0x41, 0x25, 0x41, 0xa6, 0x41, 0xe7, 0x41, 0xc7, 0x41, 0xc7, 0x41, 0xc7, 0x41, 0xc7, 0x39,
  0xe8, 0x41, 0xe8, 0x41, 0xa7, 0x39, 0x86, 0x31, 0x66, 0x31, 0x66, 0x31, 0x66, 0x31, 0x66, 0x31,
  0x66, 0x31, 0x45, 0x31, 0x05, 0x39, 0x05, 0x39, 0xe7, 0x41, 0x08, 0x42, 0xe8, 0x41, 0xc7, 0x41,
  0xe7, 0x41, 0xe7, 0x41, 0xe7, 0x41, 0xe7, 0x41, 0xe7, 0x41, 0xe7, 0x41, 0xe7, 0x41, 0xe7, 0x41,
  0xe7, 0x39, 0xe7, 0x39, 0xe7, 0x41, 0xe7, 0x41, 0xe7, 0x39, 0x07, 0x42, 0xc7, 0x41, 0x86, 0x41,
  0x04, 0x31, 0xc7, 0x49, 0xc7, 0x41, 0xc7, 0x39, 0xc7, 0x39, 0xc7, 0x39, 0xc7, 0x41, 0xc7, 0x41,
  0xc7, 0x41, 0xc7, 0x41, 0xc7, 0x41, 0xc7, 0x41, 0xe7, 0x41, 0xe7, 0x41, 0xe7, 0x41, 0xc7, 0x41,
  0xc7, 0x41, 0xc7, 0x41, 0xe7, 0x41, 0xe7, 0x41, 0xc7, 0x41, 0xe7, 0x39, 0xe7, 0x39, 0xc7, 0x41,
  0xe7, 0x49, 0x25, 0x41, 0x25, 0x49, 0x00, 0x00, 0x00, 0x00, 0x00, 0x00, 0x00, 0x00, 0x00, 0x00,
  0x00, 0x00, 0x00, 0x00, 0x00, 0x00, 0x00, 0x00, 0x00, 0x00, 0x00, 0x00, 0x00, 0x00, 0x00, 0x00,
  0x00, 0x00, 0x00, 0x00, 0x00, 0x00, 0x00, 0x00, 0x00, 0x00, 0x00, 0x00, 0x00, 0x00, 0x00, 0x00,
  0x00, 0x00, 0x00, 0x00, 0x00, 0x00, 0x00, 0x00, 0x00, 0x00, 0x00, 0x00, 0x00, 0x00, 0x00, 0x00,
  0x00, 0x00, 0x00, 0x00, 0x00, 0x00, 0x00, 0x00, 0x00, 0x00, 0x00, 0x00, 0x00, 0x00, 0x00, 0x00,
  0x00, 0x00, 0x00, 0x00, 0x00, 0x00, 0x00, 0x00, 0x00, 0x00, 0x00, 0x00, 0x00, 0x00, 0x00, 0x00,
  0x00, 0x00, 0x00, 0x00, 0x00, 0x00, 0x00, 0x00, 0x00, 0x00, 0x00, 0x00, 0x00, 0x00, 0x00, 0x00,
  0x00, 0x00, 0x00, 0x00, 0x00, 0x00, 0x00, 0x00, 0x00, 0x00, 0x00, 0x00, 0x00, 0x00, 0x00, 0x00,
  0x00, 0x00, 0x00, 0x00, 0x00, 0x00, 0x00, 0x00, 0x00, 0x00, 0x00, 0x00, 0x00, 0x00, 0x00, 0x00,
  0x00, 0x00, 0x00, 0x00, 0x00, 0x00, 0x00, 0x00, 0x00, 0x00, 0x00, 0x00, 0x00, 0x00, 0x00, 0x00,
  0x00, 0x00, 0x00, 0x00, 0x00, 0x00, 0x00, 0x00, 0x00, 0x00, 0x00, 0x00, 0x00, 0x00, 0x00, 0x00,
  0x00, 0x00, 0x00, 0x00, 0x00, 0x00, 0x00, 0x00, 0x00, 0x00, 0x00, 0x00, 0x00, 0x00, 0x00, 0x00,
  0x00, 0x00, 0x00, 0x00, 0x00, 0x00, 0x00, 0x00, 0x00, 0x00, 0x00, 0x00, 0x00, 0x00, 0x00, 0x00,
  0x00, 0x00, 0x00, 0x00, 0x00, 0x00, 0x00, 0x00, 0x00, 0x00, 0x00, 0x00, 0x00, 0x00, 0x00, 0x00,
  0x00, 0x00, 0x00, 0x00, 0x00, 0x00, 0x00, 0x00, 0x00, 0x00, 0x00, 0x00, 0x00, 0x00, 0x00, 0x00,
  0x00, 0x00, 0x00, 0x00, 0x00, 0x00, 0x00, 0x00, 0x00, 0x00, 0x00, 0x00, 0x00, 0x00, 0x00, 0x00,
  0x00, 0x00, 0x00, 0x00, 0x00, 0x00, 0x00, 0x00, 0x00, 0x00, 0x00, 0x00, 0x00, 0x00, 0x00, 0x00,
  0x00, 0x00, 0x00, 0x00, 0x00, 0x00, 0x00, 0x00, 0x00, 0x00, 0x00, 0x00, 0x00, 0x00, 0x00, 0x00,
  0x00, 0x00, 0x00, 0x00, 0x00, 0x00, 0x00, 0x00, 0x00, 0x00, 0x00, 0x00, 0x00, 0x00, 0x00, 0x00,
  0x00, 0x00, 0x00, 0x00, 0x00, 0x00, 0x00, 0x00, 0x00, 0x00, 0x00, 0x00, 0x00, 0x00, 0x00, 0x00,
  0x00, 0x00, 0x00, 0x00, 0x00, 0x00, 0x00, 0x00, 0x00, 0x00, 0x00, 0x00, 0x00, 0x00, 0x00, 0x00,
  0x00, 0x00, 0x00, 0x00, 0x00, 0x00, 0x00, 0x00, 0x00, 0x00, 0x00, 0x00, 0x00, 0x00, 0x00, 0x00,
  0x00, 0x08, 0xa2, 0x48, 0xa2, 0x40, 0x65, 0x49, 0xc7, 0x41, 0xc7, 0x41, 0xc7, 0x39, 0xc7, 0x39,
  0xe8, 0x39, 0xe8, 0x39, 0xe8, 0x39, 0xc7, 0x41, 0x45, 0x41, 0x25, 0x41, 0xa6, 0x41, 0xe7, 0x41,
  0xc7, 0x41, 0xc7, 0x41, 0xc7, 0x41, 0xc7, 0x39, 0xc7, 0x41, 0xe8, 0x41, 0xe8, 0x41, 0xa7, 0x39,
  0x86, 0x31, 0x66, 0x31, 0x66, 0x31, 0x66, 0x31, 0x86, 0x31, 0x65, 0x31, 0x05, 0x39, 0xe4, 0x38,
  0xa7, 0x41, 0xe8, 0x41, 0xe8, 0x41, 0xc7, 0x41, 0xe7, 0x41, 0xe7, 0x41, 0xe7, 0x41, 0xe7, 0x41,
  0xe7, 0x41, 0xe7, 0x41, 0xe7, 0x41, 0xe7, 0x41, 0xe7, 0x39, 0xe7, 0x39, 0xe7, 0x41, 0xe7, 0x41,
  0xe7, 0x39, 0x07, 0x3a, 0xe7, 0x41, 0xc7, 0x49, 0x25, 0x39, 0x87, 0x49, 0xc7, 0x41, 0xc7, 0x39,
  0xc7, 0x39, 0xc7, 0x39, 0xc7, 0x41, 0xc7, 0x41, 0xc7, 0x41, 0xc7, 0x41, 0xc7, 0x41, 0xc7, 0x41,
  0xe7, 0x41, 0xe7, 0x41, 0xc7, 0x41, 0xc7, 0x41, 0xc7, 0x41, 0xc7, 0x41, 0xe7, 0x41, 0xe7, 0x41,
  0xc7, 0x41, 0xe7, 0x39, 0xe7, 0x39, 0xe7, 0x39, 0xe7, 0x49, 0x66, 0x41, 0x25, 0x41, 0x41, 0x10,
  0x00, 0x00, 0x00, 0x00, 0x00, 0x00, 0x00, 0x00, 0x00, 0x00, 0x00, 0x00, 0x00, 0x00, 0x00, 0x00,
  0x00, 0x00, 0x00, 0x00, 0x00, 0x00, 0x00, 0x00, 0x00, 0x00, 0x00, 0x00, 0x00, 0x00, 0x00, 0x00,
  0x00, 0x00, 0x00, 0x00, 0x00, 0x00, 0x00, 0x00, 0x00, 0x00, 0x00, 0x00, 0x00, 0x00, 0x00, 0x00,
  0x00, 0x00, 0x00, 0x00, 0x00, 0x00, 0x00, 0x00, 0x00, 0x00, 0x00, 0x00, 0x00, 0x00, 0x00, 0x00,
  0x00, 0x00, 0x00, 0x00, 0x00, 0x00, 0x00, 0x00, 0x00, 0x00, 0x00, 0x00, 0x00, 0x00, 0x00, 0x00,
  0x00, 0x00, 0x00, 0x00, 0x00, 0x00, 0x00, 0x00, 0x00, 0x00, 0x00, 0x00, 0x00, 0x00, 0x00, 0x00,
  0x00, 0x00, 0x00, 0x00, 0x00, 0x00, 0x00, 0x00, 0x00, 0x00, 0x00, 0x00, 0x00, 0x00, 0x00, 0x00,
  0x00, 0x00, 0x00, 0x00, 0x00, 0x00, 0x00, 0x00, 0x00, 0x00, 0x00, 0x00, 0x00, 0x00, 0x00, 0x00,
  0x00, 0x00, 0x00, 0x00, 0x00, 0x00, 0x00, 0x00, 0x00, 0x00, 0x00, 0x00, 0x00, 0x00, 0x00, 0x00,
  0x00, 0x00, 0x00, 0x00, 0x00, 0x00, 0x00, 0x00, 0x00, 0x00, 0x00, 0x00, 0x00, 0x00, 0x00, 0x00,
  0x00, 0x00, 0x00, 0x00, 0x00, 0x00, 0x00, 0x00, 0x00, 0x00, 0x00, 0x00, 0x00, 0x00, 0x00, 0x00,
  0x00, 0x00, 0x00, 0x00, 0x00, 0x00, 0x00, 0x00, 0x00, 0x00, 0x00, 0x00, 0x00, 0x00, 0x00, 0x00,
  0x00, 0x00, 0x00, 0x00, 0x00, 0x00, 0x00, 0x00, 0x00, 0x00, 0x00, 0x00, 0x00, 0x00, 0x00, 0x00,
  0x00, 0x00, 0x00, 0x00, 0x00, 0x00, 0x00, 0x00, 0x00, 0x00, 0x00, 0x00, 0x00, 0x00, 0x00, 0x00,
  0x00, 0x00, 0x00, 0x00, 0x00, 0x00, 0x00, 0x00, 0x00, 0x00, 0x00, 0x00, 0x00, 0x00, 0x00, 0x00,
  0x00, 0x00, 0x00, 0x00, 0x00, 0x00, 0x00, 0x00, 0x00, 0x00, 0x00, 0x00, 0x00, 0x00, 0x00, 0x00,
  0x00, 0x00, 0x00, 0x00, 0x00, 0x00, 0x00, 0x00, 0x00, 0x00, 0x00, 0x00, 0x00, 0x00, 0x00, 0x00,
  0x00, 0x00, 0x00, 0x00, 0x00, 0x00, 0x00, 0x00, 0x00, 0x00, 0x00, 0x00, 0x00, 0x00, 0x00, 0x00,
  0x00, 0x00, 0x00, 0x00, 0x00, 0x00, 0x00, 0x00, 0x00, 0x00, 0x00, 0x00, 0x00, 0x00, 0x00, 0x00,
  0x00, 0x00, 0x00, 0x00, 0x00, 0x00, 0x00, 0x00, 0x00, 0x00, 0x00, 0x00, 0x00, 0x00, 0x00, 0x00,
  0x00, 0x00, 0x00, 0x00, 0x00, 0x00, 0x00, 0x00, 0x00, 0x00, 0x00, 0x00, 0x00, 0x00, 0x00, 0x00,
  0x00, 0x00, 0x00, 0x00, 0x00, 0x00, 0x00, 0x00, 0x20, 0x10, 0x82, 0x48, 0xa2, 0x40, 0x86, 0x51,
  0xc7, 0x41, 0xc7, 0x41, 0xe7, 0x39, 0xe7, 0x39, 0xe7, 0x39, 0xe7, 0x39, 0xe7, 0x39, 0xc7, 0x41,
  0x45, 0x41, 0x25, 0x41, 0xa6, 0x41, 0xe7, 0x41, 0xc7, 0x41, 0xc7, 0x41, 0xc7, 0x41, 0xc7, 0x39,
  0xc7, 0x41, 0xc7, 0x41, 0xe8, 0x41, 0xe8, 0x41, 0xa7, 0x39, 0x86, 0x31, 0x66, 0x31, 0x66, 0x31,
  0x86, 0x31, 0x65, 0x31, 0x25, 0x39, 0x05, 0x39, 0x46, 0x39, 0xc7, 0x41, 0xe8, 0x41, 0xe7, 0x41,
  0xe7, 0x41, 0xe7, 0x41, 0xe7, 0x41, 0xe7, 0x41, 0xe7, 0x41, 0xe7, 0x41, 0xe7, 0x41, 0xe7, 0x41,
  0xe7, 0x39, 0xe7, 0x39, 0xe7, 0x41, 0xe7, 0x41, 0xe7, 0x39, 0x07, 0x3a, 0xe7, 0x39, 0xe7, 0x49,
  0x25, 0x41, 0x46, 0x49, 0xc7, 0x49, 0xc7, 0x41, 0xc7, 0x39, 0xc7, 0x39, 0xc7, 0x41, 0xc7, 0x41,
  0xc7, 0x41, 0xc7, 0x41, 0xe7, 0x41, 0xe7, 0x41, 0xe7, 0x41, 0xe7, 0x41, 0xe7, 0x41, 0xc7, 0x41,
  0xc7, 0x41, 0xc7, 0x41, 0xc7, 0x41, 0xe7, 0x41, 0xc7, 0x41, 0xe7, 0x39, 0xe7, 0x39, 0xe7, 0x39,
  0xe7, 0x41, 0xa6, 0x41, 0x45, 0x41, 0xa3, 0x28, 0x20, 0x08, 0x00, 0x00, 0x00, 0x00, 0x00, 0x00,
  0x00, 0x00, 0x00, 0x00, 0x00, 0x00, 0x00, 0x00, 0x00, 0x00, 0x00, 0x00, 0x00, 0x00, 0x00, 0x00,
  0x00, 0x00, 0x00, 0x00, 0x00, 0x00, 0x00, 0x00, 0x00, 0x00, 0x00, 0x00, 0x00, 0x00, 0x00, 0x00,
  0x00, 0x00, 0x00, 0x00, 0x00, 0x00, 0x00, 0x00, 0x00, 0x00, 0x00, 0x00, 0x00, 0x00, 0x00, 0x00,
  0x00, 0x00, 0x00, 0x00, 0x00, 0x00, 0x00, 0x00, 0x00, 0x00, 0x00, 0x00, 0x00, 0x00, 0x00, 0x00,
  0x00, 0x00, 0x00, 0x00, 0x00, 0x00, 0x00, 0x00, 0x00, 0x00, 0x00, 0x00, 0x00, 0x00, 0x00, 0x00,
  0x00, 0x00, 0x00, 0x00, 0x00, 0x00, 0x00, 0x00, 0x00, 0x00, 0x00, 0x00, 0x00, 0x00, 0x00, 0x00,
  0x00, 0x00, 0x00, 0x00, 0x00, 0x00, 0x00, 0x00, 0x00, 0x00, 0x00, 0x00, 0x00, 0x00, 0x00, 0x00,
  0x00, 0x00, 0x00, 0x00, 0x00, 0x00, 0x00, 0x00, 0x00, 0x00, 0x00, 0x00, 0x00, 0x00, 0x00, 0x00,
  0x00, 0x00, 0x00, 0x00, 0x00, 0x00, 0x00, 0x00, 0x00, 0x00, 0x00, 0x00, 0x00, 0x00, 0x00, 0x00,
  0x00, 0x00, 0x00, 0x00, 0x00, 0x00, 0x00, 0x00, 0x00, 0x00, 0x00, 0x00, 0x00, 0x00, 0x00, 0x00,
  0x00, 0x00, 0x00, 0x00, 0x00, 0x00, 0x00, 0x00, 0x00, 0x00, 0x00, 0x00, 0x00, 0x00, 0x00, 0x00,
  0x00, 0x00, 0x00, 0x00, 0x00, 0x00, 0x00, 0x00, 0x00, 0x00, 0x00, 0x00, 0x00, 0x00, 0x00, 0x00,
  0x00, 0x00, 0x00, 0x00, 0x00, 0x00, 0x00, 0x00, 0x00, 0x00, 0x00, 0x00, 0x00, 0x00, 0x00, 0x00,
  0x00, 0x00, 0x00, 0x00, 0x00, 0x00, 0x00, 0x00, 0x00, 0x00, 0x00, 0x00, 0x00, 0x00, 0x00, 0x00,
  0x00, 0x00, 0x00, 0x00, 0x00, 0x00, 0x00, 0x00, 0x00, 0x00, 0x00, 0x00, 0x00, 0x00, 0x00, 0x00,
  0x00, 0x00, 0x00, 0x00, 0x00, 0x00, 0x00, 0x00, 0x00, 0x00, 0x00, 0x00, 0x00, 0x00, 0x00, 0x00,
  0x00, 0x00, 0x00, 0x00, 0x00, 0x00, 0x00, 0x00, 0x00, 0x00, 0x00, 0x00, 0x00, 0x00, 0x00, 0x00,
  0x00, 0x00, 0x00, 0x00, 0x00, 0x00, 0x00, 0x00, 0x00, 0x00, 0x00, 0x00, 0x00, 0x00, 0x00, 0x00,
  0x00, 0x00, 0x00, 0x00, 0x00, 0x00, 0x00, 0x00, 0x00, 0x00, 0x00, 0x00, 0x00, 0x00, 0x00, 0x00,
  0x00, 0x00, 0x00, 0x00, 0x00, 0x00, 0x00, 0x00, 0x00, 0x00, 0x00, 0x00, 0x00, 0x00, 0x00, 0x00,
  0x00, 0x00, 0x00, 0x00, 0x00, 0x00, 0x00, 0x00, 0x00, 0x00, 0x00, 0x00, 0x00, 0x00, 0x00, 0x00,
  0x21, 0x20, 0x82, 0x48, 0xc3, 0x40, 0xc7, 0x51, 0xc7, 0x41, 0xc7, 0x41, 0xe7, 0x39, 0xe7, 0x39,
  0xe7, 0x39, 0xe7, 0x39, 0xe7, 0x39, 0xc7, 0x41, 0x45, 0x41, 0x45, 0x41, 0xa7, 0x41, 0xe7, 0x41,
  0xc7, 0x41, 0xc7, 0x41, 0xc7, 0x41, 0xc7, 0x39, 0xc7, 0x41, 0xc7, 0x41, 0xc7, 0x41, 0xe8, 0x41,
  0xc7, 0x41, 0xa7, 0x39, 0x86, 0x31, 0x66, 0x31, 0x86, 0x31, 0x65, 0x31, 0x25, 0x31, 0x05, 0x39,
  0x25, 0x39, 0x66, 0x41, 0xe7, 0x41, 0xe7, 0x39, 0xe7, 0x41, 0xe7, 0x41, 0xe7, 0x41, 0xe7, 0x41,
  0xe7, 0x41, 0xe7, 0x41, 0xe7, 0x41, 0xe7, 0x41, 0xe7, 0x39, 0xe7, 0x39, 0xe7, 0x41, 0xe7, 0x41,
  0xe7, 0x39, 0xe7, 0x39, 0xe7, 0x39, 0xe7, 0x41, 0x46, 0x41, 0x25, 0x41, 0xc7, 0x49, 0xe7, 0x41,
  0xc7, 0x39, 0xc7, 0x39, 0xc7, 0x41, 0xc7, 0x41, 0xc7, 0x41, 0xc7, 0x41, 0xe7, 0x41, 0xe7, 0x41,
  0xe7, 0x41, 0xe7, 0x41, 0xe7, 0x41, 0xc7, 0x41, 0xc7, 0x41, 0xc7, 0x41, 0xc7, 0x41, 0xe7, 0x41,
  0xc7, 0x41, 0xe7, 0x39, 0xe7, 0x39, 0xe7, 0x39, 0x08, 0x4a, 0xa6, 0x41, 0x25, 0x41, 0x05, 0x41,
  0x21, 0x08, 0x00, 0x00, 0x00, 0x00, 0x00, 0x00, 0x00, 0x00, 0x00, 0x00, 0x00, 0x00, 0x00, 0x00,
  0x00, 0x00, 0x00, 0x00, 0x00, 0x00, 0x00, 0x00, 0x00, 0x00, 0x00, 0x00, 0x00, 0x00, 0x00, 0x00,
  0x00, 0x00, 0x00, 0x00, 0x00, 0x00, 0x00, 0x00, 0x00, 0x00, 0x00, 0x00, 0x00, 0x00, 0x00, 0x00,
  0x00, 0x00, 0x00, 0x00, 0x00, 0x00, 0x00, 0x00, 0x00, 0x00, 0x00, 0x00, 0x00, 0x00, 0x00, 0x00,
  0x00, 0x00, 0x00, 0x00, 0x00, 0x00, 0x00, 0x00, 0x00, 0x00, 0x00, 0x00, 0x00, 0x00, 0x00, 0x00,
  0x00, 0x00, 0x00, 0x00, 0x00, 0x00, 0x00, 0x00, 0x00, 0x00, 0x00, 0x00, 0x00, 0x00, 0x00, 0x00,
  0x00, 0x00, 0x00, 0x00, 0x00, 0x00, 0x00, 0x00, 0x00, 0x00, 0x00, 0x00, 0x00, 0x00, 0x00, 0x00,
  0x00, 0x00, 0x00, 0x00, 0x00, 0x00, 0x00, 0x00, 0x00, 0x00, 0x00, 0x00, 0x00, 0x00, 0x00, 0x00,
  0x00, 0x00, 0x00, 0x00, 0x00, 0x00, 0x00, 0x00, 0x00, 0x00, 0x00, 0x00, 0x00, 0x00, 0x00, 0x00,
  0x00, 0x00, 0x00, 0x00, 0x00, 0x00, 0x00, 0x00, 0x00, 0x00, 0x00, 0x00, 0x00, 0x00, 0x00, 0x00,
  0x00, 0x00, 0x00, 0x00, 0x00, 0x00, 0x00, 0x00, 0x00, 0x00, 0x00, 0x00, 0x00, 0x00, 0x00, 0x00,
  0x00, 0x00, 0x00, 0x00, 0x00, 0x00, 0x00, 0x00, 0x00, 0x00, 0x00, 0x00, 0x00, 0x00, 0x00, 0x00,
  0x00, 0x00, 0x00, 0x00, 0x00, 0x00, 0x00, 0x00, 0x00, 0x00, 0x00, 0x00, 0x00, 0x00, 0x00, 0x00,
  0x00, 0x00, 0x00, 0x00, 0x00, 0x00, 0x00, 0x00, 0x00, 0x00, 0x00, 0x00, 0x00, 0x00, 0x00, 0x00,
  0x00, 0x00, 0x00, 0x00, 0x00, 0x00, 0x00, 0x00, 0x00, 0x00, 0x00, 0x00, 0x00, 0x00, 0x00, 0x00,
  0x00, 0x00, 0x00, 0x00, 0x00, 0x00, 0x00, 0x00, 0x00, 0x00, 0x00, 0x00, 0x00, 0x00, 0x00, 0x00,
  0x00, 0x00, 0x00, 0x00, 0x00, 0x00, 0x00, 0x00, 0x00, 0x00, 0x00, 0x00, 0x00, 0x00, 0x00, 0x00,
  0x00, 0x00, 0x00, 0x00, 0x00, 0x00, 0x00, 0x00, 0x00, 0x00, 0x00, 0x00, 0x00, 0x00, 0x00, 0x00,
  0x00, 0x00, 0x00, 0x00, 0x00, 0x00, 0x00, 0x00, 0x00, 0x00, 0x00, 0x00, 0x00, 0x00, 0x00, 0x00,
  0x00, 0x00, 0x00, 0x00, 0x00, 0x00, 0x00, 0x00, 0x00, 0x00, 0x00, 0x00, 0x00, 0x00, 0x00, 0x00,
  0x00, 0x00, 0x00, 0x00, 0x00, 0x00, 0x00, 0x00, 0x00, 0x00, 0x00, 0x00, 0x00, 0x00, 0x00, 0x00,
  0x00, 0x00, 0x00, 0x00, 0x00, 0x00, 0x00, 0x00, 0x41, 0x28, 0x83, 0x48, 0x25, 0x41, 0xa6, 0x49,
  0xc7, 0x41, 0xc7, 0x41, 0xe7, 0x39, 0xe7, 0x39, 0xe7, 0x41, 0xe7, 0x41, 0xe7, 0x39, 0xc7, 0x41,
  0x46, 0x41, 0x45, 0x39, 0xc7, 0x39, 0xe7, 0x41, 0xc7, 0x41, 0xc7, 0x41, 0xe7, 0x41, 0xe7, 0x41,
  0xe7, 0x41, 0xe7, 0x41, 0xe7, 0x41, 0xe7, 0x41, 0xe7, 0x41, 0xc7, 0x39, 0xa6, 0x39, 0x86, 0x31,
  0x86, 0x31, 0x65, 0x31, 0x25, 0x31, 0x04, 0x39, 0xc4, 0x38, 0xa7, 0x49, 0xc7, 0x41, 0xe7, 0x41,
  0xe7, 0x41, 0xe7, 0x41, 0xe7, 0x41, 0xe7, 0x41, 0xe7, 0x41, 0xe7, 0x41, 0xe7, 0x41, 0xe7, 0x41,
  0xe7, 0x41, 0xe7, 0x41, 0xc7, 0x41, 0xc7, 0x41, 0xe7, 0x41, 0xe7, 0x41, 0xe7, 0x41, 0xc7, 0x41,
  0xa7, 0x49, 0x05, 0x31, 0x86, 0x39, 0xc7, 0x41, 0xc7, 0x41, 0xc7, 0x41, 0xc7, 0x41, 0xc7, 0x41,
  0xe7, 0x41, 0xe7, 0x41, 0xe7, 0x41, 0xe7, 0x41, 0xe7, 0x41, 0xe7, 0x41, 0xe7, 0x41, 0xe7, 0x41,
  0xc7, 0x41, 0xc7, 0x41, 0xc7, 0x41, 0xc7, 0x41, 0xe7, 0x41, 0xe7, 0x41, 0xe7, 0x39, 0xe7, 0x41,
  0xe7, 0x41, 0xa7, 0x49, 0x05, 0x41, 0xa3, 0x38, 0x62, 0x20, 0x00, 0x00, 0x00, 0x00, 0x00, 0x00,
  0x00, 0x00, 0x00, 0x00, 0x00, 0x00, 0x00, 0x00, 0x00, 0x00, 0x00, 0x00, 0x00, 0x00, 0x00, 0x00,
  0x00, 0x00, 0x00, 0x00, 0x00, 0x00, 0x00, 0x00, 0x00, 0x00, 0x00, 0x00, 0x00, 0x00, 0x00, 0x00,
  0x00, 0x00, 0x00, 0x00, 0x00, 0x00, 0x00, 0x00, 0x00, 0x00, 0x00, 0x00, 0x00, 0x00, 0x00, 0x00,
  0x00, 0x00, 0x00, 0x00, 0x00, 0x00, 0x00, 0x00, 0x00, 0x00, 0x00, 0x00, 0x00, 0x00, 0x00, 0x00,
  0x00, 0x00, 0x00, 0x00, 0x00, 0x00, 0x00, 0x00, 0x00, 0x00, 0x00, 0x00, 0x00, 0x00, 0x00, 0x00,
  0x00, 0x00, 0x00, 0x00, 0x00, 0x00, 0x00, 0x00, 0x00, 0x00, 0x00, 0x00, 0x00, 0x00, 0x00, 0x00,
  0x00, 0x00, 0x00, 0x00, 0x00, 0x00, 0x00, 0x00, 0x00, 0x00, 0x00, 0x00, 0x00, 0x00, 0x00, 0x00,
  0x00, 0x00, 0x00, 0x00, 0x00, 0x00, 0x00, 0x00, 0x00, 0x00, 0x00, 0x00, 0x00, 0x00, 0x00, 0x00,
  0x00, 0x00, 0x00, 0x00, 0x00, 0x00, 0x00, 0x00, 0x00, 0x00, 0x00, 0x00, 0x00, 0x00, 0x00, 0x00,
  0x00, 0x00, 0x00, 0x00, 0x00, 0x00, 0x00, 0x00, 0x00, 0x00, 0x00, 0x00, 0x00, 0x00, 0x00, 0x00,
  0x00, 0x00, 0x00, 0x00, 0x00, 0x00, 0x00, 0x00, 0x00, 0x00, 0x00, 0x00, 0x00, 0x00, 0x00, 0x00,
  0x00, 0x00, 0x00, 0x00, 0x00, 0x00, 0x00, 0x00, 0x00, 0x00, 0x00, 0x00, 0x00, 0x00, 0x00, 0x00,
  0x00, 0x00, 0x00, 0x00, 0x00, 0x00, 0x00, 0x00, 0x00, 0x00, 0x00, 0x00, 0x00, 0x00, 0x00, 0x00,
  0x00, 0x00, 0x00, 0x00, 0x00, 0x00, 0x00, 0x00, 0x00, 0x00, 0x00, 0x00, 0x00, 0x00, 0x00, 0x00,
  0x00, 0x00, 0x00, 0x00, 0x00, 0x00, 0x00, 0x00, 0x00, 0x00, 0x00, 0x00, 0x00, 0x00, 0x00, 0x00,
  0x00, 0x00, 0x00, 0x00, 0x00, 0x00, 0x00, 0x00, 0x00, 0x00, 0x00, 0x00, 0x00, 0x00, 0x00, 0x00,
  0x00, 0x00, 0x00, 0x00, 0x00, 0x00, 0x00, 0x00, 0x00, 0x00, 0x00, 0x00, 0x00, 0x00, 0x00, 0x00,
  0x00, 0x00, 0x00, 0x00, 0x00, 0x00, 0x00, 0x00, 0x00, 0x00, 0x00, 0x00, 0x00, 0x00, 0x00, 0x00,
  0x00, 0x00, 0x00, 0x00, 0x00, 0x00, 0x00, 0x00, 0x00, 0x00, 0x00, 0x00, 0x00, 0x00, 0x00, 0x00,
  0x00, 0x00, 0x00, 0x00, 0x00, 0x00, 0x00, 0x00, 0x00, 0x00, 0x00, 0x00, 0x00, 0x00, 0x00, 0x00,
  0x00, 0x00, 0x00, 0x00, 0x00, 0x00, 0x00, 0x00, 0x00, 0x00, 0x00, 0x00, 0x00, 0x00, 0x00, 0x00,
  0x42, 0x28, 0x84, 0x48, 0x25, 0x41, 0xa7, 0x41, 0xc7, 0x41, 0xc7, 0x41, 0xe7, 0x39, 0xe7, 0x39,
  0xe7, 0x41, 0xe7, 0x41, 0xe7, 0x39, 0xe7, 0x41, 0x46, 0x39, 0x46, 0x39, 0xc7, 0x39, 0xe7, 0x39,
  0xe7, 0x41, 0xc7, 0x41, 0xe7, 0x41, 0xe7, 0x41, 0xe7, 0x41, 0xe7, 0x41, 0xe7, 0x41, 0xe7, 0x41,
  0xe7, 0x41, 0xc7, 0x41, 0xc6, 0x39, 0x86, 0x39, 0x86, 0x31, 0x65, 0x31, 0x25, 0x31, 0x04, 0x39,
  0xa4, 0x38, 0x46, 0x49, 0xc7, 0x41, 0x07, 0x42, 0xe7, 0x39, 0xe7, 0x41, 0xe7, 0x41, 0xe7, 0x41,
  0xe7, 0x41, 0xe7, 0x41, 0xe7, 0x41, 0xe7, 0x41, 0xc7, 0x41, 0xc7, 0x41, 0xc7, 0x41, 0xc7, 0x41,
  0xc7, 0x41, 0xc7, 0x41, 0xc7, 0x41, 0xc7, 0x41, 0xc7, 0x41, 0x45, 0x39, 0x46, 0x39, 0xa7, 0x41,
  0xc7, 0x41, 0xc7, 0x41, 0xc7, 0x41, 0xc7, 0x41, 0xe7, 0x41, 0xe7, 0x41, 0xe7, 0x41, 0xe7, 0x41,
  0xe7, 0x41, 0xe7, 0x41, 0xe7, 0x41, 0xe7, 0x41, 0xe7, 0x41, 0xe7, 0x41, 0xc7, 0x41, 0xc7, 0x41,
  0xe7, 0x41, 0xe7, 0x41, 0xe7, 0x41, 0xc7, 0x41, 0xc7, 0x41, 0xa7, 0x49, 0x45, 0x49, 0xc4, 0x40,
  0xa3, 0x38, 0x00, 0x00, 0x00, 0x00, 0x00, 0x00, 0x00, 0x00, 0x00, 0x00, 0x00, 0x00, 0x00, 0x00,
  0x00, 0x00, 0x00, 0x00, 0x00, 0x00, 0x00, 0x00, 0x00, 0x00, 0x00, 0x00, 0x00, 0x00, 0x00, 0x00,
  0x00, 0x00, 0x00, 0x00, 0x00, 0x00, 0x00, 0x00, 0x00, 0x00, 0x00, 0x00, 0x00, 0x00, 0x00, 0x00,
  0x00, 0x00, 0x00, 0x00, 0x00, 0x00, 0x00, 0x00, 0x00, 0x00, 0x00, 0x00, 0x00, 0x00, 0x00, 0x00,
  0x00, 0x00, 0x00, 0x00, 0x00, 0x00, 0x00, 0x00, 0x00, 0x00, 0x00, 0x00, 0x00, 0x00, 0x00, 0x00,
  0x00, 0x00, 0x00, 0x00, 0x00, 0x00, 0x00, 0x00, 0x00, 0x00, 0x00, 0x00, 0x00, 0x00, 0x00, 0x00,
  0x00, 0x00, 0x00, 0x00, 0x00, 0x00, 0x00, 0x00, 0x00, 0x00, 0x00, 0x00, 0x00, 0x00, 0x00, 0x00,
  0x00, 0x00, 0x00, 0x00, 0x00, 0x00, 0x00, 0x00, 0x00, 0x00, 0x00, 0x00, 0x00, 0x00, 0x00, 0x00,
  0x00, 0x00, 0x00, 0x00, 0x00, 0x00, 0x00, 0x00, 0x00, 0x00, 0x00, 0x00, 0x00, 0x00, 0x00, 0x00,
  0x00, 0x00, 0x00, 0x00, 0x00, 0x00, 0x00, 0x00, 0x00, 0x00, 0x00, 0x00, 0x00, 0x00, 0x00, 0x00,
  0x00, 0x00, 0x00, 0x00, 0x00, 0x00, 0x00, 0x00, 0x00, 0x00, 0x00, 0x00, 0x00, 0x00, 0x00, 0x00,
  0x00, 0x00, 0x00, 0x00, 0x00, 0x00, 0x00, 0x00, 0x00, 0x00, 0x00, 0x00, 0x00, 0x00, 0x00, 0x00,
  0x00, 0x00, 0x00, 0x00, 0x00, 0x00, 0x00, 0x00, 0x00, 0x00, 0x00, 0x00, 0x00, 0x00, 0x00, 0x00,
  0x00, 0x00, 0x00, 0x00, 0x00, 0x00, 0x00, 0x00, 0x00, 0x00, 0x00, 0x00, 0x00, 0x00, 0x00, 0x00,
  0x00, 0x00, 0x00, 0x00, 0x00, 0x00, 0x00, 0x00, 0x00, 0x00, 0x00, 0x00, 0x00, 0x00, 0x00, 0x00,
  0x00, 0x00, 0x00, 0x00, 0x00, 0x00, 0x00, 0x00, 0x00, 0x00, 0x00, 0x00, 0x00, 0x00, 0x00, 0x00,
  0x00, 0x00, 0x00, 0x00, 0x00, 0x00, 0x00, 0x00, 0x00, 0x00, 0x00, 0x00, 0x00, 0x00, 0x00, 0x00,
  0x00, 0x00, 0x00, 0x00, 0x00, 0x00, 0x00, 0x00, 0x00, 0x00, 0x00, 0x00, 0x00, 0x00, 0x00, 0x00,
  0x00, 0x00, 0x00, 0x00, 0x00, 0x00, 0x00, 0x00, 0x00, 0x00, 0x00, 0x00, 0x00, 0x00, 0x00, 0x00,
  0x00, 0x00, 0x00, 0x00, 0x00, 0x00, 0x00, 0x00, 0x00, 0x00, 0x00, 0x00, 0x00, 0x00, 0x00, 0x00,
  0x00, 0x00, 0x00, 0x00, 0x00, 0x00, 0x00, 0x00, 0x00, 0x00, 0x00, 0x00, 0x00, 0x00, 0x00, 0x00,
  0x00, 0x00, 0x00, 0x00, 0x00, 0x00, 0x00, 0x00, 0x42, 0x28, 0x84, 0x48, 0x25, 0x41, 0xa7, 0x49,
  0xc7, 0x41, 0xe7, 0x41, 0xe7, 0x39, 0xe7, 0x39, 0xe7, 0x41, 0xe7, 0x41, 0xe7, 0x39, 0xe7, 0x41,
  0x66, 0x39, 0x66, 0x39, 0xc7, 0x41, 0xe7, 0x41, 0xe7, 0x41, 0xc7, 0x41, 0xe7, 0x41, 0xe7, 0x41,
  0xe7, 0x41, 0xe7, 0x41, 0xe7, 0x41, 0xe7, 0x41, 0xe7, 0x41, 0xe7, 0x41, 0xc7, 0x39, 0xa6, 0x39,
  0xa6, 0x39, 0x65, 0x31, 0x45, 0x31, 0x05, 0x39, 0x83, 0x38, 0xe5, 0x40, 0xc7, 0x41, 0x28, 0x42,
  0xe7, 0x39, 0xe7, 0x39, 0xe7, 0x39, 0xe7, 0x39, 0xe7, 0x41, 0xe7, 0x41, 0xe7, 0x41, 0xe7, 0x41,
  0xe7, 0x41, 0xe7, 0x41, 0xe7, 0x41, 0xe7, 0x41, 0xc7, 0x41, 0xc7, 0x41, 0xc7, 0x41, 0xc7, 0x41,
  0xc7, 0x41, 0x86, 0x41, 0x05, 0x39, 0x87, 0x41, 0xc7, 0x41, 0xe7, 0x39, 0xc7, 0x41, 0xc7, 0x41,
  0xe7, 0x41, 0xe7, 0x41, 0xe7, 0x41, 0xe7, 0x41, 0xe7, 0x41, 0xe7, 0x41, 0xe7, 0x41, 0xe7, 0x41,
  0xe7, 0x41, 0xe7, 0x41, 0xe7, 0x41, 0xe7, 0x41, 0xe7, 0x41, 0xe7, 0x41, 0xe7, 0x41, 0xc7, 0x41,
  0xc7, 0x41, 0xa7, 0x49, 0x66, 0x49, 0xe4, 0x40, 0xe4, 0x40, 0x20, 0x00, 0x00, 0x00, 0x00, 0x00,
  0x00, 0x00, 0x00, 0x00, 0x00, 0x00, 0x00, 0x00, 0x00, 0x00, 0x00, 0x00, 0x00, 0x00, 0x00, 0x00,
  0x00, 0x00, 0x00, 0x00, 0x00, 0x00, 0x00, 0x00, 0x00, 0x00, 0x00, 0x00, 0x00, 0x00, 0x00, 0x00,
  0x00, 0x00, 0x00, 0x00, 0x00, 0x00, 0x00, 0x00, 0x00, 0x00, 0x00, 0x00, 0x00, 0x00, 0x00, 0x00,
  0x00, 0x00, 0x00, 0x00, 0x00, 0x00, 0x00, 0x00, 0x00, 0x00, 0x00, 0x00, 0x00, 0x00, 0x00, 0x00,
  0x00, 0x00, 0x00, 0x00, 0x00, 0x00, 0x00, 0x00, 0x00, 0x00, 0x00, 0x00, 0x00, 0x00, 0x00, 0x00,
  0x00, 0x00, 0x00, 0x00, 0x00, 0x00, 0x00, 0x00, 0x00, 0x00, 0x00, 0x00, 0x00, 0x00, 0x00, 0x00,
  0x00, 0x00, 0x00, 0x00, 0x00, 0x00, 0x00, 0x00, 0x00, 0x00, 0x00, 0x00, 0x00, 0x00, 0x00, 0x00,
  0x00, 0x00, 0x00, 0x00, 0x00, 0x00, 0x00, 0x00, 0x00, 0x00, 0x00, 0x00, 0x00, 0x00, 0x00, 0x00,
  0x00, 0x00, 0x00, 0x00, 0x00, 0x00, 0x00, 0x00, 0x00, 0x00, 0x00, 0x00, 0x00, 0x00, 0x00, 0x00,
  0x00, 0x00, 0x00, 0x00, 0x00, 0x00, 0x00, 0x00, 0x00, 0x00, 0x00, 0x00, 0x00, 0x00, 0x00, 0x00,
  0x00, 0x00, 0x00, 0x00, 0x00, 0x00, 0x00, 0x00, 0x00, 0x00, 0x00, 0x00, 0x00, 0x00, 0x00, 0x00,
  0x00, 0x00, 0x00, 0x00, 0x00, 0x00, 0x00, 0x00, 0x00, 0x00, 0x00, 0x00, 0x00, 0x00, 0x00, 0x00,
  0x00, 0x00, 0x00, 0x00, 0x00, 0x00, 0x00, 0x00, 0x00, 0x00, 0x00, 0x00, 0x00, 0x00, 0x00, 0x00,
  0x00, 0x00, 0x00, 0x00, 0x00, 0x00, 0x00, 0x00, 0x00, 0x00, 0x00, 0x00, 0x00, 0x00, 0x00, 0x00,
  0x00, 0x00, 0x00, 0x00, 0x00, 0x00, 0x00, 0x00, 0x00, 0x00, 0x00, 0x00, 0x00, 0x00, 0x00, 0x00,
  0x00, 0x00, 0x00, 0x00, 0x00, 0x00, 0x00, 0x00, 0x00, 0x00, 0x00, 0x00, 0x00, 0x00, 0x00, 0x00,
  0x00, 0x00, 0x00, 0x00, 0x00, 0x00, 0x00, 0x00, 0x00, 0x00, 0x00, 0x00, 0x00, 0x00, 0x00, 0x00,
  0x00, 0x00, 0x00, 0x00, 0x00, 0x00, 0x00, 0x00, 0x00, 0x00, 0x00, 0x00, 0x00, 0x00, 0x00, 0x00,
  0x00, 0x00, 0x00, 0x00, 0x00, 0x00, 0x00, 0x00, 0x00, 0x00, 0x00, 0x00, 0x00, 0x00, 0x00, 0x00,
  0x00, 0x00, 0x00, 0x00, 0x00, 0x00, 0x00, 0x00, 0x00, 0x00, 0x00, 0x00, 0x00, 0x00, 0x00, 0x00,
  0x00, 0x00, 0x00, 0x00, 0x00, 0x00, 0x00, 0x00, 0x00, 0x00, 0x00, 0x00, 0x00, 0x00, 0x00, 0x00,
  0x42, 0x30, 0x84, 0x48, 0x25, 0x41, 0xa7, 0x49, 0xc7, 0x41, 0xe7, 0x41, 0xe7, 0x41, 0xe7, 0x41,
  0xe7, 0x41, 0xe7, 0x41, 0xe7, 0x41, 0xe7, 0x41, 0x66, 0x39, 0x66, 0x39, 0xc7, 0x41, 0xe7, 0x41,
  0xe7, 0x41, 0xc7, 0x41, 0xe7, 0x41, 0xe7, 0x41, 0xe7, 0x41, 0xe7, 0x41, 0xe7, 0x41, 0xe7, 0x41,
  0xe7, 0x41, 0xe7, 0x41, 0xc7, 0x41, 0xc6, 0x39, 0xa6, 0x39, 0x86, 0x31, 0x65, 0x31, 0x25, 0x39,
  0xa4, 0x40, 0xa4, 0x38, 0xa6, 0x41, 0x28, 0x42, 0xe7, 0x39, 0xe7, 0x39, 0xe7, 0x39, 0xe7, 0x39,
  0xe7, 0x41, 0xe7, 0x41, 0xe7, 0x41, 0xe7, 0x41, 0xe7, 0x41, 0xe7, 0x41, 0xe7, 0x41, 0xe7, 0x41,
  0xc7, 0x41, 0xc7, 0x41, 0xc7, 0x41, 0xc7, 0x41, 0xc7, 0x41, 0xa7, 0x41, 0x05, 0x39, 0x66, 0x41,
  0xc7, 0x41, 0xe7, 0x39, 0xc7, 0x41, 0xc7, 0x41, 0xe7, 0x41, 0xe7, 0x41, 0xe7, 0x41, 0xe7, 0x41,
  0xe7, 0x41, 0xe7, 0x41, 0xe7, 0x41, 0xe7, 0x41, 0xe7, 0x41, 0xe7, 0x41, 0xe7, 0x41, 0xe7, 0x41,
  0xe7, 0x41, 0xe7, 0x41, 0xe7, 0x41, 0xc7, 0x41, 0xc7, 0x41, 0xa7, 0x41, 0x86, 0x49, 0x25, 0x41,
  0x04, 0x39, 0xa2, 0x18, 0x00, 0x00, 0x00, 0x00, 0x00, 0x00, 0x00, 0x00, 0x00, 0x00, 0x00, 0x00,
  0x00, 0x00, 0x00, 0x00, 0x00, 0x00, 0x00, 0x00, 0x00, 0x00, 0x00, 0x00, 0x00, 0x00, 0x00, 0x00,
  0x00, 0x00, 0x00, 0x00, 0x00, 0x00, 0x00, 0x00, 0x00, 0x00, 0x00, 0x00, 0x00, 0x00, 0x00, 0x00,
  0x00, 0x00, 0x00, 0x00, 0x00, 0x00, 0x00, 0x00, 0x00, 0x00, 0x00, 0x00, 0x00, 0x00, 0x00, 0x00,
  0x00, 0x00, 0x00, 0x00, 0x00, 0x00, 0x00, 0x00, 0x00, 0x00, 0x00, 0x00, 0x00, 0x00, 0x00, 0x00,
  0x00, 0x00, 0x00, 0x00, 0x00, 0x00, 0x00, 0x00, 0x00, 0x00, 0x00, 0x00, 0x00, 0x00, 0x00, 0x00,
  0x00, 0x00, 0x00, 0x00, 0x00, 0x00, 0x00, 0x00, 0x00, 0x00, 0x00, 0x00, 0x00, 0x00, 0x00, 0x00,
  0x00, 0x00, 0x00, 0x00, 0x00, 0x00, 0x00, 0x00, 0x00, 0x00, 0x00, 0x00, 0x00, 0x00, 0x00, 0x00,
  0x00, 0x00, 0x00, 0x00, 0x00, 0x00, 0x00, 0x00, 0x00, 0x00, 0x00, 0x00, 0x00, 0x00, 0x00, 0x00,
  0x00, 0x00, 0x00, 0x00, 0x00, 0x00, 0x00, 0x00, 0x00, 0x00, 0x00, 0x00, 0x00, 0x00, 0x00, 0x00,
  0x00, 0x00, 0x00, 0x00, 0x00, 0x00, 0x00, 0x00, 0x00, 0x00, 0x00, 0x00, 0x00, 0x00, 0x00, 0x00,
  0x00, 0x00, 0x00, 0x00, 0x00, 0x00, 0x00, 0x00, 0x00, 0x00, 0x00, 0x00, 0x00, 0x00, 0x00, 0x00,
  0x00, 0x00, 0x00, 0x00, 0x00, 0x00, 0x00, 0x00, 0x00, 0x00, 0x00, 0x00, 0x00, 0x00, 0x00, 0x00,
  0x00, 0x00, 0x00, 0x00, 0x00, 0x00, 0x00, 0x00, 0x00, 0x00, 0x00, 0x00, 0x00, 0x00, 0x00, 0x00,
  0x00, 0x00, 0x00, 0x00, 0x00, 0x00, 0x00, 0x00, 0x00, 0x00, 0x00, 0x00, 0x00, 0x00, 0x00, 0x00,
  0x00, 0x00, 0x00, 0x00, 0x00, 0x00, 0x00, 0x00, 0x00, 0x00, 0x00, 0x00, 0x00, 0x00, 0x00, 0x00,
  0x00, 0x00, 0x00, 0x00, 0x00, 0x00, 0x00, 0x00, 0x00, 0x00, 0x00, 0x00, 0x00, 0x00, 0x00, 0x00,
  0x00, 0x00, 0x00, 0x00, 0x00, 0x00, 0x00, 0x00, 0x00, 0x00, 0x00, 0x00, 0x00, 0x00, 0x00, 0x00,
  0x00, 0x00, 0x00, 0x00, 0x00, 0x00, 0x00, 0x00, 0x00, 0x00, 0x00, 0x00, 0x00, 0x00, 0x00, 0x00,
  0x00, 0x00, 0x00, 0x00, 0x00, 0x00, 0x00, 0x00, 0x00, 0x00, 0x00, 0x00, 0x00, 0x00, 0x00, 0x00,
  0x00, 0x00, 0x00, 0x00, 0x00, 0x00, 0x00, 0x00, 0x00, 0x00, 0x00, 0x00, 0x00, 0x00, 0x00, 0x00,
  0x00, 0x00, 0x00, 0x00, 0x00, 0x00, 0x00, 0x00, 0x42, 0x38, 0x84, 0x48, 0x25, 0x41, 0xa7, 0x49,
  0xc7, 0x41, 0xe7, 0x41, 0xe7, 0x41, 0xe7, 0x41, 0xe7, 0x41, 0xe7, 0x41, 0xe7, 0x41, 0xc7, 0x41,
  0x66, 0x39, 0x66, 0x39, 0xc7, 0x41, 0xe7, 0x41, 0xc7, 0x41, 0xc7, 0x41, 0xc7, 0x41, 0xc7, 0x41,
  0xe7, 0x41, 0xe7, 0x41, 0xe7, 0x41, 0xe7, 0x41, 0xc7, 0x41, 0xc7, 0x41, 0xc7, 0x41, 0xc7, 0x41,
  0xe7, 0x39, 0xc6, 0x39, 0xa6, 0x39, 0x45, 0x39, 0x05, 0x49, 0x83, 0x38, 0x86, 0x39, 0x28, 0x42,
  0xe7, 0x39, 0xe7, 0x39, 0xe7, 0x39, 0xe7, 0x39, 0xe7, 0x41, 0xe7, 0x41, 0xe7, 0x41, 0xe7, 0x41,
  0xc7, 0x41, 0xc7, 0x41, 0xc7, 0x41, 0xc7, 0x41, 0xc7, 0x41, 0xc7, 0x41, 0xc7, 0x41, 0xc7, 0x41,
  0xc7, 0x41, 0xc7, 0x41, 0x46, 0x41, 0x05, 0x39, 0xe8, 0x41, 0xe8, 0x41, 0xe7, 0x39, 0xc7, 0x41,
  0xc7, 0x41, 0xe7, 0x41, 0xe7, 0x41, 0xe7, 0x41, 0xe7, 0x41, 0xe7, 0x41, 0xe7, 0x41, 0xe7, 0x41,
  0xe7, 0x41, 0xe7, 0x41, 0xe7, 0x41, 0xe7, 0x41, 0xe7, 0x41, 0xe7, 0x41, 0xc7, 0x41, 0xc7, 0x41,
  0xc7, 0x41, 0xc7, 0x41, 0xa7, 0x41, 0x66, 0x41, 0x45, 0x41, 0x04, 0x29, 0x00, 0x00, 0x00, 0x00,
  0x00, 0x00, 0x00, 0x00, 0x00, 0x00, 0x00, 0x00, 0x00, 0x00, 0x00, 0x00, 0x00, 0x00, 0x00, 0x00,
  0x00, 0x00, 0x00, 0x00, 0x00, 0x00, 0x00, 0x00, 0x00, 0x00, 0x00, 0x00, 0x00, 0x00, 0x00, 0x00,
  0x00, 0x00, 0x00, 0x00, 0x00, 0x00, 0x00, 0x00, 0x00, 0x00, 0x00, 0x00, 0x00, 0x00, 0x00, 0x00,
  0x00, 0x00, 0x00, 0x00, 0x00, 0x00, 0x00, 0x00, 0x00, 0x00, 0x00, 0x00, 0x00, 0x00, 0x00, 0x00,
  0x00, 0x00, 0x00, 0x00, 0x00, 0x00, 0x00, 0x00, 0x00, 0x00, 0x00, 0x00, 0x00, 0x00, 0x00, 0x00,
  0x00, 0x00, 0x00, 0x00, 0x00, 0x00, 0x00, 0x00, 0x00, 0x00, 0x00, 0x00, 0x00, 0x00, 0x00, 0x00,
  0x00, 0x00, 0x00, 0x00, 0x00, 0x00, 0x00, 0x00, 0x00, 0x00, 0x00, 0x00, 0x00, 0x00, 0x00, 0x00,
  0x00, 0x00, 0x00, 0x00, 0x00, 0x00, 0x00, 0x00, 0x00, 0x00, 0x00, 0x00, 0x00, 0x00, 0x00, 0x00,
  0x00, 0x00, 0x00, 0x00, 0x00, 0x00, 0x00, 0x00, 0x00, 0x00, 0x00, 0x00, 0x00, 0x00, 0x00, 0x00,
  0x00, 0x00, 0x00, 0x00, 0x00, 0x00, 0x00, 0x00, 0x00, 0x00, 0x00, 0x00, 0x00, 0x00, 0x00, 0x00,
  0x00, 0x00, 0x00, 0x00, 0x00, 0x00, 0x00, 0x00, 0x00, 0x00, 0x00, 0x00, 0x00, 0x00, 0x00, 0x00,
  0x00, 0x00, 0x00, 0x00, 0x00, 0x00, 0x00, 0x00, 0x00, 0x00, 0x00, 0x00, 0x00, 0x00, 0x00, 0x00,
  0x00, 0x00, 0x00, 0x00, 0x00, 0x00, 0x00, 0x00, 0x00, 0x00, 0x00, 0x00, 0x00, 0x00, 0x00, 0x00,
  0x00, 0x00, 0x00, 0x00, 0x00, 0x00, 0x00, 0x00, 0x00, 0x00, 0x00, 0x00, 0x00, 0x00, 0x00, 0x00,
  0x00, 0x00, 0x00, 0x00, 0x00, 0x00, 0x00, 0x00, 0x00, 0x00, 0x00, 0x00, 0x00, 0x00, 0x00, 0x00,
  0x00, 0x00, 0x00, 0x00, 0x00, 0x00, 0x00, 0x00, 0x00, 0x00, 0x00, 0x00, 0x00, 0x00, 0x00, 0x00,
  0x00, 0x00, 0x00, 0x00, 0x00, 0x00, 0x00, 0x00, 0x00, 0x00, 0x00, 0x00, 0x00, 0x00, 0x00, 0x00,
  0x00, 0x00, 0x00, 0x00, 0x00, 0x00, 0x00, 0x00, 0x00, 0x00, 0x00, 0x00, 0x00, 0x00, 0x00, 0x00,
  0x00, 0x00, 0x00, 0x00, 0x00, 0x00, 0x00, 0x00, 0x00, 0x00, 0x00, 0x00, 0x00, 0x00, 0x00, 0x00,
  0x00, 0x00, 0x00, 0x00, 0x00, 0x00, 0x00, 0x00, 0x00, 0x00, 0x00, 0x00, 0x00, 0x00, 0x00, 0x00,
  0x00, 0x00, 0x00, 0x00, 0x00, 0x00, 0x00, 0x00, 0x00, 0x00, 0x00, 0x00, 0x00, 0x00, 0x00, 0x00,
  0x42, 0x38, 0x84, 0x48, 0x46, 0x41, 0xa7, 0x49, 0xc7, 0x41, 0xe7, 0x41, 0xe7, 0x41, 0xe7, 0x41,
  0xe7, 0x41, 0xe7, 0x41, 0xe7, 0x41, 0xc7, 0x41, 0x66, 0x39, 0x66, 0x39, 0xc7, 0x41, 0xe7, 0x41,
  0xc7, 0x41, 0xc7, 0x41, 0xc7, 0x41, 0xc7, 0x41, 0xe7, 0x41, 0xe7, 0x41, 0xe7, 0x41, 0xe7, 0x41,
  0xc7, 0x41, 0xc7, 0x41, 0xc7, 0x41, 0xc7, 0x41, 0xe7, 0x39, 0xe7, 0x39, 0xc6, 0x39, 0x86, 0x39,
  0x26, 0x49, 0xc4, 0x40, 0x25, 0x39, 0xc7, 0x41, 0xc7, 0x41, 0xe7, 0x39, 0xe7, 0x39, 0xe7, 0x39,
  0xe7, 0x41, 0xe7, 0x41, 0xe7, 0x41, 0xe7, 0x41, 0xc7, 0x41, 0xc7, 0x41, 0xc7, 0x41, 0xc7, 0x41,
  0xc7, 0x41, 0xc7, 0x41, 0xc7, 0x41, 0xc7, 0x41, 0xc7, 0x41, 0xc7, 0x41, 0x66, 0x49, 0x05, 0x39,
  0xa7, 0x41, 0xe7, 0x41, 0xe7, 0x39, 0xc7, 0x39, 0xe7, 0x41, 0xe7, 0x41, 0xe7, 0x41, 0xe7, 0x41,
  0xe7, 0x41, 0xe7, 0x41, 0xe7, 0x41, 0xe7, 0x41, 0xe7, 0x41, 0xe7, 0x41, 0xe7, 0x41, 0xe7, 0x41,
  0xe7, 0x41, 0xe7, 0x41, 0xc7, 0x41, 0xc7, 0x41, 0xc7, 0x41, 0xc7, 0x41, 0xa7, 0x41, 0x86, 0x41,
  0x45, 0x39, 0x66, 0x41, 0x00, 0x00, 0x00, 0x00, 0x00, 0x00, 0x00, 0x00, 0x00, 0x00, 0x00, 0x00,
  0x00, 0x00, 0x00, 0x00, 0x00, 0x00, 0x00, 0x00, 0x00, 0x00, 0x00, 0x00, 0x00, 0x00, 0x00, 0x00,
  0x00, 0x00, 0x00, 0x00, 0x00, 0x00, 0x00, 0x00, 0x00, 0x00, 0x00, 0x00, 0x00, 0x00, 0x00, 0x00,
  0x00, 0x00, 0x00, 0x00, 0x00, 0x00, 0x00, 0x00, 0x00, 0x00, 0x00, 0x00, 0x00, 0x00, 0x00, 0x00,
  0x00, 0x00, 0x00, 0x00, 0x00, 0x00, 0x00, 0x00, 0x00, 0x00, 0x00, 0x00, 0x00, 0x00, 0x00, 0x00,
  0x00, 0x00, 0x00, 0x00, 0x00, 0x00, 0x00, 0x00, 0x00, 0x00, 0x00, 0x00, 0x00, 0x00, 0x00, 0x00,
  0x00, 0x00, 0x00, 0x00, 0x00, 0x00, 0x00, 0x00, 0x00, 0x00, 0x00, 0x00, 0x00, 0x00, 0x00, 0x00,
  0x00, 0x00, 0x00, 0x00, 0x00, 0x00, 0x00, 0x00, 0x00, 0x00, 0x00, 0x00, 0x00, 0x00, 0x00, 0x00,
  0x00, 0x00, 0x00, 0x00, 0x00, 0x00, 0x00, 0x00, 0x00, 0x00, 0x00, 0x00, 0x00, 0x00, 0x00, 0x00,
  0x00, 0x00, 0x00, 0x00, 0x00, 0x00, 0x00, 0x00, 0x00, 0x00, 0x00, 0x00, 0x00, 0x00, 0x00, 0x00,
  0x00, 0x00, 0x00, 0x00, 0x00, 0x00, 0x00, 0x00, 0x00, 0x00, 0x00, 0x00, 0x00, 0x00, 0x00, 0x00,
  0x00, 0x00, 0x00, 0x00, 0x00, 0x00, 0x00, 0x00, 0x00, 0x00, 0x00, 0x00, 0x00, 0x00, 0x00, 0x00,
  0x00, 0x00, 0x00, 0x00, 0x00, 0x00, 0x00, 0x00, 0x00, 0x00, 0x00, 0x00, 0x00, 0x00, 0x00, 0x00,
  0x00, 0x00, 0x00, 0x00, 0x00, 0x00, 0x00, 0x00, 0x00, 0x00, 0x00, 0x00, 0x00, 0x00, 0x00, 0x00,
  0x00, 0x00, 0x00, 0x00, 0x00, 0x00, 0x00, 0x00, 0x00, 0x00, 0x00, 0x00, 0x00, 0x00, 0x00, 0x00,
  0x00, 0x00, 0x00, 0x00, 0x00, 0x00, 0x00, 0x00, 0x00, 0x00, 0x00, 0x00, 0x00, 0x00, 0x00, 0x00,
  0x00, 0x00, 0x00, 0x00, 0x00, 0x00, 0x00, 0x00, 0x00, 0x00, 0x00, 0x00, 0x00, 0x00, 0x00, 0x00,
  0x00, 0x00, 0x00, 0x00, 0x00, 0x00, 0x00, 0x00, 0x00, 0x00, 0x00, 0x00, 0x00, 0x00, 0x00, 0x00,
  0x00, 0x00, 0x00, 0x00, 0x00, 0x00, 0x00, 0x00, 0x00, 0x00, 0x00, 0x00, 0x00, 0x00, 0x00, 0x00,
  0x00, 0x00, 0x00, 0x00, 0x00, 0x00, 0x00, 0x00, 0x00, 0x00, 0x00, 0x00, 0x00, 0x00, 0x00, 0x00,
  0x00, 0x00, 0x00, 0x00, 0x00, 0x00, 0x00, 0x00, 0x00, 0x00, 0x00, 0x00, 0x00, 0x00, 0x00, 0x00,
  0x00, 0x00, 0x00, 0x00, 0x00, 0x00, 0x00, 0x00, 0x63, 0x48, 0x84, 0x48, 0x46, 0x49, 0xc7, 0x49,
  0xc7, 0x41, 0xe7, 0x41, 0xe7, 0x41, 0xe7, 0x41, 0xe7, 0x41, 0xe7, 0x41, 0xe7, 0x41, 0xc7, 0x41,
  0x66, 0x39, 0x66, 0x41, 0xe7, 0x41, 0xe7, 0x41, 0xc7, 0x41, 0xc7, 0x41, 0xc7, 0x41, 0xc7, 0x41,
  0xe7, 0x41, 0xe7, 0x41, 0xe7, 0x41, 0xe7, 0x41, 0xc7, 0x41, 0xc7, 0x41, 0xc7, 0x41, 0xc7, 0x41,
  0xe7, 0x41, 0xe7, 0x39, 0xe7, 0x39, 0xa6, 0x39, 0x66, 0x49, 0x05, 0x41, 0xe4, 0x30, 0x86, 0x41,
  0xc7, 0x41, 0xe7, 0x39, 0xe7, 0x39, 0xe7, 0x39, 0xe7, 0x41, 0xe7, 0x41, 0xe7, 0x41, 0xe7, 0x41,
  0xc7, 0x41, 0xc7, 0x41, 0xc7, 0x41, 0xc7, 0x41, 0xc7, 0x41, 0xc7, 0x41, 0xc7, 0x41, 0xc7, 0x41,
  0xc7, 0x41, 0xc7, 0x41, 0x87, 0x49, 0x05, 0x39, 0x66, 0x41, 0xc7, 0x41, 0xe7, 0x39, 0xe7, 0x39,
  0xe7, 0x39, 0xe7, 0x41, 0xe7, 0x41, 0xe7, 0x41, 0xe7, 0x41, 0xe7, 0x41, 0xe7, 0x41, 0xe7, 0x41,
  0xe7, 0x41, 0xe7, 0x41, 0xe7, 0x41, 0xe7, 0x41, 0xe7, 0x41, 0xe7, 0x41, 0xc7, 0x41, 0xc7, 0x41,
  0xc7, 0x41, 0xc7, 0x41, 0xc7, 0x41, 0xa7, 0x41, 0x65, 0x39, 0x86, 0x39, 0x41, 0x08, 0x00, 0x00,
  0x00, 0x00, 0x00, 0x00, 0x00, 0x00, 0x00, 0x00, 0x00, 0x00, 0x00, 0x00, 0x00, 0x00, 0x00, 0x00,
  0x00, 0x00, 0x00, 0x00, 0x00, 0x00, 0x00, 0x00, 0x00, 0x00, 0x00, 0x00, 0x00, 0x00, 0x00, 0x00,
  0x00, 0x00, 0x00, 0x00, 0x00, 0x00, 0x00, 0x00, 0x00, 0x00, 0x00, 0x00, 0x00, 0x00, 0x00, 0x00,
  0x00, 0x00, 0x00, 0x00, 0x00, 0x00, 0x00, 0x00, 0x00, 0x00, 0x00, 0x00, 0x00, 0x00, 0x00, 0x00,
  0x00, 0x00, 0x00, 0x00, 0x00, 0x00, 0x00, 0x00, 0x00, 0x00, 0x00, 0x00, 0x00, 0x00, 0x00, 0x00,
  0x00, 0x00, 0x00, 0x00, 0x00, 0x00, 0x00, 0x00, 0x00, 0x00, 0x00, 0x00, 0x00, 0x00, 0x00, 0x00,
  0x00, 0x00, 0x00, 0x00, 0x00, 0x00, 0x00, 0x00, 0x00, 0x00, 0x00, 0x00, 0x00, 0x00, 0x00, 0x00,
  0x00, 0x00, 0x00, 0x00, 0x00, 0x00, 0x00, 0x00, 0x00, 0x00, 0x00, 0x00, 0x00, 0x00, 0x00, 0x00,
  0x00, 0x00, 0x00, 0x00, 0x00, 0x00, 0x00, 0x00, 0x00, 0x00, 0x00, 0x00, 0x00, 0x00, 0x00, 0x00,
  0x00, 0x00, 0x00, 0x00, 0x00, 0x00, 0x00, 0x00, 0x00, 0x00, 0x00, 0x00, 0x00, 0x00, 0x00, 0x00,
  0x00, 0x00, 0x00, 0x00, 0x00, 0x00, 0x00, 0x00, 0x00, 0x00, 0x00, 0x00, 0x00, 0x00, 0x00, 0x00,
  0x00, 0x00, 0x00, 0x00, 0x00, 0x00, 0x00, 0x00, 0x00, 0x00, 0x00, 0x00, 0x00, 0x00, 0x00, 0x00,
  0x00, 0x00, 0x00, 0x00, 0x00, 0x00, 0x00, 0x00, 0x00, 0x00, 0x00, 0x00, 0x00, 0x00, 0x00, 0x00,
  0x00, 0x00, 0x00, 0x00, 0x00, 0x00, 0x00, 0x00, 0x00, 0x00, 0x00, 0x00, 0x00, 0x00, 0x00, 0x00,
  0x00, 0x00, 0x00, 0x00, 0x00, 0x00, 0x00, 0x00, 0x00, 0x00, 0x00, 0x00, 0x00, 0x00, 0x00, 0x00,
  0x00, 0x00, 0x00, 0x00, 0x00, 0x00, 0x00, 0x00, 0x00, 0x00, 0x00, 0x00, 0x00, 0x00, 0x00, 0x00,
  0x00, 0x00, 0x00, 0x00, 0x00, 0x00, 0x00, 0x00, 0x00, 0x00, 0x00, 0x00, 0x00, 0x00, 0x00, 0x00,
  0x00, 0x00, 0x00, 0x00, 0x00, 0x00, 0x00, 0x00, 0x00, 0x00, 0x00, 0x00, 0x00, 0x00, 0x00, 0x00,
  0x00, 0x00, 0x00, 0x00, 0x00, 0x00, 0x00, 0x00, 0x00, 0x00, 0x00, 0x00, 0x00, 0x00, 0x00, 0x00,
  0x00, 0x00, 0x00, 0x00, 0x00, 0x00, 0x00, 0x00, 0x00, 0x00, 0x00, 0x00, 0x00, 0x00, 0x00, 0x00,
  0x00, 0x00, 0x00, 0x00, 0x00, 0x00, 0x00, 0x00, 0x00, 0x00, 0x00, 0x00, 0x00, 0x00, 0x00, 0x00,
  0x63, 0x48, 0x84, 0x48, 0x46, 0x49, 0xc7, 0x49, 0xc7, 0x41, 0xe7, 0x41, 0xe7, 0x41, 0xe7, 0x41,
  0xe7, 0x41, 0xe7, 0x41, 0xe7, 0x41, 0xc7, 0x41, 0x66, 0x39, 0x66, 0x41, 0xe7, 0x41, 0xe7, 0x41,
  0xc7, 0x41, 0xc7, 0x41, 0xc7, 0x41, 0xc7, 0x41, 0xe7, 0x41, 0xe7, 0x41, 0xe7, 0x41, 0xe7, 0x41,
  0xc7, 0x41, 0xc7, 0x41, 0xe7, 0x41, 0xe7, 0x41, 0xe7, 0x41, 0xe7, 0x41, 0xe7, 0x41, 0xc7, 0x41,
  0xa7, 0x41, 0x46, 0x41, 0xc4, 0x38, 0x46, 0x41, 0xc7, 0x41, 0xe7, 0x39, 0xc7, 0x39, 0xe7, 0x39,
  0xe7, 0x41, 0xe7, 0x41, 0xe7, 0x39, 0xe7, 0x39, 0xc7, 0x41, 0xc7, 0x41, 0xc7, 0x41, 0xc7, 0x41,
  0xc7, 0x41, 0xc7, 0x41, 0xc7, 0x41, 0xc7, 0x41, 0xc7, 0x41, 0xc7, 0x41, 0xa7, 0x41, 0x46, 0x39,
  0x46, 0x41, 0x87, 0x41, 0xe7, 0x39, 0xe7, 0x39, 0xe7, 0x39, 0xe7, 0x41, 0xe7, 0x41, 0xe7, 0x41,
  0xe7, 0x41, 0xe7, 0x41, 0xe7, 0x41, 0xe7, 0x41, 0xe7, 0x41, 0xe7, 0x41, 0xe7, 0x41, 0xe7, 0x41,
  0xe7, 0x41, 0xe7, 0x41, 0xc7, 0x41, 0xc7, 0x41, 0xc7, 0x41, 0xe7, 0x41, 0xe7, 0x41, 0xc7, 0x41,
  0x65, 0x39, 0x86, 0x39, 0xc3, 0x20, 0x00, 0x00, 0x00, 0x00, 0x00, 0x00, 0x00, 0x00, 0x00, 0x00,
  0x00, 0x00, 0x00, 0x00, 0x00, 0x00, 0x00, 0x00, 0x00, 0x00, 0x00, 0x00, 0x00, 0x00, 0x00, 0x00,
  0x00, 0x00, 0x00, 0x00, 0x00, 0x00, 0x00, 0x00, 0x00, 0x00, 0x00, 0x00, 0x00, 0x00, 0x00, 0x00,
  0x00, 0x00, 0x00, 0x00, 0x00, 0x00, 0x00, 0x00, 0x00, 0x00, 0x00, 0x00, 0x00, 0x00, 0x00, 0x00,
  0x00, 0x00, 0x00, 0x00, 0x00, 0x00, 0x00, 0x00, 0x00, 0x00, 0x00, 0x00, 0x00, 0x00, 0x00, 0x00,
  0x00, 0x00, 0x00, 0x00, 0x00, 0x00, 0x00, 0x00, 0x00, 0x00, 0x00, 0x00, 0x00, 0x00, 0x00, 0x00,
  0x00, 0x00, 0x00, 0x00, 0x00, 0x00, 0x00, 0x00, 0x00, 0x00, 0x00, 0x00, 0x00, 0x00, 0x00, 0x00,
  0x00, 0x00, 0x00, 0x00, 0x00, 0x00, 0x00, 0x00, 0x00, 0x00, 0x00, 0x00, 0x00, 0x00, 0x00, 0x00,
  0x00, 0x00, 0x00, 0x00, 0x00, 0x00, 0x00, 0x00, 0x00, 0x00, 0x00, 0x00, 0x00, 0x00, 0x00, 0x00,
  0x00, 0x00, 0x00, 0x00, 0x00, 0x00, 0x00, 0x00, 0x00, 0x00, 0x00, 0x00, 0x00, 0x00, 0x00, 0x00,
  0x00, 0x00, 0x00, 0x00, 0x00, 0x00, 0x00, 0x00, 0x00, 0x00, 0x00, 0x00, 0x00, 0x00, 0x00, 0x00,
  0x00, 0x00, 0x00, 0x00, 0x00, 0x00, 0x00, 0x00, 0x00, 0x00, 0x00, 0x00, 0x00, 0x00, 0x00, 0x00,
  0x00, 0x00, 0x00, 0x00, 0x00, 0x00, 0x00, 0x00, 0x00, 0x00, 0x00, 0x00, 0x00, 0x00, 0x00, 0x00,
  0x00, 0x00, 0x00, 0x00, 0x00, 0x00, 0x00, 0x00, 0x00, 0x00, 0x00, 0x00, 0x00, 0x00, 0x00, 0x00,
  0x00, 0x00, 0x00, 0x00, 0x00, 0x00, 0x00, 0x00, 0x00, 0x00, 0x00, 0x00, 0x00, 0x00, 0x00, 0x00,
  0x00, 0x00, 0x00, 0x00, 0x00, 0x00, 0x00, 0x00, 0x00, 0x00, 0x00, 0x00, 0x00, 0x00, 0x00, 0x00,
  0x00, 0x00, 0x00, 0x00, 0x00, 0x00, 0x00, 0x00, 0x00, 0x00, 0x00, 0x00, 0x00, 0x00, 0x00, 0x00,
  0x00, 0x00, 0x00, 0x00, 0x00, 0x00, 0x00, 0x00, 0x00, 0x00, 0x00, 0x00, 0x00, 0x00, 0x00, 0x00,
  0x00, 0x00, 0x00, 0x00, 0x00, 0x00, 0x00, 0x00, 0x00, 0x00, 0x00, 0x00, 0x00, 0x00, 0x00, 0x00,
  0x00, 0x00, 0x00, 0x00, 0x00, 0x00, 0x00, 0x00, 0x00, 0x00, 0x00, 0x00, 0x00, 0x00, 0x00, 0x00,
  0x00, 0x00, 0x00, 0x00, 0x00, 0x00, 0x00, 0x00, 0x00, 0x00, 0x00, 0x00, 0x00, 0x00, 0x00, 0x00,
  0x00, 0x00, 0x00, 0x00, 0x00, 0x00, 0x00, 0x08, 0x63, 0x48, 0x83, 0x48, 0x46, 0x49, 0xc7, 0x41,
  0xc7, 0x41, 0xe7, 0x41, 0xe7, 0x41, 0xe7, 0x41, 0xc7, 0x41, 0xc7, 0x41, 0xe7, 0x41, 0xc7, 0x41,
  0x46, 0x39, 0x66, 0x41, 0xe7, 0x41, 0xe7, 0x39, 0xc7, 0x41, 0xc7, 0x41, 0xc7, 0x41, 0xc7, 0x41,
  0xe7, 0x41, 0xe7, 0x41, 0xe7, 0x41, 0xe7, 0x41, 0xe7, 0x41, 0xe7, 0x41, 0xe7, 0x41, 0xe7, 0x41,
  0xe7, 0x41, 0xc7, 0x41, 0xc7, 0x41, 0xc7, 0x41, 0xe7, 0x41, 0xc7, 0x41, 0xc4, 0x38, 0xe5, 0x40,
  0xa7, 0x41, 0xe7, 0x41, 0xc6, 0x39, 0xe7, 0x39, 0xe7, 0x41, 0xe7, 0x41, 0xe7, 0x39, 0xe7, 0x39,
  0xe7, 0x39, 0xc7, 0x41, 0xc7, 0x41, 0xc7, 0x41, 0xe7, 0x41, 0xe7, 0x41, 0xe7, 0x41, 0xc7, 0x41,
  0xc7, 0x41, 0xc7, 0x41, 0xc7, 0x41, 0xa7, 0x41, 0xe4, 0x30, 0x86, 0x41, 0x28, 0x42, 0x07, 0x3a,
  0xe7, 0x39, 0xe7, 0x39, 0xe7, 0x39, 0xe7, 0x39, 0xe7, 0x41, 0xe7, 0x41, 0xe7, 0x41, 0xe7, 0x41,
  0xe7, 0x41, 0xe7, 0x41, 0xe7, 0x41, 0xe7, 0x41, 0xc7, 0x41, 0xc7, 0x41, 0xc8, 0x41, 0xc8, 0x41,
  0xc7, 0x39, 0xe8, 0x41, 0x08, 0x42, 0xc7, 0x39, 0x65, 0x39, 0x45, 0x39, 0x24, 0x31, 0x00, 0x00,
  0x00, 0x00, 0x00, 0x00, 0x00, 0x00, 0x00, 0x00, 0x00, 0x00, 0x00, 0x00, 0x00, 0x00, 0x00, 0x00,
  0x00, 0x00, 0x00, 0x00, 0x00, 0x00, 0x00, 0x00, 0x00, 0x00, 0x00, 0x00, 0x00, 0x00, 0x00, 0x00,
  0x00, 0x00, 0x00, 0x00, 0x00, 0x00, 0x00, 0x00, 0x00, 0x00, 0x00, 0x00, 0x00, 0x00, 0x00, 0x00,
  0x00, 0x00, 0x00, 0x00, 0x00, 0x00, 0x00, 0x00, 0x00, 0x00, 0x00, 0x00, 0x00, 0x00, 0x00, 0x00,
  0x00, 0x00, 0x00, 0x00, 0x00, 0x00, 0x00, 0x00, 0x00, 0x00, 0x00, 0x00, 0x00, 0x00, 0x00, 0x00,
  0x00, 0x00, 0x00, 0x00, 0x00, 0x00, 0x00, 0x00, 0x00, 0x00, 0x00, 0x00, 0x00, 0x00, 0x00, 0x00,
  0x00, 0x00, 0x00, 0x00, 0x00, 0x00, 0x00, 0x00, 0x00, 0x00, 0x00, 0x00, 0x00, 0x00, 0x00, 0x00,
  0x00, 0x00, 0x00, 0x00, 0x00, 0x00, 0x00, 0x00, 0x00, 0x00, 0x00, 0x00, 0x00, 0x00, 0x00, 0x00,
  0x00, 0x00, 0x00, 0x00, 0x00, 0x00, 0x00, 0x00, 0x00, 0x00, 0x00, 0x00, 0x00, 0x00, 0x00, 0x00,
  0x00, 0x00, 0x00, 0x00, 0x00, 0x00, 0x00, 0x00, 0x00, 0x00, 0x00, 0x00, 0x00, 0x00, 0x00, 0x00,
  0x00, 0x00, 0x00, 0x00, 0x00, 0x00, 0x00, 0x00, 0x00, 0x00, 0x00, 0x00, 0x00, 0x00, 0x00, 0x00,
  0x00, 0x00, 0x00, 0x00, 0x00, 0x00, 0x00, 0x00, 0x00, 0x00, 0x00, 0x00, 0x00, 0x00, 0x00, 0x00,
  0x00, 0x00, 0x00, 0x00, 0x00, 0x00, 0x00, 0x00, 0x00, 0x00, 0x00, 0x00, 0x00, 0x00, 0x00, 0x00,
  0x00, 0x00, 0x00, 0x00, 0x00, 0x00, 0x00, 0x00, 0x00, 0x00, 0x00, 0x00, 0x00, 0x00, 0x00, 0x00,
  0x00, 0x00, 0x00, 0x00, 0x00, 0x00, 0x00, 0x00, 0x00, 0x00, 0x00, 0x00, 0x00, 0x00, 0x00, 0x00,
  0x00, 0x00, 0x00, 0x00, 0x00, 0x00, 0x00, 0x00, 0x00, 0x00, 0x00, 0x00, 0x00, 0x00, 0x00, 0x00,
  0x00, 0x00, 0x00, 0x00, 0x00, 0x00, 0x00, 0x00, 0x00, 0x00, 0x00, 0x00, 0x00, 0x00, 0x00, 0x00,
  0x00, 0x00, 0x00, 0x00, 0x00, 0x00, 0x00, 0x00, 0x00, 0x00, 0x00, 0x00, 0x00, 0x00, 0x00, 0x00,
  0x00, 0x00, 0x00, 0x00, 0x00, 0x00, 0x00, 0x00, 0x00, 0x00, 0x00, 0x00, 0x00, 0x00, 0x00, 0x00,
  0x00, 0x00, 0x00, 0x00, 0x00, 0x00, 0x00, 0x00, 0x00, 0x00, 0x00, 0x00, 0x00, 0x00, 0x00, 0x00,
  0x00, 0x00, 0x00, 0x00, 0x00, 0x00, 0x00, 0x00, 0x00, 0x00, 0x00, 0x00, 0x00, 0x00, 0x00, 0x00,
  0x63, 0x48, 0x83, 0x40, 0x66, 0x49, 0xc7, 0x41, 0xc7, 0x41, 0xe7, 0x41, 0xe7, 0x41, 0xe7, 0x41,
  0xc7, 0x41, 0xc7, 0x41, 0xe7, 0x41, 0xc7, 0x41, 0x46, 0x39, 0x66, 0x41, 0xe7, 0x41, 0xe7, 0x39,
  0xc7, 0x41, 0xc7, 0x41, 0xc7, 0x41, 0xc7, 0x41, 0xe7, 0x41, 0xe7, 0x41, 0xe7, 0x41, 0xe7, 0x41,
  0xe7, 0x41, 0xe7, 0x41, 0xe7, 0x41, 0xe7, 0x41, 0xe7, 0x41, 0xc7, 0x41, 0xc7, 0x41, 0xc7, 0x41,
  0xe7, 0x39, 0xc7, 0x41, 0x05, 0x41, 0xc4, 0x40, 0x66, 0x41, 0xe7, 0x41, 0xc6, 0x39, 0xe7, 0x39,
  0xe7, 0x41, 0xe7, 0x41, 0xe7, 0x39, 0x07, 0x3a, 0xe7, 0x39, 0xc7, 0x41, 0xc7, 0x41, 0xc7, 0x41,
  0xe7, 0x41, 0xe7, 0x41, 0xe7, 0x41, 0xc7, 0x41, 0xc7, 0x41, 0xc7, 0x41, 0xc7, 0x39, 0xc7, 0x41,
  0x04, 0x31, 0x66, 0x41, 0xe7, 0x41, 0x07, 0x3a, 0xe7, 0x39, 0xe7, 0x39, 0xe7, 0x39, 0xe7, 0x39,
  0xe7, 0x41, 0xe7, 0x41, 0xe7, 0x41, 0xe7, 0x41, 0xe7, 0x41, 0xe7, 0x41, 0xe7, 0x41, 0xe7, 0x41,
  0xc7, 0x41, 0xc7, 0x41, 0xc8, 0x41, 0xc7, 0x41, 0xc7, 0x41, 0xe7, 0x41, 0x07, 0x3a, 0xe7, 0x39,
  0x45, 0x39, 0x45, 0x39, 0x65, 0x41, 0x20, 0x08, 0x00, 0x00, 0x00, 0x00, 0x00, 0x00, 0x00, 0x00,
  0x00, 0x00, 0x00, 0x00, 0x00, 0x00, 0x00, 0x00, 0x00, 0x00, 0x00, 0x00, 0x00, 0x00, 0x00, 0x00,
  0x00, 0x00, 0x00, 0x00, 0x00, 0x00, 0x00, 0x00, 0x00, 0x00, 0x00, 0x00, 0x00, 0x00, 0x00, 0x00,
  0x00, 0x00, 0x00, 0x00, 0x00, 0x00, 0x00, 0x00, 0x00, 0x00, 0x00, 0x00, 0x00, 0x00, 0x00, 0x00,
  0x00, 0x00, 0x00, 0x00, 0x00, 0x00, 0x00, 0x00, 0x00, 0x00, 0x00, 0x00, 0x00, 0x00, 0x00, 0x00,
  0x00, 0x00, 0x00, 0x00, 0x00, 0x00, 0x00, 0x00, 0x00, 0x00, 0x00, 0x00, 0x00, 0x00, 0x00, 0x00,
  0x00, 0x00, 0x00, 0x00, 0x00, 0x00, 0x00, 0x00, 0x00, 0x00, 0x00, 0x00, 0x00, 0x00, 0x00, 0x00,
  0x00, 0x00, 0x00, 0x00, 0x00, 0x00, 0x00, 0x00, 0x00, 0x00, 0x00, 0x00, 0x00, 0x00, 0x00, 0x00,
  0x00, 0x00, 0x00, 0x00, 0x00, 0x00, 0x00, 0x00, 0x00, 0x00, 0x00, 0x00, 0x00, 0x00, 0x00, 0x00,
  0x00, 0x00, 0x00, 0x00, 0x00, 0x00, 0x00, 0x00, 0x00, 0x00, 0x00, 0x00, 0x00, 0x00, 0x00, 0x00,
  0x00, 0x00, 0x00, 0x00, 0x00, 0x00, 0x00, 0x00, 0x00, 0x00, 0x00, 0x00, 0x00, 0x00, 0x00, 0x00,
  0x00, 0x00, 0x00, 0x00, 0x00, 0x00, 0x00, 0x00, 0x00, 0x00, 0x00, 0x00, 0x00, 0x00, 0x00, 0x00,
  0x00, 0x00, 0x00, 0x00, 0x00, 0x00, 0x00, 0x00, 0x00, 0x00, 0x00, 0x00, 0x00, 0x00, 0x00, 0x00,
  0x00, 0x00, 0x00, 0x00, 0x00, 0x00, 0x00, 0x00, 0x00, 0x00, 0x00, 0x00, 0x00, 0x00, 0x00, 0x00,
  0x00, 0x00, 0x00, 0x00, 0x00, 0x00, 0x00, 0x00, 0x00, 0x00, 0x00, 0x00, 0x00, 0x00, 0x00, 0x00,
  0x00, 0x00, 0x00, 0x00, 0x00, 0x00, 0x00, 0x00, 0x00, 0x00, 0x00, 0x00, 0x00, 0x00, 0x00, 0x00,
  0x00, 0x00, 0x00, 0x00, 0x00, 0x00, 0x00, 0x00, 0x00, 0x00, 0x00, 0x00, 0x00, 0x00, 0x00, 0x00,
  0x00, 0x00, 0x00, 0x00, 0x00, 0x00, 0x00, 0x00, 0x00, 0x00, 0x00, 0x00, 0x00, 0x00, 0x00, 0x00,
  0x00, 0x00, 0x00, 0x00, 0x00, 0x00, 0x00, 0x00, 0x00, 0x00, 0x00, 0x00, 0x00, 0x00, 0x00, 0x00,
  0x00, 0x00, 0x00, 0x00, 0x00, 0x00, 0x00, 0x00, 0x00, 0x00, 0x00, 0x00, 0x00, 0x00, 0x00, 0x00,
  0x00, 0x00, 0x00, 0x00, 0x00, 0x00, 0x00, 0x00, 0x00, 0x00, 0x00, 0x00, 0x00, 0x00, 0x00, 0x00,
  0x00, 0x00, 0x00, 0x00, 0x00, 0x00, 0x21, 0x18, 0x83, 0x48, 0x83, 0x40, 0x66, 0x49, 0xc7, 0x41,
  0xc7, 0x41, 0xe7, 0x41, 0xe7, 0x41, 0xe7, 0x41, 0xc7, 0x41, 0xc7, 0x41, 0xe7, 0x41, 0xc7, 0x41,
  0x46, 0x39, 0x66, 0x41, 0xe7, 0x41, 0xe7, 0x39, 0xc7, 0x41, 0xc7, 0x41, 0xc7, 0x41, 0xc7, 0x41,
  0xe7, 0x41, 0xe7, 0x41, 0xe7, 0x41, 0xe7, 0x41, 0xe7, 0x41, 0xe7, 0x41, 0xe7, 0x41, 0xe7, 0x41,
  0xe7, 0x41, 0xc7, 0x41, 0xc7, 0x41, 0xc7, 0x41, 0xe7, 0x39, 0xe8, 0x41, 0x87, 0x49, 0xc4, 0x38,
  0x25, 0x39, 0xc7, 0x41, 0xc6, 0x39, 0xc6, 0x39, 0xe7, 0x41, 0xe7, 0x41, 0xe7, 0x39, 0xe7, 0x39,
  0xe7, 0x39, 0xc7, 0x41, 0xc7, 0x41, 0xc7, 0x41, 0xe7, 0x41, 0xe7, 0x41, 0xe7, 0x41, 0xc7, 0x41,
  0xc7, 0x41, 0xc7, 0x41, 0xc7, 0x39, 0xc7, 0x41, 0x45, 0x39, 0x45, 0x39, 0xc7, 0x39, 0x07, 0x42,
  0xe7, 0x39, 0xe7, 0x39, 0xe7, 0x39, 0xe7, 0x39, 0xe7, 0x41, 0xe7, 0x41, 0xe7, 0x41, 0xe7, 0x41,
  0xe7, 0x41, 0xe7, 0x41, 0xe7, 0x41, 0xe7, 0x41, 0xc7, 0x41, 0xc7, 0x41, 0xc8, 0x41, 0xe8, 0x41,
  0xe7, 0x39, 0xe7, 0x39, 0xe7, 0x39, 0xe7, 0x41, 0x65, 0x39, 0x45, 0x39, 0x45, 0x41, 0xc3, 0x20,
  0x00, 0x00, 0x00, 0x00, 0x00, 0x00, 0x00, 0x00, 0x00, 0x00, 0x00, 0x00, 0x00, 0x00, 0x00, 0x00,
  0x00, 0x00, 0x00, 0x00, 0x00, 0x00, 0x00, 0x00, 0x00, 0x00, 0x00, 0x00, 0x00, 0x00, 0x00, 0x00,
  0x00, 0x00, 0x00, 0x00, 0x00, 0x00, 0x00, 0x00, 0x00, 0x00, 0x00, 0x00, 0x00, 0x00, 0x00, 0x00,
  0x00, 0x00, 0x00, 0x00, 0x00, 0x00, 0x00, 0x00, 0x00, 0x00, 0x00, 0x00, 0x00, 0x00, 0x00, 0x00,
  0x00, 0x00, 0x00, 0x00, 0x00, 0x00, 0x00, 0x00, 0x00, 0x00, 0x00, 0x00, 0x00, 0x00, 0x00, 0x00,
  0x00, 0x00, 0x00, 0x00, 0x00, 0x00, 0x00, 0x00, 0x00, 0x00, 0x00, 0x00, 0x00, 0x00, 0x00, 0x00,
  0x00, 0x00, 0x00, 0x00, 0x00, 0x00, 0x00, 0x00, 0x00, 0x00, 0x00, 0x00, 0x00, 0x00, 0x00, 0x00,
  0x00, 0x00, 0x00, 0x00, 0x00, 0x00, 0x00, 0x00, 0x00, 0x00, 0x00, 0x00, 0x00, 0x00, 0x00, 0x00,
  0x00, 0x00, 0x00, 0x00, 0x00, 0x00, 0x00, 0x00, 0x00, 0x00, 0x00, 0x00, 0x00, 0x00, 0x00, 0x00,
  0x00, 0x00, 0x00, 0x00, 0x00, 0x00, 0x00, 0x00, 0x00, 0x00, 0x00, 0x00, 0x00, 0x00, 0x00, 0x00,
  0x00, 0x00, 0x00, 0x00, 0x00, 0x00, 0x00, 0x00, 0x00, 0x00, 0x00, 0x00, 0x00, 0x00, 0x00, 0x00,
  0x00, 0x00, 0x00, 0x00, 0x00, 0x00, 0x00, 0x00, 0x00, 0x00, 0x00, 0x00, 0x00, 0x00, 0x00, 0x00,
  0x00, 0x00, 0x00, 0x00, 0x00, 0x00, 0x00, 0x00, 0x00, 0x00, 0x00, 0x00, 0x00, 0x00, 0x00, 0x00,
  0x00, 0x00, 0x00, 0x00, 0x00, 0x00, 0x00, 0x00, 0x00, 0x00, 0x00, 0x00, 0x00, 0x00, 0x00, 0x00,
  0x00, 0x00, 0x00, 0x00, 0x00, 0x00, 0x00, 0x00, 0x00, 0x00, 0x00, 0x00, 0x00, 0x00, 0x00, 0x00,
  0x00, 0x00, 0x00, 0x00, 0x00, 0x00, 0x00, 0x00, 0x00, 0x00, 0x00, 0x00, 0x00, 0x00, 0x00, 0x00,
  0x00, 0x00, 0x00, 0x00, 0x00, 0x00, 0x00, 0x00, 0x00, 0x00, 0x00, 0x00, 0x00, 0x00, 0x00, 0x00,
  0x00, 0x00, 0x00, 0x00, 0x00, 0x00, 0x00, 0x00, 0x00, 0x00, 0x00, 0x00, 0x00, 0x00, 0x00, 0x00,
  0x00, 0x00, 0x00, 0x00, 0x00, 0x00, 0x00, 0x00, 0x00, 0x00, 0x00, 0x00, 0x00, 0x00, 0x00, 0x00,
  0x00, 0x00, 0x00, 0x00, 0x00, 0x00, 0x00, 0x00, 0x00, 0x00, 0x00, 0x00, 0x00, 0x00, 0x00, 0x00,
  0x00, 0x00, 0x00, 0x00, 0x00, 0x00, 0x00, 0x00, 0x00, 0x00, 0x00, 0x00, 0x00, 0x00, 0x41, 0x18,
  0x83, 0x48, 0x83, 0x40, 0x86, 0x49, 0xc7, 0x41, 0xc7, 0x41, 0xc7, 0x41, 0xc7, 0x41, 0xc7, 0x41,
  0xc7, 0x41, 0xc7, 0x41, 0xe7, 0x41, 0xc7, 0x41, 0x46, 0x39, 0x66, 0x41, 0xe7, 0x41, 0xe7, 0x39,
  0xc7, 0x41, 0xc7, 0x41, 0xc7, 0x41, 0xc7, 0x41, 0xe7, 0x41, 0xe7, 0x41, 0xe7, 0x41, 0xe7, 0x41,
  0xe7, 0x41, 0xe7, 0x41, 0xe7, 0x41, 0xe7, 0x41, 0xe7, 0x41, 0xe7, 0x41, 0xc7, 0x41, 0xc7, 0x41,
  0xe7, 0x39, 0xe7, 0x41, 0xc8, 0x51, 0xe4, 0x38, 0xe4, 0x30, 0xa7, 0x49, 0xc7, 0x41, 0xc6, 0x39,
  0xe7, 0x41, 0xe7, 0x41, 0xe7, 0x39, 0xe7, 0x39, 0xe7, 0x39, 0xc7, 0x41, 0xc7, 0x41, 0xc7, 0x41,
  0xe7, 0x41, 0xe7, 0x41, 0xe7, 0x41, 0xc7, 0x41, 0xc7, 0x41, 0xc7, 0x39, 0xe7, 0x39, 0xc7, 0x39,
  0x86, 0x41, 0x45, 0x39, 0x86, 0x39, 0xe7, 0x41, 0xe7, 0x41, 0xe7, 0x39, 0xe7, 0x39, 0xe7, 0x39,
  0xe7, 0x41, 0xe7, 0x41, 0xe7, 0x41, 0xe7, 0x41, 0xe7, 0x41, 0xe7, 0x41, 0xe7, 0x41, 0xe7, 0x41,
  0xc7, 0x41, 0xc7, 0x41, 0xc8, 0x41, 0xe8, 0x41, 0x08, 0x42, 0xc7, 0x39, 0xc7, 0x39, 0xe8, 0x41,
  0x65, 0x39, 0x45, 0x39, 0x45, 0x41, 0x24, 0x31, 0x00, 0x00, 0x00, 0x00, 0x00, 0x00, 0x00, 0x00,
  0x00, 0x00, 0x00, 0x00, 0x00, 0x00, 0x00, 0x00, 0x00, 0x00, 0x00, 0x00, 0x00, 0x00, 0x00, 0x00,
  0x00, 0x00, 0x00, 0x00, 0x00, 0x00, 0x00, 0x00, 0x00, 0x00, 0x00, 0x00, 0x00, 0x00, 0x00, 0x00,
  0x00, 0x00, 0x00, 0x00, 0x00, 0x00, 0x00, 0x00, 0x00, 0x00, 0x00, 0x00, 0x00, 0x00, 0x00, 0x00,
  0x00, 0x00, 0x00, 0x00, 0x00, 0x00, 0x00, 0x00, 0x00, 0x00, 0x00, 0x00, 0x00, 0x00, 0x00, 0x00,
  0x00, 0x00, 0x00, 0x00, 0x00, 0x00, 0x00, 0x00, 0x00, 0x00, 0x00, 0x00, 0x00, 0x00, 0x00, 0x00,
  0x00, 0x00, 0x00, 0x00, 0x00, 0x00, 0x00, 0x00, 0x00, 0x00, 0x00, 0x00, 0x00, 0x00, 0x00, 0x00,
  0x00, 0x00, 0x00, 0x00, 0x00, 0x00, 0x00, 0x00, 0x00, 0x00, 0x00, 0x00, 0x00, 0x00, 0x00, 0x00,
  0x00, 0x00, 0x00, 0x00, 0x00, 0x00, 0x00, 0x00, 0x00, 0x00, 0x00, 0x00, 0x00, 0x00, 0x00, 0x00,
  0x00, 0x00, 0x00, 0x00, 0x00, 0x00, 0x00, 0x00, 0x00, 0x00, 0x00, 0x00, 0x00, 0x00, 0x00, 0x00,
  0x00, 0x00, 0x00, 0x00, 0x00, 0x00, 0x00, 0x00, 0x00, 0x00, 0x00, 0x00, 0x00, 0x00, 0x00, 0x00,
  0x00, 0x00, 0x00, 0x00, 0x00, 0x00, 0x00, 0x00, 0x00, 0x00, 0x00, 0x00, 0x00, 0x00, 0x00, 0x00,
  0x00, 0x00, 0x00, 0x00, 0x00, 0x00, 0x00, 0x00, 0x00, 0x00, 0x00, 0x00, 0x00, 0x00, 0x00, 0x00,
  0x00, 0x00, 0x00, 0x00, 0x00, 0x00, 0x00, 0x00, 0x00, 0x00, 0x00, 0x00, 0x00, 0x00, 0x00, 0x00,
  0x00, 0x00, 0x00, 0x00, 0x00, 0x00, 0x00, 0x00, 0x00, 0x00, 0x00, 0x00, 0x00, 0x00, 0x00, 0x00,
  0x00, 0x00, 0x00, 0x00, 0x00, 0x00, 0x00, 0x00, 0x00, 0x00, 0x00, 0x00, 0x00, 0x00, 0x00, 0x00,
  0x00, 0x00, 0x00, 0x00, 0x00, 0x00, 0x00, 0x00, 0x00, 0x00, 0x00, 0x00, 0x00, 0x00, 0x00, 0x00,
  0x00, 0x00, 0x00, 0x00, 0x00, 0x00, 0x00, 0x00, 0x00, 0x00, 0x00, 0x00, 0x00, 0x00, 0x00, 0x00,
  0x00, 0x00, 0x00, 0x00, 0x00, 0x00, 0x00, 0x00, 0x00, 0x00, 0x00, 0x00, 0x00, 0x00, 0x00, 0x00,
  0x00, 0x00, 0x00, 0x00, 0x00, 0x00, 0x00, 0x00, 0x00, 0x00, 0x00, 0x00, 0x00, 0x00, 0x00, 0x00,
  0x00, 0x00, 0x00, 0x00, 0x00, 0x00, 0x00, 0x00, 0x00, 0x00, 0x00, 0x00, 0x00, 0x00, 0x00, 0x00,
  0x00, 0x00, 0x00, 0x00, 0x00, 0x00, 0x41, 0x18, 0x83, 0x48, 0xe5, 0x48, 0xa7, 0x41, 0xc7, 0x41,
  0xc7, 0x41, 0xc7, 0x41, 0xc7, 0x41, 0xc7, 0x41, 0xc7, 0x41, 0xc7, 0x41, 0xc7, 0x41, 0xc7, 0x41,
  0x45, 0x39, 0x87, 0x41, 0xc7, 0x41, 0xe7, 0x39, 0xc7, 0x41, 0xc7, 0x41, 0xc7, 0x41, 0xc7, 0x41,
  0xe7, 0x41, 0xe7, 0x41, 0xe7, 0x41, 0xe7, 0x41, 0xe7, 0x41, 0xe7, 0x41, 0xe7, 0x41, 0xe7, 0x41,
  0xe7, 0x41, 0xe7, 0x41, 0xe7, 0x41, 0xe7, 0x41, 0xe7, 0x39, 0xe7, 0x41, 0xe7, 0x49, 0x66, 0x41,
  0xa3, 0x30, 0x46, 0x49, 0xc7, 0x41, 0xe7, 0x41, 0xe7, 0x41, 0xe7, 0x41, 0x07, 0x3a, 0xe7, 0x39,
  0xe7, 0x39, 0xe7, 0x41, 0xe7, 0x41, 0xe7, 0x41, 0xe7, 0x41, 0xe7, 0x41, 0xe7, 0x41, 0xe7, 0x41,
  0xc7, 0x41, 0xe7, 0x39, 0xe7, 0x39, 0xe7, 0x39, 0xe7, 0x49, 0x66, 0x39, 0x04, 0x31, 0xe7, 0x49,
  0xe7, 0x41, 0xe7, 0x39, 0xe7, 0x39, 0xe7, 0x39, 0xe7, 0x41, 0xe7, 0x41, 0xe7, 0x41, 0xe7, 0x41,
  0xe7, 0x41, 0xe7, 0x41, 0xe7, 0x41, 0xe7, 0x41, 0xc7, 0x41, 0xc7, 0x41, 0xc8, 0x41, 0xe8, 0x41,
  0xe8, 0x39, 0xe7, 0x39, 0xe7, 0x39, 0xe7, 0x41, 0xe8, 0x49, 0x45, 0x39, 0x45, 0x39, 0x65, 0x49,
  0x20, 0x08, 0x00, 0x00, 0x00, 0x00, 0x00, 0x00, 0x00, 0x00, 0x00, 0x00, 0x00, 0x00, 0x00, 0x00,
  0x00, 0x00, 0x00, 0x00, 0x00, 0x00, 0x00, 0x00, 0x00, 0x00, 0x00, 0x00, 0x00, 0x00, 0x00, 0x00,
  0x00, 0x00, 0x00, 0x00, 0x00, 0x00, 0x00, 0x00, 0x00, 0x00, 0x00, 0x00, 0x00, 0x00, 0x00, 0x00,
  0x00, 0x00, 0x00, 0x00, 0x00, 0x00, 0x00, 0x00, 0x00, 0x00, 0x00, 0x00, 0x00, 0x00, 0x00, 0x00,
  0x00, 0x00, 0x00, 0x00, 0x00, 0x00, 0x00, 0x00, 0x00, 0x00, 0x00, 0x00, 0x00, 0x00, 0x00, 0x00,
  0x00, 0x00, 0x00, 0x00, 0x00, 0x00, 0x00, 0x00, 0x00, 0x00, 0x00, 0x00, 0x00, 0x00, 0x00, 0x00,
  0x00, 0x00, 0x00, 0x00, 0x00, 0x00, 0x00, 0x00, 0x00, 0x00, 0x00, 0x00, 0x00, 0x00, 0x00, 0x00,
  0x00, 0x00, 0x00, 0x00, 0x00, 0x00, 0x00, 0x00, 0x00, 0x00, 0x00, 0x00, 0x00, 0x00, 0x00, 0x00,
  0x00, 0x00, 0x00, 0x00, 0x00, 0x00, 0x00, 0x00, 0x00, 0x00, 0x00, 0x00, 0x00, 0x00, 0x00, 0x00,
  0x00, 0x00, 0x00, 0x00, 0x00, 0x00, 0x00, 0x00, 0x00, 0x00, 0x00, 0x00, 0x00, 0x00, 0x00, 0x00,
  0x00, 0x00, 0x00, 0x00, 0x00, 0x00, 0x00, 0x00, 0x00, 0x00, 0x00, 0x00, 0x00, 0x00, 0x00, 0x00,
  0x00, 0x00, 0x00, 0x00, 0x00, 0x00, 0x00, 0x00, 0x00, 0x00, 0x00, 0x00, 0x00, 0x00, 0x00, 0x00,
  0x00, 0x00, 0x00, 0x00, 0x00, 0x00, 0x00, 0x00, 0x00, 0x00, 0x00, 0x00, 0x00, 0x00, 0x00, 0x00,
  0x00, 0x00, 0x00, 0x00, 0x00, 0x00, 0x00, 0x00, 0x00, 0x00, 0x00, 0x00, 0x00, 0x00, 0x00, 0x00,
  0x00, 0x00, 0x00, 0x00, 0x00, 0x00, 0x00, 0x00, 0x00, 0x00, 0x00, 0x00, 0x00, 0x00, 0x00, 0x00,
  0x00, 0x00, 0x00, 0x00, 0x00, 0x00, 0x00, 0x00, 0x00, 0x00, 0x00, 0x00, 0x00, 0x00, 0x00, 0x00,
  0x00, 0x00, 0x00, 0x00, 0x00, 0x00, 0x00, 0x00, 0x00, 0x00, 0x00, 0x00, 0x00, 0x00, 0x00, 0x00,
  0x00, 0x00, 0x00, 0x00, 0x00, 0x00, 0x00, 0x00, 0x00, 0x00, 0x00, 0x00, 0x00, 0x00, 0x00, 0x00,
  0x00, 0x00, 0x00, 0x00, 0x00, 0x00, 0x00, 0x00, 0x00, 0x00, 0x00, 0x00, 0x00, 0x00, 0x00, 0x00,
  0x00, 0x00, 0x00, 0x00, 0x00, 0x00, 0x00, 0x00, 0x00, 0x00, 0x00, 0x00, 0x00, 0x00, 0x00, 0x00,
  0x00, 0x00, 0x00, 0x00, 0x00, 0x00, 0x00, 0x00, 0x00, 0x00, 0x00, 0x00, 0x00, 0x00, 0x41, 0x18,
  0xa3, 0x40, 0x05, 0x49, 0xa7, 0x41, 0xc7, 0x41, 0xc7, 0x41, 0xc7, 0x41, 0xc7, 0x39, 0xc7, 0x39,
  0xc7, 0x41, 0xc7, 0x41, 0xc7, 0x41, 0xc7, 0x41, 0x45, 0x39, 0x87, 0x41, 0xc7, 0x41, 0xe7, 0x39,
  0xc7, 0x41, 0xc7, 0x41, 0xc7, 0x41, 0xc7, 0x41, 0xe7, 0x41, 0xe7, 0x41, 0xe7, 0x41, 0xe7, 0x41,
  0xe7, 0x41, 0xe7, 0x41, 0xe7, 0x41, 0xe7, 0x41, 0xe7, 0x41, 0xe7, 0x41, 0xe7, 0x41, 0xe7, 0x41,
  0xe7, 0x39, 0xe7, 0x41, 0xe7, 0x41, 0xa7, 0x41, 0xc4, 0x38, 0x25, 0x41, 0xa6, 0x41, 0xe7, 0x41,
  0xe7, 0x41, 0xe7, 0x41, 0xe7, 0x41, 0xe7, 0x41, 0xe7, 0x41, 0xe7, 0x41, 0xe7, 0x41, 0xe7, 0x41,
  0xe7, 0x41, 0xe7, 0x41, 0xe7, 0x41, 0xe7, 0x41, 0xe7, 0x39, 0xe7, 0x39, 0xe7, 0x39, 0xe7, 0x39,
  0xe7, 0x41, 0x86, 0x41, 0x25, 0x39, 0x86, 0x41, 0xe7, 0x41, 0xe7, 0x39, 0xe7, 0x39, 0xe7, 0x39,
  0xe7, 0x41, 0xe7, 0x41, 0xe7, 0x41, 0xe7, 0x41, 0xe7, 0x41, 0xe7, 0x41, 0xe7, 0x41, 0xe7, 0x41,
  0xc7, 0x41, 0xc7, 0x41, 0xc8, 0x41, 0xe8, 0x41, 0xe8, 0x39, 0xe8, 0x39, 0xe7, 0x41, 0xc7, 0x41,
  0x08, 0x4a, 0x86, 0x41, 0x45, 0x41, 0x45, 0x49, 0x82, 0x20, 0x00, 0x00, 0x00, 0x00, 0x00, 0x00,
  0x00, 0x00, 0x00, 0x00, 0x00, 0x00, 0x00, 0x00, 0x00, 0x00, 0x00, 0x00, 0x00, 0x00, 0x00, 0x00,
  0x00, 0x00, 0x00, 0x00, 0x00, 0x00, 0x00, 0x00, 0x00, 0x00, 0x00, 0x00, 0x00, 0x00, 0x00, 0x00,
  0x00, 0x00, 0x00, 0x00, 0x00, 0x00, 0x00, 0x00, 0x00, 0x00, 0x00, 0x00, 0x00, 0x00, 0x00, 0x00,
  0x00, 0x00, 0x00, 0x00, 0x00, 0x00, 0x00, 0x00, 0x00, 0x00, 0x00, 0x00, 0x00, 0x00, 0x00, 0x00,
  0x00, 0x00, 0x00, 0x00, 0x00, 0x00, 0x00, 0x00, 0x00, 0x00, 0x00, 0x00, 0x00, 0x00, 0x00, 0x00,
  0x00, 0x00, 0x00, 0x00, 0x00, 0x00, 0x00, 0x00, 0x00, 0x00, 0x00, 0x00, 0x00, 0x00, 0x00, 0x00,
  0x00, 0x00, 0x00, 0x00, 0x00, 0x00, 0x00, 0x00, 0x00, 0x00, 0x00, 0x00, 0x00, 0x00, 0x00, 0x00,
  0x00, 0x00, 0x00, 0x00, 0x00, 0x00, 0x00, 0x00, 0x00, 0x00, 0x00, 0x00, 0x00, 0x00, 0x00, 0x00,
  0x00, 0x00, 0x00, 0x00, 0x00, 0x00, 0x00, 0x00, 0x00, 0x00, 0x00, 0x00, 0x00, 0x00, 0x00, 0x00,
  0x00, 0x00, 0x00, 0x00, 0x00, 0x00, 0x00, 0x00, 0x00, 0x00, 0x00, 0x00, 0x00, 0x00, 0x00, 0x00,
  0x00, 0x00, 0x00, 0x00, 0x00, 0x00, 0x00, 0x00, 0x00, 0x00, 0x00, 0x00, 0x00, 0x00, 0x00, 0x00,
  0x00, 0x00, 0x00, 0x00, 0x00, 0x00, 0x00, 0x00, 0x00, 0x00, 0x00, 0x00, 0x00, 0x00, 0x00, 0x00,
  0x00, 0x00, 0x00, 0x00, 0x00, 0x00, 0x00, 0x00, 0x00, 0x00, 0x00, 0x00, 0x00, 0x00, 0x00, 0x00,
  0x00, 0x00, 0x00, 0x00, 0x00, 0x00, 0x00, 0x00, 0x00, 0x00, 0x00, 0x00, 0x00, 0x00, 0x00, 0x00,
  0x00, 0x00, 0x00, 0x00, 0x00, 0x00, 0x00, 0x00, 0x00, 0x00, 0x00, 0x00, 0x00, 0x00, 0x00, 0x00,
  0x00, 0x00, 0x00, 0x00, 0x00, 0x00, 0x00, 0x00, 0x00, 0x00, 0x00, 0x00, 0x00, 0x00, 0x00, 0x00,
  0x00, 0x00, 0x00, 0x00, 0x00, 0x00, 0x00, 0x00, 0x00, 0x00, 0x00, 0x00, 0x00, 0x00, 0x00, 0x00,
  0x00, 0x00, 0x00, 0x00, 0x00, 0x00, 0x00, 0x00, 0x00, 0x00, 0x00, 0x00, 0x00, 0x00, 0x00, 0x00,
  0x00, 0x00, 0x00, 0x00, 0x00, 0x00, 0x00, 0x00, 0x00, 0x00, 0x00, 0x00, 0x00, 0x00, 0x00, 0x00,
  0x00, 0x00, 0x00, 0x00, 0x00, 0x00, 0x00, 0x00, 0x00, 0x00, 0x00, 0x00, 0x00, 0x00, 0x00, 0x00,
  0x00, 0x00, 0x00, 0x00, 0x00, 0x00, 0x41, 0x20, 0xa3, 0x40, 0x04, 0x41, 0xa7, 0x41, 0xe7, 0x39,
  0xc7, 0x39, 0xc7, 0x41, 0xc7, 0x39, 0xc7, 0x39, 0xc7, 0x41, 0xc7, 0x41, 0xc7, 0x41, 0xc7, 0x41,
  0x45, 0x39, 0x87, 0x41, 0xc7, 0x41, 0xe7, 0x39, 0xc7, 0x41, 0xc7, 0x41, 0xc7, 0x41, 0xc7, 0x41,
  0xe7, 0x41, 0xe7, 0x41, 0xe7, 0x41, 0xe7, 0x41, 0xe7, 0x41, 0xe7, 0x41, 0xe7, 0x41, 0xe7, 0x41,
  0xe7, 0x41, 0xe7, 0x41, 0xe7, 0x39, 0xe7, 0x39, 0xe7, 0x41, 0xe7, 0x41, 0xe7, 0x39, 0xe7, 0x49,
  0x25, 0x49, 0xc4, 0x40, 0x86, 0x41, 0xe7, 0x41, 0xe7, 0x41, 0xe7, 0x41, 0xe7, 0x41, 0xe7, 0x41,
  0xe7, 0x41, 0xe7, 0x41, 0xe7, 0x41, 0xe7, 0x41, 0xe7, 0x41, 0xe7, 0x41, 0xe7, 0x41, 0xe7, 0x41,
  0xe7, 0x39, 0xe7, 0x39, 0xe7, 0x39, 0xe7, 0x39, 0xe7, 0x41, 0xc7, 0x41, 0x25, 0x39, 0x46, 0x41,
  0xe7, 0x41, 0xe7, 0x39, 0xe7, 0x39, 0xe7, 0x39, 0xe7, 0x39, 0xe7, 0x39, 0xe7, 0x41, 0xe7, 0x41,
  0xe7, 0x41, 0xe7, 0x41, 0xe7, 0x41, 0xe7, 0x41, 0xe7, 0x41, 0xe7, 0x41, 0xe8, 0x41, 0xe8, 0x39,
  0xe7, 0x39, 0xe7, 0x39, 0xc7, 0x41, 0xc7, 0x41, 0x08, 0x4a, 0xc7, 0x41, 0x45, 0x41, 0x24, 0x41,
  0xc3, 0x30, 0x00, 0x00, 0x00, 0x00, 0x00, 0x00, 0x00, 0x00, 0x00, 0x00, 0x00, 0x00, 0x00, 0x00,
  0x00, 0x00, 0x00, 0x00, 0x00, 0x00, 0x00, 0x00, 0x00, 0x00, 0x00, 0x00, 0x00, 0x00, 0x00, 0x00,
  0x00, 0x00, 0x00, 0x00, 0x00, 0x00, 0x00, 0x00, 0x00, 0x00, 0x00, 0x00, 0x00, 0x00, 0x00, 0x00,
  0x00, 0x00, 0x00, 0x00, 0x00, 0x00, 0x00, 0x00, 0x00, 0x00, 0x00, 0x00, 0x00, 0x00, 0x00, 0x00,
  0x00, 0x00, 0x00, 0x00, 0x00, 0x00, 0x00, 0x00, 0x00, 0x00, 0x00, 0x00, 0x00, 0x00, 0x00, 0x00,
  0x00, 0x00, 0x00, 0x00, 0x00, 0x00, 0x00, 0x00, 0x00, 0x00, 0x00, 0x00, 0x00, 0x00, 0x00, 0x00,
  0x00, 0x00, 0x00, 0x00, 0x00, 0x00, 0x00, 0x00, 0x00, 0x00, 0x00, 0x00, 0x00, 0x00, 0x00, 0x00,
  0x00, 0x00, 0x00, 0x00, 0x00, 0x00, 0x00, 0x00, 0x00, 0x00, 0x00, 0x00, 0x00, 0x00, 0x00, 0x00,
  0x00, 0x00, 0x00, 0x00, 0x00, 0x00, 0x00, 0x00, 0x00, 0x00, 0x00, 0x00, 0x00, 0x00, 0x00, 0x00,
  0x00, 0x00, 0x00, 0x00, 0x00, 0x00, 0x00, 0x00, 0x00, 0x00, 0x00, 0x00, 0x00, 0x00, 0x00, 0x00,
  0x00, 0x00, 0x00, 0x00, 0x00, 0x00, 0x00, 0x00, 0x00, 0x00, 0x00, 0x00, 0x00, 0x00, 0x00, 0x00,
  0x00, 0x00, 0x00, 0x00, 0x00, 0x00, 0x00, 0x00, 0x00, 0x00, 0x00, 0x00, 0x00, 0x00, 0x00, 0x00,
  0x00, 0x00, 0x00, 0x00, 0x00, 0x00, 0x00, 0x00, 0x00, 0x00, 0x00, 0x00, 0x00, 0x00, 0x00, 0x00,
  0x00, 0x00, 0x00, 0x00, 0x00, 0x00, 0x00, 0x00, 0x00, 0x00, 0x00, 0x00, 0x00, 0x00, 0x00, 0x00,
  0x00, 0x00, 0x00, 0x00, 0x00, 0x00, 0x00, 0x00, 0x00, 0x00, 0x00, 0x00, 0x00, 0x00, 0x00, 0x00,
  0x00, 0x00, 0x00, 0x00, 0x00, 0x00, 0x00, 0x00, 0x00, 0x00, 0x00, 0x00, 0x00, 0x00, 0x00, 0x00,
  0x00, 0x00, 0x00, 0x00, 0x00, 0x00, 0x00, 0x00, 0x00, 0x00, 0x00, 0x00, 0x00, 0x00, 0x00, 0x00,
  0x00, 0x00, 0x00, 0x00, 0x00, 0x00, 0x00, 0x00, 0x00, 0x00, 0x00, 0x00, 0x00, 0x00, 0x00, 0x00,
  0x00, 0x00, 0x00, 0x00, 0x00, 0x00, 0x00, 0x00, 0x00, 0x00, 0x00, 0x00, 0x00, 0x00, 0x00, 0x00,
  0x00, 0x00, 0x00, 0x00, 0x00, 0x00, 0x00, 0x00, 0x00, 0x00, 0x00, 0x00, 0x00, 0x00, 0x00, 0x00,
  0x00, 0x00, 0x00, 0x00, 0x00, 0x00, 0x00, 0x00, 0x00, 0x00, 0x00, 0x00, 0x00, 0x00, 0x61, 0x20,
  0xa3, 0x40, 0x04, 0x41, 0xa7, 0x41, 0xc7, 0x39, 0xc7, 0x39, 0xc7, 0x41, 0xc7, 0x39, 0xc7, 0x39,
  0xc7, 0x41, 0xc7, 0x41, 0xc7, 0x41, 0xc7, 0x41, 0x25, 0x39, 0x87, 0x41, 0xc7, 0x41, 0xe7, 0x39,
  0xc7, 0x41, 0xc7, 0x41, 0xc7, 0x41, 0xe7, 0x39, 0xe7, 0x41, 0xe7, 0x41, 0xe7, 0x41, 0xe7, 0x41,
  0xe7, 0x41, 0xe7, 0x41, 0xe7, 0x41, 0xe7, 0x41, 0xe7, 0x41, 0xe7, 0x41, 0xe7, 0x39, 0xe7, 0x39,
  0xe7, 0x41, 0xe7, 0x39, 0xe7, 0x39, 0xe7, 0x41, 0x67, 0x49, 0xa3, 0x38, 0x66, 0x41, 0xe7, 0x49,
  0xe7, 0x41, 0xe7, 0x41, 0xe7, 0x41, 0xe7, 0x41, 0xe7, 0x41, 0xe7, 0x41, 0xe7, 0x41, 0xe7, 0x41,
  0xe7, 0x41, 0xe7, 0x41, 0xe7, 0x41, 0xe7, 0x41, 0xe7, 0x39, 0xe7, 0x39, 0xe7, 0x39, 0xe7, 0x39,
  0xe7, 0x41, 0xe7, 0x49, 0x46, 0x41, 0x45, 0x39, 0xc7, 0x41, 0xe7, 0x41, 0xe7, 0x41, 0xe7, 0x39,
  0xe7, 0x39, 0xe7, 0x39, 0xe7, 0x41, 0xe7, 0x41, 0xe7, 0x41, 0xe7, 0x41, 0xe7, 0x41, 0xe7, 0x41,
  0xe7, 0x41, 0xe7, 0x41, 0xe8, 0x41, 0xe8, 0x39, 0xe7, 0x39, 0xe7, 0x39, 0xc7, 0x41, 0xe7, 0x41,
  0xe7, 0x41, 0x07, 0x4a, 0xa6, 0x41, 0x24, 0x39, 0x04, 0x41, 0x20, 0x08, 0x00, 0x00, 0x00, 0x00,
  0x00, 0x00, 0x00, 0x00, 0x00, 0x00, 0x00, 0x00, 0x00, 0x00, 0x00, 0x00, 0x00, 0x00, 0x00, 0x00,
  0x00, 0x00, 0x00, 0x00, 0x00, 0x00, 0x00, 0x00, 0x00, 0x00, 0x00, 0x00, 0x00, 0x00, 0x00, 0x00,
  0x00, 0x00, 0x00, 0x00, 0x00, 0x00, 0x00, 0x00, 0x00, 0x00, 0x00, 0x00, 0x00, 0x00, 0x00, 0x00,
  0x00, 0x00, 0x00, 0x00, 0x00, 0x00, 0x00, 0x00, 0x00, 0x00, 0x00, 0x00, 0x00, 0x00, 0x00, 0x00,
  0x00, 0x00, 0x00, 0x00, 0x00, 0x00, 0x00, 0x00, 0x00, 0x00, 0x00, 0x00, 0x00, 0x00, 0x00, 0x00,
  0x00, 0x00, 0x00, 0x00, 0x00, 0x00, 0x00, 0x00, 0x00, 0x00, 0x00, 0x00, 0x00, 0x00, 0x00, 0x00,
  0x00, 0x00, 0x00, 0x00, 0x00, 0x00, 0x00, 0x00, 0x00, 0x00, 0x00, 0x00, 0x00, 0x00, 0x00, 0x00,
  0x00, 0x00, 0x00, 0x00, 0x00, 0x00, 0x00, 0x00, 0x00, 0x00, 0x00, 0x00, 0x00, 0x00, 0x00, 0x00,
  0x00, 0x00, 0x00, 0x00, 0x00, 0x00, 0x00, 0x00, 0x00, 0x00, 0x00, 0x00, 0x00, 0x00, 0x00, 0x00,
  0x00, 0x00, 0x00, 0x00, 0x00, 0x00, 0x00, 0x00, 0x00, 0x00, 0x00, 0x00, 0x00, 0x00, 0x00, 0x00,
  0x00, 0x00, 0x00, 0x00, 0x00, 0x00, 0x00, 0x00, 0x00, 0x00, 0x00, 0x00, 0x00, 0x00, 0x00, 0x00,
  0x00, 0x00, 0x00, 0x00, 0x00, 0x00, 0x00, 0x00, 0x00, 0x00, 0x00, 0x00, 0x00, 0x00, 0x00, 0x00,
  0x00, 0x00, 0x00, 0x00, 0x00, 0x00, 0x00, 0x00, 0x00, 0x00, 0x00, 0x00, 0x00, 0x00, 0x00, 0x00,
  0x00, 0x00, 0x00, 0x00, 0x00, 0x00, 0x00, 0x00, 0x00, 0x00, 0x00, 0x00, 0x00, 0x00, 0x00, 0x00,
  0x00, 0x00, 0x00, 0x00, 0x00, 0x00, 0x00, 0x00, 0x00, 0x00, 0x00, 0x00, 0x00, 0x00, 0x00, 0x00,
  0x00, 0x00, 0x00, 0x00, 0x00, 0x00, 0x00, 0x00, 0x00, 0x00, 0x00, 0x00, 0x00, 0x00, 0x00, 0x00,
  0x00, 0x00, 0x00, 0x00, 0x00, 0x00, 0x00, 0x00, 0x00, 0x00, 0x00, 0x00, 0x00, 0x00, 0x00, 0x00,
  0x00, 0x00, 0x00, 0x00, 0x00, 0x00, 0x00, 0x00, 0x00, 0x00, 0x00, 0x00, 0x00, 0x00, 0x00, 0x00,
  0x00, 0x00, 0x00, 0x00, 0x00, 0x00, 0x00, 0x00, 0x00, 0x00, 0x00, 0x00, 0x00, 0x00, 0x00, 0x00,
  0x00, 0x00, 0x00, 0x00, 0x00, 0x00, 0x00, 0x00, 0x00, 0x00, 0x00, 0x00, 0x00, 0x00, 0x00, 0x00,
  0x00, 0x00, 0x00, 0x00, 0x00, 0x00, 0x61, 0x20, 0x82, 0x40, 0x04, 0x41, 0xe8, 0x49, 0xc7, 0x39,
  0xc7, 0x41, 0xc7, 0x41, 0xc7, 0x41, 0xc7, 0x41, 0xc7, 0x41, 0xc7, 0x41, 0xc7, 0x41, 0xc7, 0x41,
  0x25, 0x39, 0x87, 0x41, 0xc7, 0x41, 0xe7, 0x39, 0xc7, 0x41, 0xc7, 0x41, 0xe7, 0x39, 0xe7, 0x39,
  0xe7, 0x39, 0xe7, 0x41, 0xe7, 0x41, 0xe7, 0x41, 0xe7, 0x41, 0xe7, 0x41, 0xe7, 0x41, 0xe7, 0x41,
  0xe7, 0x41, 0xe7, 0x41, 0xe7, 0x41, 0xc7, 0x41, 0xc7, 0x41, 0xc7, 0x41, 0xe7, 0x39, 0xc7, 0x41,
  0x67, 0x41, 0x05, 0x39, 0x24, 0x39, 0xc6, 0x49, 0xe7, 0x41, 0xe7, 0x41, 0xe7, 0x41, 0xe7, 0x41,
  0xe7, 0x41, 0xe7, 0x41, 0xe7, 0x41, 0xe7, 0x41, 0xe7, 0x41, 0xe7, 0x41, 0xe7, 0x41, 0xe7, 0x41,
  0xe7, 0x39, 0xe7, 0x39, 0xe7, 0x39, 0xe7, 0x41, 0xe7, 0x41, 0x08, 0x42, 0xa7, 0x41, 0x45, 0x31,
  0x86, 0x39, 0xe8, 0x49, 0xc7, 0x39, 0xa7, 0x39, 0xe7, 0x39, 0xe7, 0x39, 0xe7, 0x41, 0xe7, 0x41,
  0xe7, 0x39, 0xe7, 0x39, 0xe7, 0x39, 0xe7, 0x39, 0xe7, 0x41, 0xe7, 0x41, 0xe7, 0x41, 0xe7, 0x41,
  0xe7, 0x39, 0xe7, 0x39, 0xe7, 0x41, 0xe7, 0x41, 0xe7, 0x39, 0xe7, 0x41, 0xc7, 0x41, 0x65, 0x39,
  0x24, 0x41, 0x82, 0x20, 0x00, 0x00, 0x00, 0x00, 0x00, 0x00, 0x00, 0x00, 0x00, 0x00, 0x00, 0x00,
  0x00, 0x00, 0x00, 0x00, 0x00, 0x00, 0x00, 0x00, 0x00, 0x00, 0x00, 0x00, 0x00, 0x00, 0x00, 0x00,
  0x00, 0x00, 0x00, 0x00, 0x00, 0x00, 0x00, 0x00, 0x00, 0x00, 0x00, 0x00, 0x00, 0x00, 0x00, 0x00,
  0x00, 0x00, 0x00, 0x00, 0x00, 0x00, 0x00, 0x00, 0x00, 0x00, 0x00, 0x00, 0x00, 0x00, 0x00, 0x00,
  0x00, 0x00, 0x00, 0x00, 0x00, 0x00, 0x00, 0x00, 0x00, 0x00, 0x00, 0x00, 0x00, 0x00, 0x00, 0x00,
  0x00, 0x00, 0x00, 0x00, 0x00, 0x00, 0x00, 0x00, 0x00, 0x00, 0x00, 0x00, 0x00, 0x00, 0x00, 0x00,
  0x00, 0x00, 0x00, 0x00, 0x00, 0x00, 0x00, 0x00, 0x00, 0x00, 0x00, 0x00, 0x00, 0x00, 0x00, 0x00,
  0x00, 0x00, 0x00, 0x00, 0x00, 0x00, 0x00, 0x00, 0x00, 0x00, 0x00, 0x00, 0x00, 0x00, 0x00, 0x00,
  0x00, 0x00, 0x00, 0x00, 0x00, 0x00, 0x00, 0x00, 0x00, 0x00, 0x00, 0x00, 0x00, 0x00, 0x00, 0x00,
  0x00, 0x00, 0x00, 0x00, 0x00, 0x00, 0x00, 0x00, 0x00, 0x00, 0x00, 0x00, 0x00, 0x00, 0x00, 0x00,
  0x00, 0x00, 0x00, 0x00, 0x00, 0x00, 0x00, 0x00, 0x00, 0x00, 0x00, 0x00, 0x00, 0x00, 0x00, 0x00,
  0x00, 0x00, 0x00, 0x00, 0x00, 0x00, 0x00, 0x00, 0x00, 0x00, 0x00, 0x00, 0x00, 0x00, 0x00, 0x00,
  0x00, 0x00, 0x00, 0x00, 0x00, 0x00, 0x00, 0x00, 0x00, 0x00, 0x00, 0x00, 0x00, 0x00, 0x00, 0x00,
  0x00, 0x00, 0x00, 0x00, 0x00, 0x00, 0x00, 0x00, 0x00, 0x00, 0x00, 0x00, 0x00, 0x00, 0x00, 0x00,
  0x00, 0x00, 0x00, 0x00, 0x00, 0x00, 0x00, 0x00, 0x00, 0x00, 0x00, 0x00, 0x00, 0x00, 0x00, 0x00,
  0x00, 0x00, 0x00, 0x00, 0x00, 0x00, 0x00, 0x00, 0x00, 0x00, 0x00, 0x00, 0x00, 0x00, 0x00, 0x00,
  0x00, 0x00, 0x00, 0x00, 0x00, 0x00, 0x00, 0x00, 0x00, 0x00, 0x00, 0x00, 0x00, 0x00, 0x00, 0x00,
  0x00, 0x00, 0x00, 0x00, 0x00, 0x00, 0x00, 0x00, 0x00, 0x00, 0x00, 0x00, 0x00, 0x00, 0x00, 0x00,
  0x00, 0x00, 0x00, 0x00, 0x00, 0x00, 0x00, 0x00, 0x00, 0x00, 0x00, 0x00, 0x00, 0x00, 0x00, 0x00,
  0x00, 0x00, 0x00, 0x00, 0x00, 0x00, 0x00, 0x00, 0x00, 0x00, 0x00, 0x00, 0x00, 0x00, 0x00, 0x00,
  0x00, 0x00, 0x00, 0x00, 0x00, 0x00, 0x00, 0x00, 0x00, 0x00, 0x00, 0x00, 0x00, 0x00, 0x61, 0x20,
  0xa2, 0x40, 0xe4, 0x40, 0xe7, 0x49, 0xc7, 0x39, 0xc7, 0x41, 0xc7, 0x41, 0xc7, 0x41, 0xc7, 0x41,
  0xc7, 0x41, 0xc7, 0x41, 0xc7, 0x41, 0xc7, 0x41, 0x25, 0x39, 0x87, 0x49, 0xc7, 0x41, 0xe7, 0x39,
  0xc7, 0x41, 0xe7, 0x39, 0xe7, 0x39, 0xe7, 0x39, 0xe7, 0x39, 0xe7, 0x41, 0xe7, 0x41, 0xe7, 0x41,
  0xe7, 0x41, 0xe7, 0x41, 0xe7, 0x41, 0xe7, 0x41, 0xe7, 0x41, 0xe7, 0x41, 0xe7, 0x41, 0xc7, 0x41,
  0xc7, 0x41, 0xc7, 0x39, 0xc7, 0x39, 0xc7, 0x41, 0xa7, 0x39, 0x46, 0x39, 0x04, 0x41, 0x45, 0x41,
  0xe7, 0x41, 0xe7, 0x41, 0xe7, 0x41, 0xc7, 0x41, 0xe7, 0x41, 0xe7, 0x41, 0xe7, 0x41, 0xe7, 0x41,
  0xe7, 0x41, 0xe7, 0x41, 0xe7, 0x41, 0xe7, 0x41, 0xe7, 0x39, 0xe7, 0x39, 0xe7, 0x41, 0xe7, 0x41,
  0xe7, 0x41, 0x07, 0x42, 0xe7, 0x41, 0x65, 0x31, 0x66, 0x39, 0xe8, 0x49, 0xc7, 0x41, 0xc7, 0x39,
  0xe7, 0x39, 0xe7, 0x39, 0xe7, 0x41, 0xe7, 0x41, 0xe7, 0x39, 0xe7, 0x39, 0xe7, 0x39, 0xe7, 0x39,
  0xe7, 0x41, 0xe7, 0x41, 0xe7, 0x41, 0xe7, 0x41, 0xe7, 0x41, 0xe7, 0x41, 0xe7, 0x39, 0xe7, 0x39,
  0xe7, 0x39, 0xe7, 0x41, 0xe7, 0x41, 0x86, 0x41, 0x24, 0x39, 0xe3, 0x38, 0x00, 0x00, 0x00, 0x00,
  0x00, 0x00, 0x00, 0x00, 0x00, 0x00, 0x00, 0x00, 0x00, 0x00, 0x00, 0x00, 0x00, 0x00, 0x00, 0x00,
  0x00, 0x00, 0x00, 0x00, 0x00, 0x00, 0x00, 0x00, 0x00, 0x00, 0x00, 0x00, 0x00, 0x00, 0x00, 0x00,
  0x00, 0x00, 0x00, 0x00, 0x00, 0x00, 0x00, 0x00, 0x00, 0x00, 0x00, 0x00, 0x00, 0x00, 0x00, 0x00,
  0x00, 0x00, 0x00, 0x00, 0x00, 0x00, 0x00, 0x00, 0x00, 0x00, 0x00, 0x00, 0x00, 0x00, 0x00, 0x00,
  0x00, 0x00, 0x00, 0x00, 0x00, 0x00, 0x00, 0x00, 0x00, 0x00, 0x00, 0x00, 0x00, 0x00, 0x00, 0x00,
  0x00, 0x00, 0x00, 0x00, 0x00, 0x00, 0x00, 0x00, 0x00, 0x00, 0x00, 0x00, 0x00, 0x00, 0x00, 0x00,
  0x00, 0x00, 0x00, 0x00, 0x00, 0x00, 0x00, 0x00, 0x00, 0x00, 0x00, 0x00, 0x00, 0x00, 0x00, 0x00,
  0x00, 0x00, 0x00, 0x00, 0x00, 0x00, 0x00, 0x00, 0x00, 0x00, 0x00, 0x00, 0x00, 0x00, 0x00, 0x00,
  0x00, 0x00, 0x00, 0x00, 0x00, 0x00, 0x00, 0x00, 0x00, 0x00, 0x00, 0x00, 0x00, 0x00, 0x00, 0x00,
  0x00, 0x00, 0x00, 0x00, 0x00, 0x00, 0x00, 0x00, 0x00, 0x00, 0x00, 0x00, 0x00, 0x00, 0x00, 0x00,
  0x00, 0x00, 0x00, 0x00, 0x00, 0x00, 0x00, 0x00, 0x00, 0x00, 0x00, 0x00, 0x00, 0x00, 0x00, 0x00,
  0x00, 0x00, 0x00, 0x00, 0x00, 0x00, 0x00, 0x00, 0x00, 0x00, 0x00, 0x00, 0x00, 0x00, 0x00, 0x00,
  0x00, 0x00, 0x00, 0x00, 0x00, 0x00, 0x00, 0x00, 0x00, 0x00, 0x00, 0x00, 0x00, 0x00, 0x00, 0x00,
  0x00, 0x00, 0x00, 0x00, 0x00, 0x00, 0x00, 0x00, 0x00, 0x00, 0x00, 0x00, 0x00, 0x00, 0x00, 0x00,
  0x00, 0x00, 0x00, 0x00, 0x00, 0x00, 0x00, 0x00, 0x00, 0x00, 0x00, 0x00, 0x00, 0x00, 0x00, 0x00,
  0x00, 0x00, 0x00, 0x00, 0x00, 0x00, 0x00, 0x00, 0x00, 0x00, 0x00, 0x00, 0x00, 0x00, 0x00, 0x00,
  0x00, 0x00, 0x00, 0x00, 0x00, 0x00, 0x00, 0x00, 0x00, 0x00, 0x00, 0x00, 0x00, 0x00, 0x00, 0x00,
  0x00, 0x00, 0x00, 0x00, 0x00, 0x00, 0x00, 0x00, 0x00, 0x00, 0x00, 0x00, 0x00, 0x00, 0x00, 0x00,
  0x00, 0x00, 0x00, 0x00, 0x00, 0x00, 0x00, 0x00, 0x00, 0x00, 0x00, 0x00, 0x00, 0x00, 0x00, 0x00,
  0x00, 0x00, 0x00, 0x00, 0x00, 0x00, 0x00, 0x00, 0x00, 0x00, 0x00, 0x00, 0x00, 0x00, 0x00, 0x00,
  0x00, 0x00, 0x00, 0x00, 0x00, 0x00, 0xa2, 0x38, 0xa2, 0x40, 0xc3, 0x38, 0xc7, 0x41, 0xe8, 0x41,
  0xc7, 0x41, 0xc7, 0x41, 0xc7, 0x41, 0xc7, 0x41, 0xc7, 0x41, 0xc7, 0x41, 0xc7, 0x41, 0xc7, 0x41,
  0x25, 0x39, 0x87, 0x49, 0xc7, 0x41, 0xe7, 0x39, 0xc7, 0x41, 0xe7, 0x39, 0xe7, 0x39, 0xe7, 0x39,
  0xe7, 0x39, 0xe7, 0x41, 0xe7, 0x41, 0xe7, 0x41, 0xe7, 0x41, 0xe7, 0x41, 0xe7, 0x41, 0xe7, 0x41,
  0xe7, 0x41, 0xe7, 0x41, 0xe7, 0x41, 0xc7, 0x41, 0xc7, 0x41, 0xc7, 0x39, 0xc7, 0x39, 0xc7, 0x39,
  0xc8, 0x41, 0xa7, 0x41, 0x04, 0x39, 0xe3, 0x38, 0xe7, 0x41, 0xe7, 0x41, 0xc7, 0x41, 0xc7, 0x41,
  0xe7, 0x41, 0xe7, 0x41, 0xe7, 0x41, 0xe7, 0x41, 0xe7, 0x41, 0xe7, 0x41, 0xe7, 0x41, 0xe7, 0x41,
  0xe7, 0x41, 0xe7, 0x41, 0xe7, 0x41, 0xe7, 0x41, 0xe7, 0x41, 0x07, 0x42, 0xe7, 0x41, 0x86, 0x39,
  0x46, 0x39, 0xc7, 0x49, 0xc7, 0x41, 0xe7, 0x41, 0xe7, 0x39, 0xe7, 0x39, 0xe7, 0x41, 0xe7, 0x41,
  0xe7, 0x39, 0xe7, 0x39, 0xe7, 0x39, 0xe7, 0x39, 0xe7, 0x39, 0xe7, 0x39, 0xe7, 0x41, 0xe7, 0x41,
  0xe7, 0x41, 0xe7, 0x41, 0xe7, 0x39, 0xe7, 0x39, 0xc7, 0x39, 0xc7, 0x41, 0xe7, 0x41, 0xc7, 0x41,
  0x24, 0x39, 0x24, 0x41, 0x41, 0x10, 0x00, 0x00, 0x00, 0x00, 0x00, 0x00, 0x00, 0x00, 0x00, 0x00,
  0x00, 0x00, 0x00, 0x00, 0x00, 0x00, 0x00, 0x00, 0x00, 0x00, 0x00, 0x00, 0x00, 0x00, 0x00, 0x00,
  0x00, 0x00, 0x00, 0x00, 0x00, 0x00, 0x00, 0x00, 0x00, 0x00, 0x00, 0x00, 0x00, 0x00, 0x00, 0x00,
  0x00, 0x00, 0x00, 0x00, 0x00, 0x00, 0x00, 0x00, 0x00, 0x00, 0x00, 0x00, 0x00, 0x00, 0x00, 0x00,
  0x00, 0x00, 0x00, 0x00, 0x00, 0x00, 0x00, 0x00, 0x00, 0x00, 0x00, 0x00, 0x00, 0x00, 0x00, 0x00,
  0x00, 0x00, 0x00, 0x00, 0x00, 0x00, 0x00, 0x00, 0x00, 0x00, 0x00, 0x00, 0x00, 0x00, 0x00, 0x00,
  0x00, 0x00, 0x00, 0x00, 0x00, 0x00, 0x00, 0x00, 0x00, 0x00, 0x00, 0x00, 0x00, 0x00, 0x00, 0x00,
  0x00, 0x00, 0x00, 0x00, 0x00, 0x00, 0x00, 0x00, 0x00, 0x00, 0x00, 0x00, 0x00, 0x00, 0x00, 0x00,
  0x00, 0x00, 0x00, 0x00, 0x00, 0x00, 0x00, 0x00, 0x00, 0x00, 0x00, 0x00, 0x00, 0x00, 0x00, 0x00,
  0x00, 0x00, 0x00, 0x00, 0x00, 0x00, 0x00, 0x00, 0x00, 0x00, 0x00, 0x00, 0x00, 0x00, 0x00, 0x00,
  0x00, 0x00, 0x00, 0x00, 0x00, 0x00, 0x00, 0x00, 0x00, 0x00, 0x00, 0x00, 0x00, 0x00, 0x00, 0x00,
  0x00, 0x00, 0x00, 0x00, 0x00, 0x00, 0x00, 0x00, 0x00, 0x00, 0x00, 0x00, 0x00, 0x00, 0x00, 0x00,
  0x00, 0x00, 0x00, 0x00, 0x00, 0x00, 0x00, 0x00, 0x00, 0x00, 0x00, 0x00, 0x00, 0x00, 0x00, 0x00,
  0x00, 0x00, 0x00, 0x00, 0x00, 0x00, 0x00, 0x00, 0x00, 0x00, 0x00, 0x00, 0x00, 0x00, 0x00, 0x00,
  0x00, 0x00, 0x00, 0x00, 0x00, 0x00, 0x00, 0x00, 0x00, 0x00, 0x00, 0x00, 0x00, 0x00, 0x00, 0x00,
  0x00, 0x00, 0x00, 0x00, 0x00, 0x00, 0x00, 0x00, 0x00, 0x00, 0x00, 0x00, 0x00, 0x00, 0x00, 0x00,
  0x00, 0x00, 0x00, 0x00, 0x00, 0x00, 0x00, 0x00, 0x00, 0x00, 0x00, 0x00, 0x00, 0x00, 0x00, 0x00,
  0x00, 0x00, 0x00, 0x00, 0x00, 0x00, 0x00, 0x00, 0x00, 0x00, 0x00, 0x00, 0x00, 0x00, 0x00, 0x00,
  0x00, 0x00, 0x00, 0x00, 0x00, 0x00, 0x00, 0x00, 0x00, 0x00, 0x00, 0x00, 0x00, 0x00, 0x00, 0x00,
  0x00, 0x00, 0x00, 0x00, 0x00, 0x00, 0x00, 0x00, 0x00, 0x00, 0x00, 0x00, 0x00, 0x00, 0x00, 0x00,
  0x00, 0x00, 0x00, 0x00, 0x00, 0x00, 0x00, 0x00, 0x00, 0x00, 0x00, 0x00, 0x00, 0x00, 0xa2, 0x40,
  0xc3, 0x40, 0xa3, 0x38, 0xa7, 0x41, 0xe8, 0x41, 0xc7, 0x41, 0xc7, 0x41, 0xc7, 0x41, 0xc7, 0x41,
  0xc7, 0x41, 0xc7, 0x41, 0xc7, 0x41, 0xc7, 0x41, 0x25, 0x39, 0x87, 0x49, 0xc7, 0x41, 0xe7, 0x39,
  0xc7, 0x41, 0xe7, 0x39, 0xe7, 0x39, 0xe7, 0x39, 0xe7, 0x39, 0xe7, 0x41, 0xe7, 0x41, 0xe7, 0x41,
  0xe7, 0x41, 0xe7, 0x41, 0xe7, 0x41, 0xe7, 0x41, 0xe7, 0x41, 0xe7, 0x41, 0xe7, 0x41, 0xc7, 0x41,
  0xc7, 0x41, 0xc7, 0x39, 0xc7, 0x39, 0xc7, 0x39, 0xc8, 0x41, 0xa7, 0x41, 0x24, 0x41, 0xe3, 0x38,
  0xc7, 0x41, 0xc7, 0x41, 0xc7, 0x41, 0xc7, 0x41, 0xe7, 0x41, 0xe7, 0x41, 0xe7, 0x41, 0xe7, 0x41,
  0xe7, 0x41, 0xe7, 0x41, 0xe7, 0x41, 0xe7, 0x41, 0xe7, 0x41, 0xe7, 0x41, 0xe7, 0x41, 0xe7, 0x41,
  0xe7, 0x41, 0x07, 0x42, 0xe7, 0x41, 0xa6, 0x39, 0x45, 0x39, 0xc7, 0x49, 0xc7, 0x41, 0x08, 0x42,
  0xe7, 0x39, 0xe7, 0x39, 0xe7, 0x41, 0xe7, 0x41, 0xe7, 0x39, 0xe7, 0x39, 0xe7, 0x39, 0xe7, 0x39,
  0xe7, 0x39, 0xe7, 0x39, 0xe7, 0x41, 0xe7, 0x41, 0xe7, 0x41, 0xe7, 0x41, 0xe7, 0x39, 0xe7, 0x39,
  0xe7, 0x39, 0xc7, 0x41, 0xe7, 0x41, 0xc7, 0x41, 0x24, 0x39, 0x04, 0x41, 0x82, 0x20, 0x00, 0x00,
  0x00, 0x00, 0x00, 0x00, 0x00, 0x00, 0x00, 0x00, 0x00, 0x00, 0x00, 0x00, 0x00, 0x00, 0x00, 0x00,
  0x00, 0x00, 0x00, 0x00, 0x00, 0x00, 0x00, 0x00, 0x00, 0x00, 0x00, 0x00, 0x00, 0x00, 0x00, 0x00,
  0x00, 0x00, 0x00, 0x00, 0x00, 0x00, 0x00, 0x00, 0x00, 0x00, 0x00, 0x00, 0x00, 0x00, 0x00, 0x00,
  0x00, 0x00, 0x00, 0x00, 0x00, 0x00, 0x00, 0x00, 0x00, 0x00, 0x00, 0x00, 0x00, 0x00, 0x00, 0x00,
  0x00, 0x00, 0x00, 0x00, 0x00, 0x00, 0x00, 0x00, 0x00, 0x00, 0x00, 0x00, 0x00, 0x00, 0x00, 0x00,
  0x00, 0x00, 0x00, 0x00, 0x00, 0x00, 0x00, 0x00, 0x00, 0x00, 0x00, 0x00, 0x00, 0x00, 0x00, 0x00,
  0x00, 0x00, 0x00, 0x00, 0x00, 0x00, 0x00, 0x00, 0x00, 0x00, 0x00, 0x00, 0x00, 0x00, 0x00, 0x00,
  0x00, 0x00, 0x00, 0x00, 0x00, 0x00, 0x00, 0x00, 0x00, 0x00, 0x00, 0x00, 0x00, 0x00, 0x00, 0x00,
  0x00, 0x00, 0x00, 0x00, 0x00, 0x00, 0x00, 0x00, 0x00, 0x00, 0x00, 0x00, 0x00, 0x00, 0x00, 0x00,
  0x00, 0x00, 0x00, 0x00, 0x00, 0x00, 0x00, 0x00, 0x00, 0x00, 0x00, 0x00, 0x00, 0x00, 0x00, 0x00,
};
